v 0.381037 0.670309 0.636786
v 0.0142717 -0.0322387 -0.999378
v 0.16559 0.983641 0.070931
v -0.964982 -0.0760659 0.251044
v -0.449172 -0.716683 -0.533489
v 0.462777 0.280245 0.841012
v 0.354022 0.0652754 0.932956
v 0.161463 -0.297624 0.94093
v 0.349194 -0.382446 0.855452
v 0.146609 -0.783689 0.603603
v 0.970845 0.233932 0.0523118
v 0.528403 -0.836014 -0.147885
v 0.75904 -0.64742 -0.0685896
v 0.236914 -0.855754 -0.459953
v 0.196463 -0.58718 -0.785253
v 0.753417 -0.47849 -0.45101
v 0.569274 0.80968 0.142635
v -0.714353 0.424183 0.556568
v -0.510055 0.734017 0.4484
v 0.0306272 0.948777 0.314458
v -0.171255 -0.810772 0.559751
v -0.560342 -0.424094 0.71145
v -0.305742 -0.451525 0.83824
v -0.132105 -0.326994 0.935747
v -0.698901 -0.687919 -0.195716
v -0.394022 -0.88395 -0.251751
v -0.401693 0.915032 0.0368812
v 0.882581 0.195833 0.427435
v 0.312122 0.726017 0.612763
v 0.58894 0.642408 0.490368
v 0.438378 0.44651 0.780035
v 0.295543 0.538727 0.788941
v 0.467386 0.106852 0.877572
v 0.118585 0.343129 0.931772
v 0.192446 0.326678 0.925336
v 0.0659481 0.171811 0.98292
v 0.806725 -0.100303 0.582352
v 0.863363 -0.217699 0.455205
v 0.0417902 0.107797 0.993294
v 0.247324 -0.247324 0.936836
v 0.726199 -0.513013 0.457661
v 0.703363 -0.407911 0.582142
v 0.564417 -0.0940824 0.820111
v 0.595548 -0.197701 0.778612
v 0.473919 -0.394382 0.787314
v 0.419759 -0.306499 0.854319
v 0.507391 -0.798523 0.323905
v 0.280695 -0.765798 0.578588
v 0.967514 0.189007 0.167908
v 0.954582 0.245905 0.168241
v 0.985303 -0.112538 0.128501
v 0.723958 -0.689824 0.00529054
v 0.664497 -0.741611 -0.091962
v 0.412655 -0.725432 -0.550877
v 0.361808 -0.923325 -0.128711
v 0.349266 -0.566863 -0.74611
v 0.0290384 -0.588561 -0.807931
v 0.564449 0.143558 -0.812889
v 0.513858 -0.1482 -0.844977
v 0.65911 -0.58334 -0.474646
v 0.359367 -0.280402 -0.890073
v 0.598881 -0.427964 -0.676896
v 0.45711 -0.498671 -0.736463
v 0.291215 -0.451485 -0.843419
v 0.26817 -0.00938891 -0.963326
v 0.00101427 -0.206409 -0.978465
v 0.103915 -0.0934851 -0.990183
v 0.944807 0.299128 0.133651
v 0.82035 0.365154 -0.440101
v 0.821335 0.549053 -0.154753
v 0.800682 0.551184 0.234742
v 0.714188 0.647732 0.265291
v 0.664969 0.411801 -0.623086
v 0.19009 0.406155 -0.893814
v 0.423123 0.612851 -0.667368
v 0.0617113 0.624385 -0.778675
v 0.569198 0.822097 -0.0130628
v 0.493255 0.869884 0.000933309
v 0.695909 0.488612 -0.526278
v 0.552456 0.762838 -0.335962
v 0.455022 0.738023 -0.498274
v 0.458759 0.874817 0.155675
v 0.122502 0.957431 -0.261379
v 0.327313 0.92262 0.204057
v 0.249165 0.961964 0.111991
v 0.213415 0.968355 0.129395
v -0.90005 0.368343 0.23288
v -0.462102 0.270533 0.844555
v -0.106759 0.344379 0.932741
v -0.416047 0.610268 0.67415
v -0.21157 0.561111 0.800246
v -0.0380761 0.605847 0.79467
v -0.0760884 0.789546 0.608956
v -0.0345935 0.867838 0.495641
v 0.0510491 0.909383 0.412815
v -0.95805 0.0371872 0.284179
v -0.84558 0.264282 0.463842
v -0.942354 -0.185859 0.278255
v -0.86193 -0.453683 0.226383
v -0.79117 -0.493211 0.361654
v -0.657993 0.189114 0.72889
v -0.420528 -0.897824 0.130647
v -0.282024 -0.727288 0.625711
v 0.0069662 -0.683742 0.72969
v -0.594274 -0.210734 0.776163
v -0.681801 -0.538835 0.494777
v -0.387522 -0.521753 0.76
v -0.0169365 -0.260787 0.965248
v -0.917615 0.18946 -0.34941
v -0.590624 0.155643 -0.791794
v -0.35815 0.182304 -0.915693
v -0.155699 -0.101802 -0.982545
v -0.649187 0.00992813 -0.760564
v -0.557289 -0.452696 -0.696057
v -0.321018 -0.628191 -0.708747
v -0.197378 -0.700583 -0.68573
v -0.199608 -0.979582 0.023999
v -0.0724669 -0.997371 -0.000686418
v -0.0551625 0.727086 -0.684326
v 0.00246575 0.340678 -0.940177
v 0.677502 0.613737 0.405362
v 0.704773 0.37811 0.600274
v 0.607223 0.227552 0.761249
v 0.610836 0.167582 0.773819
v 0.449755 0.80034 0.396454
v 0.371418 0.863134 0.342124
v 0.41249 0.769943 0.486868
v 0.37215 0.782516 0.499172
v 0.386688 0.746393 0.541637
v 0.243388 0.85107 0.465232
v 0.568338 0.532883 0.626919
v 0.52944 0.562998 0.634608
v 0.549906 0.659235 0.512848
v 0.554951 0.616213 0.558847
v 0.416668 0.649767 0.63576
v 0.389014 0.49478 0.777084
v 0.496379 0.459236 0.736689
v 0.372637 0.587466 0.718349
v 0.33582 0.504264 0.795577
v 0.29902 0.47637 0.826837
v 0.394216 0.125355 0.910429
v 0.395117 0.185972 0.899609
v 0.322854 0.35383 0.877821
v 0.327207 0.123819 0.936805
v 0.0856999 0.417917 0.904434
v 0.13611 0.200887 0.970113
v 0.104583 0.168198 0.98019
v 0.817863 0.0891295 0.568468
v 0.767518 0.049784 0.639092
v 0.711465 0.0490747 0.701005
v 0.7401 -0.0135176 0.672361
v 0.678817 -0.1459 0.719667
v 0.952095 -0.0367724 0.303585
v 0.937345 -0.10928 0.330822
v 0.949772 -0.158892 0.269604
v 0.94632 -0.226468 0.230631
v 0.719657 -0.242476 0.650615
v 0.888576 -0.299834 0.347179
v 0.811665 -0.366036 0.455212
v 0.331085 -0.0372763 0.942864
v 0.365793 -0.160338 0.916781
v 0.0567269 0.122842 0.990804
v 0.285904 -0.136972 0.948418
v 0.273131 -0.100473 0.956715
v 0.248793 -0.0542975 0.967034
v 0.252026 -0.200962 0.946624
v 0.0579704 -0.202506 0.977564
v 0.0562905 -0.248782 0.966923
v 0.748094 -0.464223 0.474187
v 0.794771 -0.462543 0.392929
v 0.668558 -0.366738 0.646942
v 0.683833 -0.515656 0.516208
v 0.541591 -0.536921 0.646835
v 0.428101 -0.588615 0.685756
v 0.60404 -0.131865 0.785969
v 0.490897 -0.065934 0.868719
v 0.452538 -0.0742962 0.888645
v 0.476959 -0.486311 0.732128
v 0.350118 -0.456141 0.81814
v 0.532231 -0.383708 0.754651
v 0.592153 -0.277723 0.756456
v 0.524307 -0.239813 0.817063
v 0.520899 -0.316313 0.792849
v 0.353354 -0.324545 0.877389
v 0.326301 -0.515741 0.792173
v 0.188897 -0.483597 0.854665
v 0.266437 -0.393448 0.879892
v 0.698587 -0.691436 0.184102
v 0.411834 -0.637139 0.651495
v 0.448713 -0.675909 0.58464
v 0.422222 -0.768142 0.481337
v 0.484212 -0.768501 0.418265
v 0.521172 -0.817109 0.2464
v 0.44549 -0.854377 0.267541
v 0.110687 -0.536119 0.836854
v 0.137909 -0.723208 0.676721
v 0.344203 -0.746942 0.56886
v 0.376153 -0.692691 0.615377
v 0.264003 -0.949233 0.171053
v 0.180667 -0.9774 0.109765
v 0.988957 0.13551 0.0600144
v 0.965054 0.236971 -0.111872
v 0.979691 -0.170544 0.10545
v 0.990299 -0.132223 0.0427253
v 0.974995 -0.203455 -0.0893927
v 0.982715 0.126495 -0.135166
v 0.825072 -0.0179577 -0.564742
v 0.77876 0.0753252 -0.622783
v 0.749082 -0.645589 0.148629
v 0.708605 -0.699894 0.0895908
v 0.402683 -0.908836 0.108918
v 0.551507 -0.68819 -0.471417
v 0.506887 -0.79818 -0.325537
v 0.416397 -0.805664 -0.42133
v 0.290909 -0.781493 -0.551943
v 0.420524 -0.900352 -0.11192
v 0.400359 -0.915642 -0.0362306
v 0.17684 -0.927421 -0.329572
v 0.111213 -0.945682 -0.305479
v 0.477041 -0.612253 -0.630538
v 0.144336 -0.815265 -0.560812
v 0.0430038 -0.696545 -0.716223
v 0.143277 -0.645861 -0.74989
v 0.167758 -0.722237 -0.670993
v 0.728824 0.042384 -0.683388
v 0.521773 0.0740985 -0.84986
v 0.719603 -0.184869 -0.669324
v 0.560315 -0.151173 -0.814367
v 0.471059 -0.0445261 -0.880977
v 0.434645 -0.168045 -0.884785
v 0.786125 -0.48436 -0.383931
v 0.72365 -0.614814 -0.313583
v 0.822951 -0.279907 -0.494372
v 0.765973 -0.366325 -0.528292
v 0.563425 -0.384643 -0.731165
v 0.596887 -0.336566 -0.728319
v 0.206148 -0.30912 -0.928411
v 0.275537 -0.543669 -0.792782
v 0.148565 -0.409122 -0.900304
v 0.158736 -0.491498 -0.85629
v 0.0866776 -0.447868 -0.889888
v 0.419592 0.0894777 -0.903292
v 0.496706 0.161459 -0.852769
v 0.486112 0.24525 -0.838778
v 0.43497 0.258474 -0.86255
v 0.215026 -0.0369204 -0.97591
v 0.395155 0.271584 -0.87755
v 0.392107 0.346774 -0.852056
v 0.0381784 -0.442065 -0.89617
v 0.0781669 -0.391802 -0.916723
v 0.0719886 -0.275433 -0.958621
v 0.137385 -0.177089 -0.974559
v 0.147273 0.0561743 -0.987499
v 0.0331858 0.241824 -0.969752
v 0.851472 0.422315 -0.31088
v 0.785131 0.551365 -0.282073
v 0.768709 0.619692 -0.15833
v 0.844536 0.53251 0.0565053
v 0.607209 0.385413 -0.694805
v 0.0984782 0.415959 -0.904035
v 0.365609 0.698893 -0.614718
v 0.191518 0.800713 -0.567608
v 0.161371 0.854195 -0.494277
v 0.531388 0.846407 0.0349551
v 0.651662 0.651378 -0.388644
v 0.490103 0.85018 -0.192336
v 0.529894 0.819765 -0.217251
v 0.605033 0.733664 -0.309309
v 0.417141 0.799129 -0.432881
v 0.587113 0.764905 0.264988
v 0.548623 0.789098 0.276294
v 0.493382 0.833263 0.249495
v 0.305606 0.948167 -0.0870871
v 0.249177 0.965043 -0.0812598
v 0.378683 0.899697 0.217127
v -0.598445 0.232296 0.766748
v -0.644988 0.429146 0.632317
v -0.6971 0.352582 0.62429
v -0.599525 0.392046 0.697761
v -0.719668 0.522986 0.456688
v -0.670353 0.501616 0.546817
v -0.743991 0.629602 0.223781
v -0.487374 0.232699 0.841616
v -0.261707 0.156519 0.952371
v 0.0178208 0.215385 0.976367
v 0.038589 0.233844 0.971508
v -0.0227247 0.379703 0.924829
v -0.380485 0.804809 0.455537
v -0.275644 0.813724 0.511736
v -0.225173 0.793247 0.565735
v -0.442706 0.493429 0.748692
v -0.463784 0.345394 0.815848
v -0.339687 0.437055 0.832824
v -0.308578 0.690931 0.653754
v -0.277175 0.634766 0.721281
v -0.237716 0.613321 0.753212
v -0.371257 0.644223 0.668689
v -0.223121 0.515189 0.827525
v -0.33906 0.888742 0.308507
v -0.346508 0.914044 0.210847
v -0.194854 0.866703 0.459193
v -0.292269 0.903366 0.31386
v -0.0802104 0.714915 0.694596
v -0.0665704 0.834423 0.547089
v -0.0299273 0.760383 0.648785
v -0.0967429 0.866436 0.489825
v 0.0158434 0.932438 0.360982
v -0.950156 0.244852 0.193006
v -0.940853 0.148561 0.30451
v -0.752681 -0.473271 0.457696
v -0.767783 0.120834 0.629213
v -0.767982 -0.566931 0.29798
v -0.581475 -0.786053 0.209781
v -0.661768 -0.655146 0.364482
v -0.607797 -0.667502 0.430144
v -0.358658 -0.861449 0.359542
v -0.368113 -0.810032 0.456444
v -0.456339 -0.626716 0.63165
v -0.0341387 -0.961965 0.271032
v 0.00913376 -0.9123 0.409421
v -0.271118 -0.768682 0.579329
v -0.138484 -0.92129 0.363382
v -0.320304 -0.580309 0.748763
v -0.155186 -0.726013 0.669942
v 0.00458601 -0.785958 0.618263
v -0.0268828 -0.524442 0.851022
v -0.638162 -0.080825 0.765648
v -0.360647 -0.0176943 0.932535
v -0.541509 -0.5041 0.672794
v -0.329422 -0.215494 0.919262
v -0.529381 -0.349151 0.773207
v -0.414968 -0.428894 0.802404
v -0.448386 -0.528024 0.721208
v -0.317752 -0.515421 0.795849
v -0.104425 -0.388212 0.915635
v -0.191295 -0.487471 0.851926
v -0.136193 -0.483872 0.864477
v -0.058633 -0.42802 0.901865
v -0.00628945 -0.399861 0.916554
v -0.216098 -0.0506818 0.975055
v -0.219249 0.124411 0.967704
v -0.177196 -0.251927 0.951386
v -0.226581 -0.182116 0.956815
v -0.144045 -0.265382 0.953322
v -0.0395565 -0.0155678 0.999096
v -0.0221054 0.100628 0.994679
v 0.0594998 0.0697098 0.995791
v 0.0248643 0.0928225 0.995372
v -0.760225 0.199605 -0.618236
v -0.794304 0.171934 -0.582684
v -0.916455 0.113665 -0.383655
v -0.993125 0.112296 -0.0330437
v -0.97795 0.055627 -0.201293
v -0.986627 -0.0898257 -0.136011
v -0.924678 -0.263585 -0.274762
v -0.936077 -0.333873 -0.110856
v -0.840194 -0.539325 0.056588
v -0.517711 0.260445 -0.81495
v -0.494869 0.109499 -0.862041
v -0.297611 0.236795 -0.924855
v -0.444143 0.037908 -0.895154
v -0.158239 0.264291 -0.951373
v -0.181043 0.0683914 -0.981094
v -0.134251 0.0102028 -0.990895
v -0.203903 -0.218931 -0.954197
v -0.793655 -0.608228 -0.0130294
v -0.852881 -0.298834 -0.428126
v -0.719024 -0.637317 -0.277185
v -0.704674 0.014781 -0.709377
v -0.636227 0.0653719 -0.768727
v -0.608296 0.030237 -0.793134
v -0.507495 -0.436752 -0.742763
v -0.417841 -0.272796 -0.866597
v -0.347296 -0.358377 -0.866575
v -0.258739 -0.613947 -0.745737
v -0.204439 -0.496325 -0.843721
v -0.737079 -0.674864 0.0356809
v -0.43751 -0.865002 -0.245676
v -0.403464 -0.913446 0.0532285
v -0.286906 -0.672274 -0.682446
v -0.377981 -0.74179 -0.553966
v -0.00301446 -0.554499 -0.832179
v 0.0666465 -0.759179 -0.647461
v -0.31841 -0.895394 -0.311263
v -0.379646 -0.777311 -0.501653
v -0.154314 -0.958483 -0.239785
v -0.287277 -0.919727 -0.267535
v -0.189465 -0.858752 -0.476075
v -0.0266207 -0.945241 -0.325287
v -0.114208 -0.991268 0.0659125
v -0.834143 0.517858 0.189814
v -0.72809 0.683442 0.0528448
v -0.588773 0.799624 0.118102
v -0.665751 0.745693 0.0267891
v -0.874691 0.36288 -0.321301
v -0.803382 0.357444 -0.476247
v -0.68813 0.368039 -0.62532
v -0.404829 0.900876 0.156642
v -0.244735 0.951543 0.1862
v -0.155534 0.985469 -0.0682685
v -0.151196 0.987264 0.049498
v -0.105995 0.986088 0.128047
v -0.170576 0.972377 -0.15933
v -0.0734537 0.992748 -0.0951647
v -0.700385 0.412858 -0.582245
v -0.553087 0.818914 -0.153214
v -0.403674 0.91465 -0.0215309
v -0.358013 0.920949 -0.153882
v -0.286332 0.929385 -0.232931
v -0.208648 0.786915 -0.580716
v -0.173593 0.886059 -0.429843
v -0.126372 0.82165 -0.555808
v -0.43149 0.60944 -0.66513
v -0.30679 0.500073 -0.809819
v -0.119369 0.667178 -0.735272
v -0.15114 0.334151 -0.930322
v -0.00985152 0.536498 -0.843844
v -0.120835 0.402509 -0.907406
v 0.899199 0.298071 0.320306
v 0.828572 0.360808 0.42812
v 0.914503 0.229918 0.3329
v 0.865789 0.277014 0.41674
v 0.815992 0.481154 0.320386
v 0.737583 0.596492 0.316494
v 0.724403 0.571835 0.385027
v 0.757029 0.526265 0.387238
v 0.688721 0.640109 0.340476
v 0.705351 0.597947 0.380709
v 0.647464 0.680949 0.342197
v 0.693587 0.56396 0.448204
v 0.702068 0.466205 0.538288
v 0.691617 0.504773 0.516595
v 0.777603 0.254143 0.575104
v 0.805889 0.296238 0.512627
v 0.760314 0.303129 0.574487
v 0.718082 0.324687 0.615578
v 0.873236 0.348469 0.340629
v 0.846169 0.415454 0.333761
v 0.735887 0.46693 0.490354
v 0.659012 0.410308 0.630358
v 0.732846 0.261583 0.628101
v 0.76025 0.209397 0.614957
v 0.624885 0.469644 0.623661
v 0.665694 0.2757 0.693427
v 0.706246 0.199525 0.679269
v 0.600962 0.285924 0.746386
v 0.611293 0.675472 0.412381
v 0.525326 0.719847 0.453711
v 0.530174 0.686988 0.496953
v 0.440197 0.826517 0.350851
v 0.360957 0.839214 0.40673
v 0.387774 0.804971 0.449057
v 0.500824 0.705883 0.500903
v 0.465896 0.701934 0.53873
v 0.430459 0.734619 0.524443
v 0.415409 0.696473 0.585116
v 0.295266 0.877557 0.377772
v 0.100491 0.925212 0.365903
v 0.176019 0.868688 0.463031
v 0.128333 0.836704 0.532407
v 0.105901 0.893529 0.436338
v 0.268546 0.76081 0.590805
v 0.344862 0.813905 0.467578
v 0.298432 0.82672 0.47694
v 0.319315 0.848756 0.421488
v 0.269887 0.805629 0.527374
v 0.327749 0.665795 0.670297
v 0.275412 0.709582 0.648569
v 0.134939 0.71074 0.690391
v 0.514679 0.283082 0.809302
v 0.616673 0.35254 0.703868
v 0.55646 0.318763 0.767296
v 0.602408 0.423993 0.676265
v 0.475764 0.396818 0.784974
v 0.444156 0.34427 0.827166
v 0.601797 0.519073 0.606962
v 0.581744 0.563306 0.586736
v 0.607953 0.722295 0.329671
v 0.56256 0.68519 0.462645
v 0.511214 0.663605 0.546158
v 0.463223 0.649564 0.602903
v 0.389298 0.424619 0.817402
v 0.501727 0.515801 0.694421
v 0.408474 0.563566 0.718013
v 0.451055 0.507395 0.734234
v 0.468899 0.560382 0.682719
v 0.384975 0.622504 0.681383
v 0.306937 0.417474 0.855281
v 0.345025 0.453252 0.821901
v 0.350615 0.557792 0.752288
v 0.302356 0.603408 0.737889
v 0.246759 0.501409 0.829276
v 0.23649 0.584727 0.775994
v 0.211851 0.633797 0.743922
v 0.523872 0.127614 0.842184
v 0.497722 0.164922 0.851512
v 0.446008 0.182776 0.876168
v 0.358361 0.169736 0.918024
v 0.413345 0.239225 0.878588
v 0.259515 0.163981 0.951715
v 0.271234 0.0976551 0.957547
v 0.204042 0.435254 0.876881
v 0.0884753 0.539486 0.837333
v 0.0968631 0.474905 0.87469
v 0.176712 0.177227 0.968175
v 0.125899 0.271879 0.95406
v 0.178714 0.237687 0.95476
v 0.143342 0.128501 0.981295
v 0.0904382 0.118864 0.988783
v 0.954768 0.14053 0.262047
v 0.918825 0.145896 0.366708
v 0.968894 0.047423 0.242891
v 0.753558 0.131159 0.644164
v 0.804763 -0.0075489 0.593548
v 0.66112 0.118196 0.740912
v 0.578523 0.111582 0.807998
v 0.760132 -0.0722984 0.645733
v 0.686398 -0.0165139 0.727039
v 0.628051 -0.0590741 0.775927
v 0.699487 -0.0831493 0.709791
v 0.899334 -0.00847146 0.437181
v 0.905941 0.0674931 0.41799
v 0.872481 0.123011 0.472911
v 0.883404 -0.0696311 0.46341
v 0.862675 0.037093 0.504396
v 0.960917 -0.0925022 0.260924
v 0.888856 -0.1727 0.424394
v 0.910974 -0.128138 0.392054
v 0.922259 -0.226406 0.313333
v 0.92207 -0.272187 0.275138
v 0.812456 -0.196215 0.549013
v 0.828166 -0.233409 0.509569
v 0.909293 -0.316486 0.270227
v 0.848645 -0.282537 0.447185
v 0.885531 -0.358018 0.296071
v 0.817247 -0.486304 0.30922
v 0.824153 -0.507914 0.250588
v 0.409549 0.0436649 0.911243
v 0.309969 0.0632397 0.948641
v 0.383707 -0.0156419 0.923322
v 0.389023 -0.0766484 0.918034
v 0.285445 -0.0527605 0.956942
v 0.374751 -0.12501 0.918659
v 0.327337 -0.118955 0.93739
v 0.113218 0.0537353 0.992116
v 0.255189 -0.150008 0.955184
v 0.0708935 -0.0463937 0.996404
v 0.221487 -0.173863 0.959539
v 0.180452 -0.181341 0.966723
v 0.170447 -0.245902 0.954191
v 0.0356601 -0.152589 0.987646
v 0.122235 -0.269258 0.955279
v 0.131068 -0.202651 0.97044
v 0.0870951 -0.160535 0.98318
v 0.131049 -0.379789 0.915744
v 0.0268014 -0.274763 0.961138
v 0.0994063 -0.351493 0.930898
v 0.0612175 -0.343489 0.937159
v 0.0420271 -0.388164 0.920632
v 0.782765 -0.537385 0.313841
v 0.769766 -0.423228 0.477847
v 0.654116 -0.584195 0.480467
v 0.727643 -0.351349 0.589143
v 0.713831 -0.480981 0.509021
v 0.573896 -0.587235 0.570788
v 0.558203 -0.481733 0.675531
v 0.515437 -0.500579 0.695517
v 0.588712 -0.550502 0.591917
v 0.491116 -0.605296 0.626436
v 0.576642 -0.0513134 0.815384
v 0.54476 -0.160446 0.8231
v 0.526896 0.0124427 0.849839
v 0.498245 -0.110488 0.859968
v 0.532432 -0.0487812 0.845066
v 0.484554 -0.028065 0.874311
v 0.421423 -0.141313 0.895787
v 0.477816 -0.18489 0.858782
v 0.386671 -0.220449 0.895482
v 0.365369 -0.554238 0.747881
v 0.430631 -0.513773 0.74202
v 0.526976 -0.452854 0.71918
v 0.3865 -0.499514 0.775309
v 0.435071 -0.422021 0.795369
v 0.398329 -0.451697 0.798313
v 0.603689 -0.347135 0.717675
v 0.562181 -0.331766 0.757551
v 0.38879 -0.359006 0.848503
v 0.454087 -0.246794 0.856095
v 0.403692 -0.251094 0.879764
v 0.374197 -0.278594 0.884512
v 0.368741 -0.245007 0.896661
v 0.33134 -0.591871 0.73478
v 0.348599 -0.417063 0.839367
v 0.245326 -0.474365 0.845454
v 0.317583 -0.211466 0.92435
v 0.284868 -0.230614 0.930412
v 0.27393 -0.281891 0.919511
v 0.311691 -0.418706 0.852956
v 0.227548 -0.429226 0.874064
v 0.124322 -0.443999 0.887361
v 0.795691 -0.555692 0.241004
v 0.777731 -0.596256 0.199029
v 0.651756 -0.630753 0.421147
v 0.573766 -0.618172 0.537267
v 0.473946 -0.719375 0.507814
v 0.607859 -0.688623 0.395356
v 0.413202 -0.809078 0.417919
v 0.636179 -0.741608 0.212822
v 0.451763 -0.817028 0.358295
v 0.402058 -0.843607 0.355916
v 0.3358 -0.6411 0.690094
v 0.0767083 -0.765307 0.639078
v 0.374136 -0.79985 0.469322
v 0.374061 -0.770209 0.516581
v 0.407536 -0.730702 0.547712
v 0.302371 -0.711259 0.634573
v 0.244831 -0.735652 0.631565
v 0.177617 -0.841667 0.50995
v 0.265359 -0.844138 0.465849
v 0.108438 -0.866303 0.487606
v 0.00990065 -0.859387 0.51123
v 0.235643 -0.915838 0.325136
v 0.165262 -0.9293 0.330289
v 0.0556137 -0.937955 0.342268
v 0.129676 -0.96714 0.218688
v 0.120218 -0.982861 0.139756
v 0.992553 0.0481867 0.111873
v 0.978943 0.17123 0.111133
v 0.985125 0.164595 -0.0493674
v 0.968875 -0.170345 0.17962
v 0.971657 -0.115319 0.206359
v 0.936796 -0.331376 0.112264
v 0.821432 -0.544673 0.169058
v 0.85498 -0.482551 0.190142
v 0.861538 -0.496153 0.107627
v 0.917986 -0.39439 0.0419287
v 0.985639 -0.165796 -0.0320549
v 0.962512 -0.237834 0.130402
v 0.96256 -0.269573 0.028435
v 0.943122 -0.33237 0.00718769
v 0.994317 -0.100707 -0.0345124
v 0.964044 -0.207693 -0.165777
v 0.94517 -0.258496 -0.199584
v 0.998092 -0.0434977 0.0438261
v 0.958052 -0.022449 -0.285715
v 0.944208 0.259703 -0.202548
v 0.932958 0.131627 -0.335056
v 0.913591 0.198508 -0.354889
v 0.945039 -0.0891369 -0.314573
v 0.919185 -0.186747 -0.346735
v 0.928096 -0.0150981 -0.372034
v 0.911033 0.0672822 -0.406807
v 0.875892 -0.00215933 -0.482503
v 0.81323 0.153347 -0.561375
v 0.748562 0.244736 -0.616246
v 0.6918 0.234265 -0.683032
v 0.668409 -0.731093 0.136867
v 0.439836 -0.88376 0.159725
v 0.66755 -0.739498 0.0867148
v 0.664905 -0.746853 0.0105641
v 0.620001 -0.772387 -0.137899
v 0.65754 -0.735975 -0.161188
v 0.704541 -0.695242 -0.14234
v 0.654291 -0.70358 -0.277271
v 0.569896 -0.800272 -0.186503
v 0.599894 -0.736185 -0.313302
v 0.607901 -0.653922 -0.45038
v 0.352053 -0.935908 0.0116418
v 0.109578 -0.990339 0.0849819
v 0.224863 -0.97437 0.00631089
v 0.131743 -0.991151 -0.0162286
v 0.550869 -0.761374 -0.341838
v 0.468471 -0.79644 -0.382386
v 0.23342 -0.807865 -0.541174
v 0.469897 -0.870123 -0.1486
v 0.457838 -0.886764 -0.0635057
v 0.390641 -0.883773 -0.257574
v 0.442945 -0.866643 -0.229629
v 0.408323 -0.894689 -0.181119
v 0.161758 -0.880282 -0.446024
v 0.0963255 -0.922424 -0.373973
v 0.359455 -0.697712 -0.619669
v 0.421109 -0.634371 -0.64826
v 0.357005 -0.626403 -0.692941
v 0.301472 -0.66008 -0.688047
v 0.254616 -0.623705 -0.739028
v 0.232637 -0.730681 -0.641861
v 0.125099 -0.576165 -0.807703
v 0.069783 -0.502536 -0.861735
v 0.0466698 -0.53482 -0.843676
v 0.591412 0.166272 -0.789041
v 0.541946 0.0881515 -0.835778
v 0.533236 0.122773 -0.837011
v 0.788257 -0.0548356 -0.612898
v 0.867323 -0.16659 -0.469041
v 0.832454 -0.219765 -0.508649
v 0.715792 -0.124404 -0.687143
v 0.841232 -0.0885755 -0.533369
v 0.515545 0.00858394 -0.85682
v 0.509781 -0.0761971 -0.856923
v 0.735933 -0.026694 -0.676528
v 0.623029 -0.0717986 -0.778897
v 0.561569 -0.105018 -0.820738
v 0.60544 -0.145053 -0.782561
v 0.454407 -0.0931918 -0.885906
v 0.575769 -0.186898 -0.795965
v 0.337794 -0.194743 -0.920853
v 0.923534 -0.263696 -0.278478
v 0.923835 -0.319865 -0.210273
v 0.853195 -0.323601 -0.409074
v 0.865126 -0.501264 0.0170847
v 0.896391 -0.442784 -0.0206141
v 0.866243 -0.494199 -0.0734115
v 0.823989 -0.563293 0.0611897
v 0.85736 -0.486347 -0.168525
v 0.829901 -0.545053 -0.119086
v 0.788698 -0.596872 -0.147306
v 0.762216 -0.571482 -0.304031
v 0.676031 -0.627546 -0.386224
v 0.562636 -0.24188 -0.790528
v 0.485887 -0.2944 -0.822947
v 0.417229 -0.341853 -0.842055
v 0.868536 -0.241839 -0.432619
v 0.807753 -0.338714 -0.482502
v 0.54918 -0.311657 -0.775417
v 0.606377 -0.286307 -0.741846
v 0.629897 -0.374981 -0.680161
v 0.733741 -0.432038 -0.524374
v 0.452111 -0.427735 -0.782712
v 0.498932 -0.463338 -0.732383
v 0.652772 -0.486479 -0.580712
v 0.520384 -0.516875 -0.679735
v 0.526427 -0.622239 -0.57939
v 0.290006 -0.266792 -0.919086
v 0.325061 -0.343513 -0.881098
v 0.242144 -0.270884 -0.931659
v 0.406141 -0.476987 -0.779444
v 0.349456 -0.500138 -0.792302
v 0.365759 -0.421287 -0.829902
v 0.197943 -0.466258 -0.862219
v 0.206115 -0.518646 -0.829773
v 0.163528 -0.448237 -0.87883
v 0.497471 0.120326 -0.859095
v 0.530529 0.231096 -0.815557
v 0.517985 0.190821 -0.833834
v 0.489747 0.203487 -0.847786
v 0.451038 0.218581 -0.865325
v 0.471153 0.286159 -0.834342
v 0.430372 0.301466 -0.850822
v 0.421906 -0.0285636 -0.906189
v 0.459267 0.057221 -0.886454
v 0.375673 0.0487694 -0.925468
v 0.340855 0.141411 -0.92942
v 0.329884 0.0891568 -0.939802
v 0.2707 0.0713799 -0.960014
v 0.339886 0.274218 -0.899601
v 0.247422 0.141306 -0.958548
v 0.238773 0.213705 -0.947269
v 0.215464 -0.144758 -0.965723
v 0.2067 -0.193617 -0.959055
v 0.208547 -0.163922 -0.964177
v 0.137537 -0.349088 -0.926942
v 0.110732 -0.390517 -0.913912
v 0.0248093 -0.470633 -0.88198
v 0.0512497 -0.379618 -0.923723
v 0.0331582 -0.299166 -0.953625
v 0.12712 -0.13305 -0.982923
v 0.0580953 -0.201587 -0.977746
v 0.0873689 -0.062353 -0.994223
v 0.0122325 -0.0860365 -0.996217
v 0.159279 0.261949 -0.951847
v 0.185169 0.15339 -0.970662
v 0.104908 0.15767 -0.981904
v 0.130501 -0.0747306 -0.988628
v -0.0228741 0.120066 -0.992502
v 0.910733 0.378158 0.16602
v 0.901556 0.431021 0.0376562
v 0.85936 0.250279 -0.445938
v 0.775301 0.282398 -0.564942
v 0.706847 0.275787 -0.651391
v 0.773538 0.325477 -0.543786
v 0.759391 0.363562 -0.539581
v 0.860861 0.460724 0.21599
v 0.877482 0.474594 -0.0691738
v 0.740088 0.660887 -0.124493
v 0.763723 0.643925 0.0456812
v 0.712766 0.698192 0.0670318
v 0.78815 0.603641 0.12015
v 0.708693 0.68131 0.183224
v 0.668385 0.715372 0.203726
v 0.641575 0.706454 0.298838
v 0.565645 0.318864 -0.760507
v 0.389648 0.401695 -0.828744
v 0.556623 0.449668 -0.698548
v 0.50542 0.538959 -0.67385
v 0.0414383 0.398331 -0.916305
v 0.122136 0.466156 -0.876232
v 0.315745 0.611139 -0.72582
v 0.385294 0.51208 -0.767673
v 0.265931 0.512795 -0.816286
v 0.172756 0.507132 -0.844377
v 0.454035 0.671391 -0.585736
v 0.292409 0.745651 -0.59875
v 0.2646 0.787519 -0.556597
v 0.673847 0.726499 0.134647
v 0.636937 0.761735 0.118625
v 0.660342 0.740954 -0.122211
v 0.641983 0.762028 -0.0846791
v 0.625566 0.777976 0.0584831
v 0.55389 0.82065 -0.140497
v 0.510516 0.854633 -0.0947449
v 0.518435 0.84268 -0.145314
v 0.713313 0.381234 -0.588086
v 0.755927 0.445001 -0.480154
v 0.669441 0.36319 -0.648029
v 0.702017 0.633051 -0.326219
v 0.681359 0.610101 -0.404384
v 0.778533 0.520602 -0.350515
v 0.742383 0.511156 -0.433113
v 0.590504 0.671019 -0.448373
v 0.520392 0.672562 -0.526168
v 0.581335 0.603978 -0.545216
v 0.475633 0.84412 -0.247459
v 0.531662 0.794639 -0.293059
v 0.486549 0.820548 -0.299951
v 0.642212 0.747244 -0.170853
v 0.628006 0.765746 -0.138715
v 0.61638 0.764083 -0.190403
v 0.469144 0.779598 -0.414886
v 0.445992 0.869855 -0.210817
v 0.412911 0.827146 -0.381227
v 0.380212 0.896913 -0.225801
v 0.305756 0.917997 -0.252576
v 0.452279 0.812696 -0.367382
v 0.359247 0.840166 -0.406278
v 0.347167 0.783729 -0.515019
v 0.339335 0.882322 -0.326128
v 0.420726 0.852566 -0.310034
v 0.305025 0.867974 -0.391894
v 0.223007 0.944082 -0.242852
v 0.146231 0.884588 -0.442855
v 0.197159 0.881649 -0.428747
v 0.527075 0.81317 0.246873
v 0.429394 0.903082 0.00796525
v 0.445117 0.892358 0.0746115
v 0.414019 0.852842 0.318197
v 0.422014 0.87231 0.246939
v 0.337887 0.922873 -0.184763
v 0.289585 0.94225 -0.168244
v 0.272165 0.954432 -0.122414
v 0.176226 0.976108 -0.127113
v 0.0628422 0.983772 -0.168058
v 0.222242 0.97321 0.0589192
v 0.318254 0.919753 0.229713
v 0.382906 0.911555 0.149837
v 0.353014 0.929511 0.106726
v 0.405404 0.912377 0.0567044
v 0.386387 0.922304 -0.00782725
v 0.289434 0.957117 -0.0124656
v 0.343674 0.92302 0.172982
v 0.274537 0.959396 0.0647142
v 0.239963 0.970751 -0.00772583
v 0.27416 0.907583 0.318009
v 0.226276 0.942855 0.244587
v 0.169816 0.969634 0.175987
v 0.164 0.946756 0.27705
v 0.10082 0.970945 0.217026
v 0.112036 0.944587 0.30855
v -0.860432 0.354856 0.365697
v -0.783474 0.223566 0.579817
v -0.769611 0.337752 0.54187
v -0.729602 0.279712 0.624053
v -0.596222 0.323621 0.734703
v -0.642016 0.35631 0.678865
v -0.53448 0.390336 0.749646
v -0.553213 0.505998 0.661757
v -0.707148 0.641661 0.297008
v -0.72292 0.582556 0.371504
v -0.818244 0.421411 0.391011
v -0.767425 0.43802 0.468186
v -0.719246 0.473171 0.508718
v -0.694477 0.689945 0.204148
v -0.642762 0.60414 0.471033
v -0.641782 0.704275 0.303501
v -0.654856 0.643836 0.395775
v -0.583597 0.754573 0.300058
v -0.503334 0.767797 0.396413
v -0.537513 0.80745 0.243112
v -0.489182 0.845147 0.21547
v -0.39513 0.295791 0.869701
v -0.349889 0.210024 0.912945
v -0.334682 0.365383 0.86861
v -0.221655 0.171133 0.959991
v -0.145484 0.143939 0.978834
v -0.203342 0.211088 0.956082
v -0.311491 0.287033 0.905862
v -0.189025 0.406492 0.893887
v 0.026512 0.148066 0.988622
v -0.0139711 0.175516 0.984377
v -0.0999998 0.419502 0.902229
v -0.190172 0.323294 0.926993
v -0.182018 0.25841 0.948733
v -0.10714 0.215465 0.970616
v -0.114877 0.16567 0.979468
v -0.0263139 0.238285 0.970839
v -0.127102 0.283865 0.950403
v -0.113594 0.504852 0.855699
v 0.0421096 0.472556 0.880294
v -0.434634 0.837548 0.33107
v -0.489904 0.648676 0.58242
v -0.439721 0.802086 0.404108
v -0.423029 0.771898 0.474573
v -0.439104 0.719929 0.537485
v -0.335312 0.789565 0.513958
v -0.289031 0.76319 0.577929
v -0.529929 0.568191 0.629551
v -0.398969 0.391466 0.829203
v -0.400383 0.521589 0.753418
v -0.458556 0.430698 0.777319
v -0.343026 0.509052 0.789429
v -0.233927 0.668446 0.706015
v -0.462753 0.609546 0.643672
v -0.284266 0.567772 0.772546
v -0.183347 0.627685 0.756568
v -0.166689 0.696861 0.697567
v -0.0949299 0.53425 0.839979
v -0.0685923 0.648354 0.758243
v -0.374203 0.848959 0.37315
v -0.257637 0.854821 0.450449
v -0.177036 0.827294 0.533145
v -0.311018 0.915999 0.253404
v -0.256533 0.904208 0.341466
v -0.296475 0.87758 0.37677
v -0.232453 0.889157 0.394164
v -0.221982 0.94188 0.252162
v -0.140551 0.891638 0.430381
v -0.162822 0.948363 0.272209
v -0.15009 0.930194 0.334982
v -0.153596 0.772733 0.615866
v 0.0181442 0.760334 0.649279
v -0.00931791 0.812135 0.583395
v 0.0759182 0.786736 0.612604
v -0.076988 0.907079 0.413861
v -0.0372524 0.934899 0.352954
v 0.0613603 0.93393 0.352151
v -0.906385 0.259747 0.333163
v -0.982796 0.0100725 0.184417
v -0.91308 0.0650508 0.402558
v -0.896733 -0.211687 0.388662
v -0.887134 -0.377523 0.265461
v -0.842229 -0.435851 0.317309
v -0.830808 -0.345122 0.436633
v -0.854924 -0.190388 0.482553
v -0.751778 -0.214195 0.623659
v -0.703319 -0.273752 0.656051
v -0.799288 0.0672614 0.597172
v -0.831154 0.0201636 0.555676
v -0.880718 -0.0209994 0.473175
v -0.748563 -0.00236713 0.66306
v -0.691613 -0.0806109 0.717756
v -0.678606 -0.0304614 0.733871
v -0.67847 0.0228426 0.734273
v -0.719075 0.200047 0.665517
v -0.605097 0.12829 0.785748
v -0.729802 -0.621532 0.284757
v -0.663775 -0.725913 0.180147
v -0.627656 -0.731813 0.265513
v -0.62266 -0.704292 0.340979
v -0.459138 -0.871583 0.171858
v -0.463606 -0.833875 0.299536
v -0.310959 -0.88712 0.341062
v -0.361498 -0.839129 0.406425
v -0.567268 -0.727086 0.386722
v -0.415699 -0.824977 0.382893
v -0.451661 -0.721357 0.525019
v -0.379576 -0.753265 0.537134
v -0.491713 -0.668005 0.558559
v -0.419822 -0.689737 0.589926
v -0.384928 -0.648007 0.657204
v -0.184111 -0.979254 0.0846385
v -0.20212 -0.946877 0.250142
v -0.125407 -0.973343 0.192031
v -0.0488804 -0.926119 0.374051
v -0.301572 -0.800052 0.518625
v -0.109508 -0.881182 0.45992
v -0.2156 -0.707801 0.672707
v -0.225811 -0.61347 0.756745
v -0.0558911 -0.773083 0.631838
v -0.0693861 -0.638497 0.76649
v -0.101726 -0.740566 0.664239
v -0.50202 0.0457414 0.863646
v -0.630998 -0.0110421 0.775706
v -0.589564 -0.141033 0.795314
v -0.51818 -0.138033 0.844059
v -0.493509 -0.229105 0.839023
v -0.433257 -0.0573187 0.899446
v -0.395147 -0.110462 0.911952
v -0.33237 -0.133751 0.933617
v -0.746642 -0.376874 0.548171
v -0.704429 -0.425757 0.5679
v -0.743061 -0.307392 0.594449
v -0.613137 -0.401902 0.680101
v -0.663548 -0.41459 0.622751
v -0.739645 -0.429337 0.518262
v -0.708016 -0.471134 0.526067
v -0.732609 -0.551579 0.398803
v -0.627737 -0.605114 0.489676
v -0.495979 -0.493174 0.714692
v -0.528018 -0.601996 0.598997
v -0.49206 -0.55654 0.669433
v -0.365896 -0.318368 0.874507
v -0.336367 -0.374749 0.863956
v -0.320445 -0.299168 0.898785
v -0.404673 -0.346922 0.8461
v -0.547332 -0.244845 0.800299
v -0.514613 -0.29585 0.804765
v -0.584173 -0.292165 0.75722
v -0.569268 -0.372569 0.732889
v -0.504733 -0.42237 0.752893
v -0.358041 -0.424727 0.831513
v -0.356726 -0.469601 0.807602
v -0.450624 -0.480131 0.752604
v -0.414802 -0.582568 0.698966
v -0.207721 -0.240749 0.948099
v -0.268083 -0.400403 0.876247
v -0.263806 -0.507265 0.82042
v -0.370075 -0.574555 0.730021
v -0.271593 -0.5539 0.78704
v -0.18831 -0.433353 0.881331
v -0.0870814 -0.556123 0.826525
v -0.101432 -0.443177 0.890677
v -0.0557913 -0.376867 0.924585
v -0.0705896 -0.485294 0.871497
v -0.0137989 -0.468653 0.883275
v 0.0527158 -0.451139 0.890895
v -0.436086 0.190425 0.879527
v -0.29644 0.120247 0.947451
v -0.362322 0.0331724 0.931463
v -0.265164 -0.0478519 0.963015
v -0.296855 0.0788568 0.951661
v -0.172305 0.101398 0.979811
v -0.180955 -0.213168 0.960112
v -0.159999 -0.234633 0.958826
v -0.140403 -0.205318 0.968572
v -0.0815521 -0.333212 0.939318
v -0.0286669 -0.330367 0.943417
v 0.0180953 -0.347787 0.937399
v 0.00660331 -0.306283 0.951918
v -0.0583779 -0.227564 0.972012
v -0.0648414 -0.281354 0.957411
v -0.0881023 -0.171594 0.98122
v -0.0226835 -0.178839 0.983617
v -0.105056 0.0877287 0.990589
v -0.163641 -0.104139 0.981008
v -0.188171 -0.0772541 0.979093
v 0.0187199 0.0398627 0.99903
v -0.960814 0.264354 -0.0833887
v -0.97685 0.191275 0.0958016
v -0.930411 0.320515 -0.17778
v -0.845382 0.271714 -0.459892
v -0.825188 0.219547 -0.520446
v -0.693278 0.284655 -0.66207
v -0.870909 0.103352 -0.480454
v -0.840092 0.158727 -0.518702
v -0.822356 0.106797 -0.558861
v -0.879137 -0.0633261 -0.472343
v -0.954245 0.248728 -0.165986
v -0.976333 0.163972 -0.141024
v -0.951526 0.134506 -0.276597
v -0.989655 -0.0126601 -0.142906
v -0.970887 -0.156404 0.18143
v -0.958239 -0.261229 0.116348
v -0.896993 -0.235833 -0.37388
v -0.95666 -0.208679 -0.203111
v -0.940718 -0.284051 -0.185377
v -0.941875 -0.332743 0.0464113
v -0.921335 -0.326061 0.211723
v -0.939354 -0.319071 0.125731
v -0.904256 -0.390288 0.173194
v -0.889566 -0.4567 0.00985466
v -0.631982 0.310775 -0.709942
v -0.572657 0.29784 -0.763777
v -0.602782 0.243988 -0.759687
v -0.590445 0.197993 -0.782415
v -0.565722 0.219057 -0.794967
v -0.504641 0.173118 -0.845794
v -0.543518 0.12182 -0.830511
v -0.568545 0.124214 -0.81322
v -0.518716 0.140154 -0.843381
v -0.514141 0.0805914 -0.853911
v -0.361665 0.288363 -0.886592
v -0.352874 0.235698 -0.905498
v -0.227684 0.416024 -0.880388
v -0.444414 0.152553 -0.882737
v -0.375607 0.0940761 -0.921992
v -0.439903 0.23199 -0.867563
v -0.418359 0.187796 -0.888655
v -0.401585 0.129546 -0.906613
v -0.285859 0.128855 -0.949569
v -0.464099 0.0161053 -0.885637
v -0.519609 0.0203374 -0.854162
v -0.43855 -0.0702787 -0.895955
v -0.490916 -0.0871533 -0.866837
v -0.267678 0.0344594 -0.962892
v -0.37558 0.0153634 -0.926662
v -0.0572494 0.223066 -0.973121
v -0.120901 0.219809 -0.968022
v -0.0926109 0.14085 -0.98569
v -0.0220158 0.173023 -0.984672
v -0.0447555 0.0784005 -0.995917
v -0.0289416 0.0156015 -0.999459
v -0.301077 -0.16024 -0.94004
v -0.265212 -0.0331259 -0.963621
v -0.033791 -0.0476399 -0.998293
v -0.159185 -0.281538 -0.946254
v -0.125069 -0.33139 -0.935168
v -0.0224606 -0.173849 -0.984516
v -0.05304 -0.204101 -0.977512
v -0.00920413 -0.329028 -0.944275
v -0.0560997 -0.360711 -0.930989
v -0.0606184 -0.31201 -0.948143
v -0.108431 -0.399318 -0.910378
v 0.00121673 -0.409511 -0.912305
v -0.737056 -0.670219 -0.0869127
v -0.887904 -0.311221 -0.338774
v -0.80906 -0.45891 -0.367184
v -0.855458 -0.476832 -0.202048
v -0.73931 -0.578249 -0.345035
v -0.629606 -0.620575 -0.467423
v -0.491851 -0.651832 -0.577233
v -0.819676 -0.0688092 -0.56868
v -0.771794 -0.00421925 -0.635858
v -0.789672 -0.142713 -0.5967
v -0.751524 -0.218232 -0.622564
v -0.658613 -0.172793 -0.732374
v -0.703545 0.129333 -0.698783
v -0.680078 0.0896603 -0.727636
v -0.678138 -0.107205 -0.727074
v -0.666419 -0.0662712 -0.742626
v -0.67593 -0.028147 -0.736428
v -0.641878 -0.0403206 -0.765746
v -0.534268 -0.16085 -0.82987
v -0.516264 -0.124096 -0.847391
v -0.501528 -0.182298 -0.845717
v -0.385554 -0.209322 -0.898628
v -0.441742 -0.630015 -0.638705
v -0.657877 -0.473765 -0.585444
v -0.720035 -0.43174 -0.543277
v -0.798868 -0.282028 -0.531291
v -0.726411 -0.305799 -0.615479
v -0.56725 -0.321798 -0.758072
v -0.683483 -0.385818 -0.619674
v -0.669434 -0.321638 -0.669633
v -0.612359 -0.429286 -0.663875
v -0.600118 -0.243963 -0.761801
v -0.355039 -0.290936 -0.888428
v -0.528147 -0.273927 -0.803757
v -0.471393 -0.23651 -0.849619
v -0.406031 -0.67666 -0.614223
v -0.347969 -0.660319 -0.665504
v -0.395623 -0.551429 -0.734444
v -0.345262 -0.506531 -0.790077
v -0.274083 -0.277772 -0.920718
v -0.292372 -0.327206 -0.898585
v -0.182303 -0.387071 -0.903848
v -0.157066 -0.444268 -0.882018
v -0.6108 -0.788389 0.0732517
v -0.631981 -0.747487 -0.204605
v -0.529683 -0.80859 -0.25616
v -0.421349 -0.766629 -0.484505
v -0.452989 -0.793561 -0.406278
v -0.47933 -0.839619 -0.255503
v -0.510654 -0.767473 -0.38758
v -0.598927 -0.795792 -0.0894546
v -0.49866 -0.866439 0.0249534
v -0.462554 -0.876578 -0.132872
v -0.431464 -0.901439 -0.0353015
v -0.351469 -0.930572 -0.102498
v -0.335776 -0.704636 -0.625094
v -0.308776 -0.750323 -0.584528
v -0.239528 -0.706683 -0.665752
v -0.244996 -0.750611 -0.613644
v -0.180152 -0.767987 -0.614607
v 0.0122936 -0.508658 -0.860881
v -0.1374 -0.744511 -0.653319
v -0.159994 -0.67799 -0.717448
v -0.105555 -0.711596 -0.694614
v -0.0511768 -0.673542 -0.737375
v -0.0230725 -0.729137 -0.683979
v -0.0869307 -0.829217 -0.552125
v -0.0437917 -0.849736 -0.525386
v -0.252041 -0.966968 0.0380474
v -0.262804 -0.954116 -0.143516
v -0.153503 -0.981414 -0.11517
v -0.305422 -0.827441 -0.471231
v -0.337625 -0.785387 -0.518822
v -0.210831 -0.809945 -0.547303
v -0.121786 -0.976792 -0.176197
v -0.249691 -0.944131 -0.215108
v -0.231864 -0.928939 -0.288638
v -0.176487 -0.895103 -0.409443
v -0.0822862 -0.863766 -0.497128
v -0.0760683 -0.949744 -0.303644
v 0.0443475 -0.956291 -0.289034
v 0.0186918 -0.92258 -0.385354
v -0.113435 -0.986946 -0.114326
v -0.0122651 -0.976401 -0.215617
v -0.00668157 -0.995602 0.0934425
v -0.0912593 -0.993528 -0.067634
v -0.0120294 -0.999807 0.0155625
v 0.0538769 -0.997475 0.0462805
v 0.0604841 -0.987966 0.142352
v -0.81397 0.578865 0.048664
v -0.861415 0.505588 0.0484215
v -0.929113 0.36525 -0.0577997
v -0.762546 0.633028 0.133416
v -0.767048 0.641073 0.0257339
v -0.680795 0.727885 -0.0818623
v -0.883762 0.465687 -0.0458319
v -0.786758 0.612846 -0.0736958
v -0.721899 0.678202 -0.137493
v -0.698018 0.681957 -0.218417
v -0.888499 0.425892 -0.170839
v -0.856063 0.314837 -0.40992
v -0.738521 0.526881 -0.420694
v -0.793887 0.458082 -0.399881
v -0.827802 0.490621 -0.272095
v -0.738574 0.363245 -0.567944
v -0.717455 0.322153 -0.617637
v -0.67683 0.329521 -0.658268
v -0.444159 0.873703 0.198407
v -0.386901 0.897669 0.210944
v -0.365878 0.915136 0.169292
v -0.378503 0.920148 0.100317
v -0.192115 0.960273 0.202406
v -0.193285 0.974362 0.115148
v -0.181034 0.980149 0.0808418
v -0.358618 0.933203 0.0229341
v -0.260909 0.963839 0.0542383
v -0.260636 0.957912 0.120305
v -0.220493 0.971058 0.0918051
v -0.21591 0.975635 0.0389811
v -0.297363 0.948402 -0.110039
v -0.00819064 0.952701 0.3038
v -0.0287138 0.972219 0.232304
v 0.0848958 0.940675 0.328517
v 0.0305764 0.979111 0.201016
v -0.200544 0.97959 -0.0136179
v -0.181735 0.982859 0.030986
v -0.143899 0.985014 0.0950823
v -0.11916 0.992714 0.0178682
v -0.0942538 0.995086 -0.0303459
v -0.161697 0.97589 0.146605
v -0.115422 0.974052 0.194682
v -0.0735116 0.979848 0.185728
v -0.0618683 0.997696 0.0278262
v -0.121467 0.989944 0.0725048
v -0.089015 0.993248 0.0743969
v 0.037786 0.998794 0.0313432
v -0.235434 0.951886 -0.196172
v -0.129042 0.983518 -0.126651
v -0.0624959 0.981809 -0.179289
v -0.17371 0.952464 -0.250276
v -0.117032 0.977033 -0.178072
v -0.00802325 0.996943 -0.0777141
v 0.0994712 0.994601 -0.0295812
v -0.019429 0.974012 -0.22566
v 0.0333917 0.956914 -0.288447
v 0.00347852 0.922332 -0.386383
v -0.638736 0.41676 -0.646782
v -0.641557 0.557988 -0.526359
v -0.721711 0.587608 -0.365855
v -0.696854 0.637979 -0.327683
v -0.663086 0.6309 -0.402842
v -0.69073 0.667286 -0.278605
v -0.640335 0.688308 -0.340886
v -0.580204 0.576558 -0.575277
v -0.596242 0.612871 -0.518541
v -0.531716 0.637259 -0.557835
v -0.503884 0.700271 -0.505689
v -0.457573 0.682872 -0.569484
v -0.586716 0.796544 -0.145886
v -0.568092 0.788653 -0.235154
v -0.503765 0.849913 -0.154496
v -0.49022 0.832488 -0.258162
v -0.517922 0.854403 0.0418667
v -0.487094 0.872784 -0.0314238
v -0.455313 0.877653 -0.149714
v -0.541953 0.83701 -0.0754983
v -0.476198 0.874309 -0.0939071
v -0.446703 0.89349 -0.046186
v -0.459329 0.860118 -0.221844
v -0.415989 0.903815 -0.100353
v -0.416853 0.892641 -0.171538
v -0.391306 0.892381 -0.224802
v -0.295052 0.938856 -0.177463
v -0.375455 0.718101 -0.585973
v -0.499535 0.75434 -0.425953
v -0.437024 0.741115 -0.509665
v -0.326051 0.816546 -0.476386
v -0.291651 0.845206 -0.447846
v -0.570612 0.738364 -0.359474
v -0.528186 0.818626 -0.225548
v -0.465951 0.837476 -0.285522
v -0.504764 0.81192 -0.293258
v -0.331071 0.852807 -0.403872
v -0.458721 0.815972 -0.351803
v -0.412466 0.862001 -0.294662
v -0.360826 0.891896 -0.272628
v -0.107072 0.76581 -0.634091
v -0.258477 0.873723 -0.412066
v -0.213463 0.914519 -0.343641
v -0.17291 0.841427 -0.51196
v -0.248947 0.835548 -0.48978
v -0.130775 0.932951 -0.335411
v -0.103817 0.866362 -0.488507
v -0.0807567 0.910217 -0.406181
v -0.0300008 0.886068 -0.462584
v -0.606996 0.374146 -0.701121
v -0.405658 0.537111 -0.739563
v -0.286069 0.724145 -0.627518
v -0.270286 0.683297 -0.67827
v -0.242168 0.644307 -0.725412
v 0.0351046 0.828948 -0.558223
v -0.0336588 0.621583 -0.782625
v -0.301864 0.579495 -0.75701
v -0.343268 0.647658 -0.680225
v -0.203333 0.557052 -0.805201
v -0.116083 0.488094 -0.865037
v -0.0323651 0.426363 -0.903973
v 0.881315 0.39031 0.266351
v 0.901029 0.341713 0.26717
v 0.822332 0.198306 0.533334
v 0.794809 0.440107 0.417832
v 0.720636 0.516156 0.46289
v 0.654169 0.646246 0.392975
v 0.641273 0.617053 0.456085
v 0.646311 0.573904 0.502909
v 0.661276 0.540801 0.519854
v 0.646913 0.508806 0.567996
v 0.67279 0.465115 0.575345
v 0.760682 0.376567 0.528734
v 0.707161 0.427921 0.562857
v 0.673833 0.348698 0.651428
v 0.651107 0.19786 0.732742
v 0.553932 0.182862 0.812232
v 0.519341 0.758947 0.39279
v 0.483715 0.786047 0.384902
v 0.565215 0.722036 0.398993
v 0.407782 0.826891 0.387252
v 0.469397 0.754122 0.45931
v 0.425833 0.792009 0.43748
v 0.331427 0.870473 0.363913
v 0.20928 0.889169 0.406915
v 0.253778 0.88513 0.390053
v 0.15536 0.915072 0.372165
v 0.359059 0.714495 0.600478
v 0.28241 0.858671 0.427702
v 0.208589 0.807857 0.551233
v 0.327359 0.774097 0.541858
v 0.0451352 0.863284 0.502696
v 0.252571 0.658893 0.708567
v 0.153111 0.777364 0.610133
v 0.056111 0.717991 0.693787
v 0.21359 0.730898 0.648203
v 0.195494 0.67181 0.71446
v 0.082411 0.648114 0.757072
v 0.555724 0.254107 0.791581
v 0.498263 0.225726 0.837127
v 0.454294 0.231465 0.860256
v 0.545745 0.3976 0.737615
v 0.500455 0.337116 0.797432
v 0.412322 0.299938 0.860249
v 0.386186 0.357056 0.850512
v 0.426594 0.393754 0.814233
v 0.349825 0.401091 0.84661
v 0.624774 0.550513 0.553708
v 0.607245 0.594716 0.526845
v 0.481792 0.600344 0.638329
v 0.508553 0.619055 0.598451
v 0.560428 0.486498 0.670254
v 0.437753 0.608297 0.662079
v 0.263584 0.441754 0.857541
v 0.34774 0.607583 0.714087
v 0.179309 0.526162 0.831265
v 0.162082 0.618984 0.768498
v 0.355996 0.279505 0.891709
v 0.275564 0.288044 0.917112
v 0.366434 0.214716 0.905331
v 0.311736 0.200867 0.928694
v 0.291538 0.145952 0.945359
v 0.257276 0.220187 0.940918
v 0.209595 0.124741 0.969799
v 0.261246 0.377775 0.888277
v 0.0785459 0.476206 0.875819
v 0.147125 0.398279 0.905388
v 0.133904 0.466164 0.874506
v 0.0407584 0.298435 0.953559
v 0.217399 0.196008 0.9562
v 0.224047 0.25354 0.941021
v 0.0880217 0.222634 0.97092
v 0.0548155 0.224777 0.972867
v 0.0407421 0.198426 0.979269
v 0.945339 0.213664 0.246336
v 0.935026 0.18318 0.303599
v 0.939359 0.07575 0.334464
v 0.925003 0.0290247 0.37885
v 0.944655 0.0210006 0.327392
v 0.981394 -0.0434812 0.187017
v 0.607391 0.0606036 0.792088
v 0.647758 0.0249819 0.761437
v 0.583938 -0.00168599 0.811796
v 0.929058 -0.0125277 0.369721
v 0.916553 -0.0691632 0.393888
v 0.854373 -0.0428854 0.517887
v 0.852928 -0.108665 0.510594
v 0.824298 -0.148172 0.546423
v 0.79221 -0.164802 0.587574
v 0.919001 -0.170727 0.355371
v 0.885938 -0.119849 0.448051
v 0.85264 -0.171107 0.493687
v 0.739614 -0.156031 0.654695
v 0.799359 -0.23668 0.552275
v 0.772319 -0.222778 0.594889
v 0.749228 -0.26584 0.606619
v 0.782453 -0.294742 0.548539
v 0.890974 -0.228614 0.392303
v 0.906853 -0.360279 0.218671
v 0.85201 -0.331431 0.405256
v 0.852007 -0.376557 0.363715
v 0.858489 -0.434338 0.272666
v 0.43206 -0.020441 0.901613
v 0.226217 0.0540706 0.972575
v 0.27527 0.00935459 0.961322
v 0.359977 0.0151939 0.932838
v 0.325304 0.0226141 0.945339
v 0.303033 -0.0780923 0.949775
v 0.330795 -0.17579 0.927185
v 0.172975 0.0566929 0.983293
v 0.292916 -0.175519 0.93989
v 0.209257 -0.10866 0.971805
v 0.203907 -0.0157231 0.978864
v 0.152691 -0.0609907 0.98639
v 0.142454 -0.00310227 0.989797
v 0.138446 -0.127579 0.982118
v 0.214063 -0.224754 0.950612
v 0.215491 -0.294844 0.93093
v 0.0893962 -0.226405 0.969922
v 0.0833853 -0.270424 0.959123
v 0.129426 -0.32665 0.936242
v 0.0587674 -0.294209 0.953933
v 0.0921189 -0.309938 0.946284
v 0.746559 -0.540325 0.388199
v 0.698738 -0.57215 0.429429
v 0.684523 -0.547488 0.481337
v 0.756118 -0.38121 0.531945
v 0.663206 -0.292392 0.688959
v 0.720086 -0.302925 0.62427
v 0.652007 -0.433043 0.622383
v 0.655947 -0.550714 0.516186
v 0.63944 -0.526976 0.559833
v 0.729327 -0.438747 0.52496
v 0.677425 -0.471578 0.564544
v 0.609139 -0.49062 0.62309
v 0.594856 -0.423777 0.683052
v 0.54799 -0.578466 0.604222
v 0.472056 -0.541836 0.695397
v 0.663185 -0.211282 0.718015
v 0.649989 -0.116473 0.750965
v 0.638432 -0.160952 0.752662
v 0.563657 0.0509176 0.824438
v 0.52252 0.0731661 0.849482
v 0.473937 0.0309484 0.880015
v 0.421756 -0.206004 0.882997
v 0.389214 -0.188092 0.901739
v 0.39088 -0.580312 0.714458
v 0.414355 -0.552076 0.723548
v 0.480217 -0.435443 0.761434
v 0.434659 -0.468801 0.768958
v 0.436983 -0.369022 0.820286
v 0.386681 -0.408905 0.826604
v 0.486131 -0.358902 0.796785
v 0.467838 -0.328357 0.820554
v 0.477173 -0.288215 0.830204
v 0.328926 -0.262687 0.907085
v 0.354875 -0.20961 0.911113
v 0.398753 -0.530199 0.748255
v 0.311343 -0.561943 0.766346
v 0.292104 -0.475062 0.830055
v 0.268163 -0.438831 0.857622
v 0.308069 -0.362528 0.879583
v 0.305134 -0.314463 0.898892
v 0.264568 -0.336967 0.90358
v 0.177281 -0.410043 0.894671
v 0.220371 -0.369625 0.90267
v 0.172234 -0.347332 0.921789
v 0.0849827 -0.393942 0.915198
v 0.733743 -0.637045 0.236208
v 0.717799 -0.609282 0.336956
v 0.763469 -0.588205 0.266702
v 0.657708 -0.667026 0.349996
v 0.680237 -0.679875 0.27395
v 0.621004 -0.718099 0.314147
v 0.614965 -0.577852 0.536568
v 0.612017 -0.621366 0.489224
v 0.54247 -0.609737 0.577881
v 0.385681 -0.609119 0.692982
v 0.547671 -0.70098 0.456819
v 0.523021 -0.656562 0.543484
v 0.558829 -0.744064 0.366168
v 0.599282 -0.659693 0.453505
v 0.571976 -0.652152 0.497535
v 0.571322 -0.772694 0.276649
v 0.570109 -0.799913 0.18739
v 0.355656 -0.880628 0.313055
v 0.361704 -0.595769 0.717098
v 0.282626 -0.60295 0.746038
v 0.25107 -0.540456 0.803039
v 0.236911 -0.602747 0.761951
v 0.226762 -0.670272 0.706622
v 0.195031 -0.74075 0.642847
v 0.184299 -0.539369 0.821654
v 0.107881 -0.648472 0.753556
v 0.186793 -0.592007 0.783987
v 0.0713237 -0.713832 0.696675
v 0.0720036 -0.831284 0.551165
v 0.0259006 -0.738957 0.673254
v 0.286941 -0.888268 0.358672
v 0.278294 -0.867332 0.41266
v 0.216807 -0.781473 0.585059
v 0.220877 -0.886804 0.405946
v 0.33819 -0.844782 0.414693
v 0.31944 -0.799625 0.508486
v 0.252602 -0.808528 0.531484
v 0.36357 -0.910098 0.198842
v 0.287825 -0.918432 0.271366
v 0.21406 -0.943696 0.252223
v 0.197529 -0.961911 0.188968
v 0.0521123 -0.887936 0.457005
v 0.130637 -0.895881 0.424655
v 0.979361 0.122836 0.160513
v 0.894282 -0.423581 0.144357
v 0.889798 -0.452553 0.0587741
v 0.978843 -0.200344 0.041585
v 0.973912 -0.225072 -0.0289606
v 0.933845 -0.29133 0.207512
v 0.983191 -0.132623 -0.125484
v 0.953581 -0.285657 -0.0953027
v 0.95997 -0.150059 -0.236516
v 0.945432 -0.213584 -0.246049
v 0.997351 0.0659846 -0.0306084
v 0.974716 0.181097 -0.130894
v 0.988249 0.0547596 -0.142708
v 0.969005 0.0947315 -0.228157
v 0.994218 -0.0300773 -0.103084
v 0.976625 0.0128207 -0.214566
v 0.974374 -0.0684994 -0.21425
v 0.954938 0.191766 -0.226535
v 0.907423 0.292428 -0.301778
v 0.950145 0.0454622 -0.308476
v 0.901704 -0.0916088 -0.422537
v 0.826626 0.0433847 -0.561077
v 0.782462 0.0106273 -0.622608
v 0.888139 0.153978 -0.433013
v 0.912559 0.162507 -0.375271
v 0.864065 0.0852536 -0.496108
v 0.804066 0.243446 -0.542412
v 0.834984 0.189642 -0.516563
v 0.84541 0.138491 -0.515851
v 0.819043 0.106068 -0.563842
v 0.776717 0.13662 -0.614854
v 0.7857 0.192085 -0.58803
v 0.726503 0.179075 -0.66342
v 0.790696 -0.598979 0.126589
v 0.768722 -0.637588 0.0504844
v 0.503005 -0.847393 0.170034
v 0.552424 -0.826989 0.10448
v 0.578902 -0.815376 0.00586785
v 0.622507 -0.780101 -0.0626749
v 0.474831 -0.878777 0.0478115
v 0.516308 -0.853706 -0.0679049
v 0.705623 -0.706263 -0.0573515
v 0.622686 -0.775099 0.107163
v 0.574556 -0.812361 -0.0997741
v 0.747481 -0.642938 -0.167041
v 0.670785 -0.711605 -0.208965
v 0.560457 -0.782295 -0.27185
v 0.620974 -0.751372 -0.22323
v 0.680932 -0.660769 -0.315777
v 0.63334 -0.685779 -0.358591
v 0.568766 -0.718804 -0.399784
v 0.55786 -0.651642 -0.513961
v 0.334667 -0.938034 0.0899443
v 0.260903 -0.962179 0.0783646
v 0.296371 -0.954998 0.0119394
v 0.269813 -0.960884 -0.0624779
v 0.204886 -0.975121 -0.0846156
v 0.149503 -0.980926 -0.12423
v 0.085406 -0.988668 -0.123454
v 0.127356 -0.966234 -0.22399
v 0.505961 -0.683001 -0.526795
v 0.51226 -0.726369 -0.458232
v 0.455052 -0.696067 -0.555354
v 0.504119 -0.831248 -0.234288
v 0.436081 -0.840321 -0.322017
v 0.354057 -0.771176 -0.529085
v 0.462118 -0.728652 -0.505483
v 0.465671 -0.76607 -0.443044
v 0.416724 -0.766443 -0.488781
v 0.513162 -0.762968 -0.393122
v 0.385396 -0.79233 -0.472952
v 0.382282 -0.841015 -0.382824
v 0.339296 -0.856966 -0.387928
v 0.353546 -0.822082 -0.446303
v 0.294996 -0.817775 -0.494187
v 0.39394 -0.918045 0.0447806
v 0.304147 -0.945591 -0.115551
v 0.33151 -0.941945 -0.0533048
v 0.297306 -0.855307 -0.424333
v 0.257927 -0.880219 -0.398357
v 0.363337 -0.871362 -0.32972
v 0.241142 -0.90426 -0.352371
v 0.298385 -0.887886 -0.350178
v 0.328973 -0.904791 -0.270426
v 0.358876 -0.910184 -0.206815
v 0.241902 -0.948308 -0.205414
v 0.301606 -0.933724 -0.192854
v 0.253598 -0.957274 -0.138978
v 0.215151 -0.891464 -0.398751
v 0.25629 -0.925498 -0.278872
v 0.196567 -0.965544 -0.170548
v 0.200096 -0.94926 -0.242627
v 0.468947 -0.656317 -0.591047
v 0.423895 -0.682939 -0.594902
v 0.397923 -0.586429 -0.70552
v 0.310267 -0.745903 -0.589375
v 0.260315 -0.759166 -0.596576
v 0.284652 -0.714324 -0.639308
v 0.240901 -0.68532 -0.687244
v 0.308102 -0.604895 -0.734285
v 0.194335 -0.841444 -0.504187
v 0.201169 -0.653861 -0.729381
v 0.208136 -0.768661 -0.604847
v 0.098072 -0.692862 -0.71437
v 0.164377 -0.539331 -0.825895
v 0.133071 -0.524727 -0.840805
v 0.0671586 -0.633443 -0.770869
v 0.0180471 -0.623725 -0.781436
v 0.0730769 -0.571584 -0.817283
v 0.0943809 -0.526104 -0.845167
v 0.120243 -0.493865 -0.861185
v 0.0475385 -0.493113 -0.868666
v 0.0676116 -0.483352 -0.872811
v 0.638463 0.233239 -0.733461
v 0.67741 0.13957 -0.722244
v 0.66402 0.190509 -0.723038
v 0.631354 0.157182 -0.759399
v 0.615794 0.195573 -0.763249
v 0.728152 0.109344 -0.676638
v 0.638983 0.11853 -0.760033
v 0.601555 0.129795 -0.788216
v 0.614858 0.0846953 -0.784076
v 0.671396 0.079048 -0.736871
v 0.639437 0.0517753 -0.767098
v 0.570864 0.106343 -0.814128
v 0.572472 0.0674095 -0.817149
v 0.60887 0.0377756 -0.79237
v 0.559223 0.0254616 -0.828626
v 0.541963 0.0606903 -0.838208
v 0.51987 0.0475521 -0.852921
v 0.49066 0.0390161 -0.870477
v 0.745986 -0.0891781 -0.659964
v 0.815017 -0.167591 -0.554672
v 0.786633 -0.11794 -0.606051
v 0.770564 -0.169831 -0.61432
v 0.74837 -0.137218 -0.648933
v 0.638924 -0.217129 -0.737991
v 0.468951 0.00466594 -0.883212
v 0.503235 -0.0288421 -0.863668
v 0.602233 -0.0080877 -0.798279
v 0.554038 -0.0365866 -0.831687
v 0.664827 0.0039573 -0.746987
v 0.693778 -0.0741519 -0.716361
v 0.667758 -0.136559 -0.731745
v 0.546515 -0.170225 -0.819967
v 0.539268 -0.194497 -0.819366
v 0.266584 -0.102981 -0.958294
v 0.894673 -0.269805 -0.356041
v 0.919882 -0.365476 -0.142286
v 0.892821 -0.329884 -0.306671
v 0.85598 -0.386161 -0.343769
v 0.802531 -0.409697 -0.433695
v 0.924878 -0.376406 -0.0540238
v 0.89508 -0.430608 -0.115793
v 0.834429 -0.550083 -0.0337078
v 0.804602 -0.5889 -0.0762377
v 0.800649 -0.598992 -0.0130396
v 0.830326 -0.451199 -0.327075
v 0.838174 -0.484206 -0.251015
v 0.795312 -0.52285 -0.306768
v 0.881921 -0.40895 -0.234469
v 0.811093 -0.544263 -0.214257
v 0.784241 -0.560645 -0.265788
v 0.73543 -0.551614 -0.393529
v 0.763374 -0.60111 -0.236489
v 0.708971 -0.663781 -0.238232
v 0.423409 -0.25156 -0.870312
v 0.498536 -0.224432 -0.837312
v 0.52389 -0.26833 -0.808417
v 0.702445 -0.264039 -0.660949
v 0.776121 -0.24071 -0.582834
v 0.734794 -0.321474 -0.597271
v 0.783296 -0.31006 -0.538804
v 0.497946 -0.364211 -0.78702
v 0.549538 -0.451235 -0.703132
v 0.652541 -0.284494 -0.70232
v 0.633099 -0.322798 -0.703554
v 0.68019 -0.382239 -0.625488
v 0.677873 -0.329763 -0.657073
v 0.703511 -0.353518 -0.61652
v 0.649908 -0.434628 -0.623473
v 0.694846 -0.417506 -0.585557
v 0.71996 -0.379497 -0.581068
v 0.686436 -0.456178 -0.56631
v 0.512876 -0.41883 -0.74936
v 0.596769 -0.489859 -0.635535
v 0.69572 -0.50621 -0.509631
v 0.628873 -0.5402 -0.559198
v 0.509583 -0.576723 -0.638525
v 0.592549 -0.603935 -0.533055
v 0.564036 -0.560058 -0.606793
v 0.26513 -0.313512 -0.91182
v 0.261103 -0.376471 -0.888873
v 0.195493 -0.383849 -0.902465
v 0.456317 -0.567018 -0.685759
v 0.403391 -0.533603 -0.743333
v 0.18732 -0.427182 -0.884549
v 0.229334 -0.431314 -0.872568
v 0.310995 -0.398211 -0.862966
v 0.240478 -0.482315 -0.842343
v 0.11952 -0.41606 -0.901448
v 0.122905 -0.450518 -0.884267
v 0.0893345 -0.480529 -0.872417
v 0.0603103 -0.463414 -0.884087
v 0.661598 0.277096 -0.696782
v 0.602962 0.271078 -0.750302
v 0.56132 0.172949 -0.809326
v 0.577666 0.196391 -0.792296
v 0.546158 0.195551 -0.814537
v 0.562167 0.219071 -0.797481
v 0.593711 0.226954 -0.77201
v 0.568294 0.24384 -0.785865
v 0.556672 0.269195 -0.785907
v 0.51659 0.0965861 -0.850768
v 0.513286 0.141671 -0.846444
v 0.494801 0.0769344 -0.865594
v 0.462626 0.103234 -0.880522
v 0.470141 0.138839 -0.871603
v 0.46079 0.172621 -0.87056
v 0.439415 0.136382 -0.887871
v 0.519374 0.279025 -0.80771
v 0.532608 0.161463 -0.830818
v 0.422949 0.176548 -0.888788
v 0.459177 0.252021 -0.851846
v 0.395751 0.00903704 -0.918313
v 0.36749 -0.0130665 -0.929936
v 0.321571 0.0244087 -0.946571
v 0.372677 -0.0918444 -0.923405
v 0.319084 -0.0389249 -0.946927
v 0.407742 0.220908 -0.885972
v 0.377849 0.173212 -0.909521
v 0.368811 0.227027 -0.901353
v 0.405714 0.13762 -0.90358
v 0.422988 0.0300087 -0.905638
v 0.3743 0.113154 -0.920378
v 0.298957 0.136994 -0.944382
v 0.333823 0.334765 -0.881189
v 0.279979 0.184129 -0.942183
v 0.270496 0.306473 -0.912637
v 0.327852 0.195934 -0.924188
v 0.290789 0.234679 -0.92756
v 0.0932185 -0.418888 -0.903241
v 0.0642247 -0.431021 -0.900054
v 0.0669202 -0.408578 -0.910267
v 0.059075 -0.396222 -0.916252
v 0.0844013 -0.36147 -0.928556
v 0.0418132 -0.343691 -0.938151
v 0.205175 -0.153026 -0.966688
v 0.130044 -0.271211 -0.953695
v 0.0836651 -0.316592 -0.944865
v 0.0819165 -0.241472 -0.966944
v 0.028646 -0.249471 -0.967959
v 0.0708486 -0.101707 -0.992288
v 0.096466 -0.171037 -0.980531
v 0.0781573 -0.140562 -0.986982
v 0.0581906 -0.163046 -0.984901
v 0.118736 -0.209611 -0.970549
v 0.0372519 -0.132399 -0.990496
v 0.0490214 -0.0614906 -0.996903
v 0.0195369 -0.168535 -0.985502
v -0.0169781 -0.132485 -0.99104
v -0.0363456 -0.0914169 -0.995149
v 0.212991 0.0897572 -0.972923
v 0.216303 0.0287499 -0.975903
v 0.184894 0.00379894 -0.982751
v 0.191445 -0.10907 -0.975424
v 0.163152 -0.0301799 -0.986139
v 0.0720573 0.0307914 -0.996925
v 0.110016 -0.0176117 -0.993774
v 0.0265019 0.0115887 -0.999582
v 0.059884 -0.022398 -0.997954
v 0.0302462 0.141772 -0.989437
v 0.073781 0.0906058 -0.99315
v 0.0151241 0.0694357 -0.997472
v 0.938953 0.341592 0.0409996
v 0.928319 0.288059 0.235045
v 0.935516 0.311392 -0.166869
v 0.872802 0.36576 -0.323166
v 0.897526 0.374731 -0.232431
v 0.808403 0.294667 -0.509564
v 0.738498 0.299033 -0.604317
v 0.753089 0.398741 -0.523319
v 0.870208 0.453995 -0.191382
v 0.821632 0.496013 -0.280876
v 0.883456 0.452849 0.120138
v 0.950917 0.304428 -0.0555066
v 0.917228 0.387691 -0.0915877
v 0.786254 0.616092 -0.0472833
v 0.798119 0.600882 0.0441196
v 0.752514 0.624555 0.208937
v 0.747496 0.652256 0.125746
v 0.673643 0.687958 0.270034
v 0.692342 0.319631 -0.646914
v 0.634084 0.3236 -0.702296
v 0.508385 0.321216 -0.798977
v 0.52549 0.375915 -0.763249
v 0.462393 0.343956 -0.817243
v 0.445781 0.428146 -0.786111
v 0.622663 0.444217 -0.644175
v 0.662739 0.458341 -0.5922
v 0.335185 0.411407 -0.847582
v 0.388757 0.420826 -0.819618
v 0.388214 0.443226 -0.807986
v 0.617612 0.509957 -0.598749
v 0.49852 0.62232 -0.603486
v 0.0874963 0.345043 -0.9345
v 0.0527583 0.464005 -0.88426
v 0.0978236 0.536149 -0.838436
v 0.25425 0.694726 -0.672839
v 0.226959 0.753173 -0.61743
v 0.186802 0.607054 -0.772393
v -0.00151393 0.694035 -0.71994
v 0.129657 0.727357 -0.6739
v 0.0996476 0.81538 -0.570286
v 0.0685728 0.88046 -0.469136
v 0.634402 0.732182 0.247878
v 0.645109 0.743025 0.178181
v 0.606539 0.773905 0.182158
v 0.733176 0.679009 -0.0374179
v 0.713775 0.680088 -0.16735
v 0.678568 0.733503 -0.0389566
v 0.602167 0.791809 0.102144
v 0.568826 0.819517 0.0694972
v 0.660635 0.748816 0.0532595
v 0.598929 0.799844 0.0391536
v 0.623452 0.781558 -0.0217663
v 0.614097 0.782949 -0.0993766
v 0.534816 0.837817 0.1097
v 0.583516 0.807356 -0.0876653
v 0.588242 0.792448 -0.161239
v 0.544171 0.834454 -0.0869758
v 0.523462 0.851217 -0.0376416
v 0.48638 0.871305 -0.0652865
v 0.726827 0.654633 -0.207795
v 0.720068 0.641043 -0.265645
v 0.754418 0.605831 -0.252633
v 0.734314 0.573427 -0.36327
v 0.665943 0.670225 -0.327593
v 0.79869 0.462487 -0.384967
v 0.708906 0.431853 -0.557634
v 0.730177 0.340956 -0.592108
v 0.700894 0.351923 -0.620402
v 0.673669 0.563095 -0.478638
v 0.6373 0.62166 -0.455399
v 0.476559 0.868611 -0.135673
v 0.502079 0.788515 -0.355193
v 0.665787 0.72612 -0.17169
v 0.698707 0.704396 -0.125039
v 0.685721 0.697242 -0.208904
v 0.637193 0.736353 -0.22753
v 0.693534 0.667379 -0.271323
v 0.653397 0.701176 -0.285352
v 0.624424 0.693347 -0.359675
v 0.581874 0.774177 -0.249143
v 0.571255 0.722912 -0.388672
v 0.514875 0.75267 -0.410355
v 0.531675 0.713193 -0.456812
v 0.425228 0.893202 -0.146193
v 0.261826 0.843934 -0.468212
v 0.256943 0.898109 -0.356904
v 0.557304 0.761247 0.331536
v 0.536882 0.825531 0.173942
v 0.559543 0.800471 0.214842
v 0.534718 0.818151 0.211436
v 0.508281 0.800627 0.317249
v 0.491505 0.867206 0.0798576
v 0.504682 0.849319 0.154768
v 0.463996 0.885447 0.0262752
v 0.452493 0.887184 -0.0902984
v 0.457237 0.888772 -0.031916
v 0.416409 0.901253 0.119776
v 0.468586 0.810992 0.350313
v 0.458989 0.837932 0.295295
v 0.514372 0.8323 0.206634
v 0.486864 0.850445 0.199266
v 0.460615 0.85837 0.225909
v 0.439952 0.874611 0.20371
v 0.417056 0.8903 0.182838
v 0.379717 0.882008 0.279065
v 0.376086 0.915981 -0.139779
v 0.334397 0.933157 -0.131894
v 0.359991 0.929894 -0.0755269
v 0.156899 0.916213 -0.368696
v 0.0773484 0.930639 -0.35767
v 0.24269 0.958526 -0.14943
v 0.213631 0.975149 -0.0587069
v 0.186979 0.982235 -0.0159216
v 0.330634 0.898318 0.289321
v 0.358257 0.898263 0.254512
v 0.343118 0.911045 0.22862
v 0.285131 0.927767 0.240726
v 0.385196 0.917769 0.0965641
v 0.413425 0.90788 -0.0695228
v 0.323325 0.944854 0.0520817
v 0.366043 0.929336 0.0484441
v 0.339248 0.940593 -0.013962
v 0.279381 0.951223 0.130843
v 0.303491 0.935249 0.182213
v 0.313503 0.942151 0.118607
v 0.216367 0.959248 0.18174
v 0.253888 0.95127 0.175005
v 0.308159 0.88907 0.338517
v 0.214598 0.917 0.336243
v -0.815739 0.365132 0.448607
v -0.845198 0.436114 0.308943
v -0.665643 0.277688 0.692682
v -0.525453 0.183346 0.830833
v -0.57455 0.453991 0.681017
v -0.599142 0.508281 0.618611
v -0.778934 0.592263 0.206123
v -0.766056 0.580909 0.275143
v -0.682659 0.584326 0.438794
v -0.787707 0.503889 0.354421
v -0.666327 0.559631 0.492769
v -0.609955 0.576829 0.543344
v -0.55054 0.629231 0.548611
v -0.593991 0.647181 0.477841
v -0.571184 0.718721 0.39647
v -0.620217 0.753427 0.218354
v -0.537958 0.773933 0.334109
v -0.466727 0.843289 0.266513
v -0.2418 0.20414 0.948609
v -0.185293 0.159621 0.969633
v -0.151985 0.205643 0.966753
v -0.285584 0.214727 0.933988
v -0.239519 0.266683 0.933547
v -0.299253 0.41045 0.861382
v -0.261535 0.363225 0.894241
v -0.142258 0.356105 0.923554
v -0.0665489 0.17583 0.982168
v -0.0770772 0.246175 0.966156
v -0.0598067 0.316707 0.946636
v -0.0673103 0.502567 0.861914
v -0.0211718 0.45391 0.890796
v -0.00598411 0.537112 0.84349
v 0.0252369 0.405292 0.913839
v 0.0221728 0.613 0.789772
v -0.487831 0.808111 0.330117
v -0.484476 0.726901 0.486722
v -0.521555 0.692172 0.498877
v -0.467185 0.755695 0.45898
v -0.387185 0.76714 0.511452
v -0.357318 0.739967 0.569888
v -0.229786 0.734064 0.639021
v -0.507609 0.487651 0.710302
v -0.44815 0.554912 0.700881
v -0.525842 0.284017 0.801763
v -0.397568 0.46526 0.790868
v -0.263022 0.472544 0.841143
v -0.427325 0.656348 0.621772
v -0.381118 0.692644 0.612367
v -0.322316 0.625102 0.710887
v -0.370063 0.578316 0.727051
v -0.244782 0.529975 0.811916
v -0.176156 0.494516 0.851131
v -0.131669 0.568565 0.812033
v -0.0700999 0.559963 0.825547
v -0.119 0.64574 0.754227
v -0.0849486 0.60648 0.790547
v -0.0233576 0.663374 0.747923
v -0.401279 0.872767 0.277945
v -0.356968 0.899377 0.25238
v -0.320398 0.834448 0.448377
v -0.225728 0.832967 0.505186
v -0.259127 0.922037 0.287576
v -0.203751 0.920714 0.332822
v -0.269648 0.935159 0.229712
v -0.185987 0.897894 0.398993
v -0.160568 0.913046 0.374921
v -0.00492511 0.716456 0.697614
v 0.0269937 0.672877 0.739262
v -0.125222 0.918523 0.375014
v -0.145111 0.857502 0.493593
v -0.118868 0.826834 0.549741
v -0.00563609 0.905301 0.424734
v 0.0803678 0.916173 0.392642
v -0.893374 0.163012 0.4187
v -0.928795 -0.126849 0.348209
v -0.889843 -0.117788 0.440801
v -0.819372 -0.500087 0.280254
v -0.86234 -0.361751 0.354267
v -0.813122 -0.419099 0.403967
v -0.781734 -0.395658 0.482024
v -0.909629 -0.288505 0.298898
v -0.871781 -0.29605 0.390324
v -0.794824 -0.322955 0.513765
v -0.845452 -0.268259 0.461787
v -0.805312 -0.237202 0.543331
v -0.839503 0.12887 0.527852
v -0.928304 -0.0400967 0.369653
v -0.881275 0.104602 0.460882
v -0.871707 0.0598406 0.486359
v -0.819044 -0.112802 0.562532
v -0.729776 -0.131269 0.670966
v -0.654669 -0.156794 0.739475
v -0.691141 0.102606 0.715399
v -0.636608 0.0549276 0.769229
v -0.819205 -0.541737 0.188215
v -0.707121 -0.677021 0.204016
v -0.748493 -0.62729 0.215094
v -0.686676 -0.67238 0.276374
v -0.71065 -0.614464 0.342653
v -0.422289 -0.877126 0.228739
v -0.365503 -0.925777 0.0966642
v -0.343492 -0.921009 0.18373
v -0.403671 -0.859805 0.312705
v -0.353607 -0.890946 0.284915
v -0.500349 -0.840558 0.207636
v -0.526139 -0.802301 0.28194
v -0.5035 -0.779613 0.372413
v -0.573341 -0.757844 0.311372
v -0.441546 -0.770568 0.459632
v -0.520767 -0.714091 0.467841
v -0.243498 -0.956326 0.161708
v -0.155186 -0.945012 0.287869
v -0.100747 -0.948816 0.299329
v -0.0649005 -0.990887 0.11803
v -0.0222802 -0.984165 0.175849
v 0.0379809 -0.972078 0.231564
v -0.0227565 -0.888873 0.457588
v -0.306251 -0.659361 0.686625
v -0.348931 -0.707344 0.614745
v -0.316849 -0.752832 0.576932
v -0.23146 -0.756635 0.611499
v -0.223543 -0.800513 0.556064
v -0.302512 -0.855358 0.420534
v -0.261208 -0.896296 0.358363
v -0.275773 -0.92129 0.274179
v -0.207162 -0.921936 0.327288
v -0.243146 -0.83893 0.486904
v -0.206675 -0.88359 0.420184
v -0.179056 -0.842422 0.508197
v -0.11821 -0.82422 0.553795
v -0.0494946 -0.850946 0.522917
v -0.164756 -0.771369 0.614692
v -0.139441 -0.678877 0.72089
v -0.139606 -0.608768 0.780968
v -0.0533898 -0.809632 0.584504
v -0.0986849 -0.785138 0.611408
v -0.00312231 -0.829004 0.559234
v -0.0668208 -0.697817 0.713153
v -0.0310514 -0.738402 0.673646
v 0.00995234 -0.589588 0.807643
v 0.0266086 -0.515646 0.856389
v -0.536736 0.0998815 0.837817
v -0.635811 -0.232561 0.735975
v -0.576101 -0.0634669 0.814911
v -0.548857 -0.193273 0.813266
v -0.457385 -0.180305 0.870798
v -0.57135 0.0308966 0.820125
v -0.498634 -0.0389658 0.865937
v -0.453652 -0.115739 0.883631
v -0.424249 0.0268921 0.905146
v -0.394219 -0.0468749 0.91782
v -0.359188 -0.0744947 0.930287
v -0.375361 -0.175666 0.91008
v -0.689643 -0.216131 0.691144
v -0.652078 -0.283745 0.703053
v -0.707176 -0.374418 0.599761
v -0.673371 -0.343351 0.654737
v -0.577795 -0.458582 0.67517
v -0.67258 -0.607637 0.42239
v -0.592579 -0.502421 0.629621
v -0.602575 -0.562 0.566621
v -0.620991 -0.452953 0.639691
v -0.655344 -0.48282 0.580869
v -0.565149 -0.639191 0.521576
v -0.551961 -0.546682 0.629665
v -0.416894 -0.166721 0.893534
v -0.403548 -0.248753 0.880495
v -0.61915 -0.339632 0.708028
v -0.377925 -0.394617 0.837526
v -0.471797 -0.35789 0.805805
v -0.457981 -0.296701 0.837987
v -0.536067 -0.461196 0.707057
v -0.260235 -0.250289 0.932541
v -0.257339 -0.325068 0.910004
v -0.287642 -0.353497 0.890113
v -0.228589 -0.417861 0.879283
v -0.22273 -0.375213 0.899781
v -0.258157 -0.364212 0.894821
v -0.19572 -0.302554 0.932821
v -0.163521 -0.376495 0.911873
v -0.359281 -0.610155 0.706137
v -0.231099 -0.547123 0.804519
v -0.138494 -0.425959 0.894079
v -0.237864 -0.459323 0.855829
v -0.219629 -0.510179 0.831553
v -0.175981 -0.545664 0.819318
v -0.47556 0.109477 0.872844
v -0.423362 0.108365 0.899456
v -0.357379 0.105699 0.927959
v -0.309843 0.161629 0.936949
v -0.283009 -0.17995 0.942085
v -0.267513 -0.114434 0.956735
v -0.315564 -0.0620056 0.946876
v -0.239098 -0.0813821 0.967579
v -0.245314 0.00507484 0.96943
v -0.259083 0.0984958 0.96082
v -0.26499 0.0518472 0.962856
v -0.308792 0.0183059 0.950954
v -0.200884 0.000858599 0.979615
v -0.217612 0.0593095 0.974232
v -0.104217 -0.290371 0.951222
v -0.135027 -0.146169 0.980001
v 0.0341145 -0.313987 0.948814
v -0.099846 -0.241022 0.96537
v 0.0227455 -0.220481 0.975126
v -0.052032 -0.111445 0.992408
v -0.00157648 -0.101778 0.994806
v -0.162641 0.0336567 0.986111
v -0.116012 -0.00465512 0.993237
v -0.1085 -0.085571 0.990407
v -0.175979 -0.160847 0.971164
v -0.210818 -0.110566 0.971252
v -0.164998 -0.0414611 0.985422
v -0.933635 0.32935 0.140903
v -0.956402 0.287335 0.0522792
v -0.981715 0.190188 -0.00801715
v -0.991586 0.114859 0.0596968
v -0.977597 0.113553 0.177227
v -0.93468 0.24226 -0.260158
v -0.736184 0.276773 -0.617601
v -0.724889 0.226162 -0.650681
v -0.774863 0.240916 -0.584419
v -0.743092 0.157895 -0.650295
v -0.779426 0.116328 -0.6156
v -0.792697 0.0645156 -0.606193
v -0.87613 0.189418 -0.443302
v -0.84216 0.0235041 -0.538714
v -0.904329 0.0247536 -0.426117
v -0.845504 -0.141377 -0.514913
v -0.99336 0.0418756 0.107152
v -0.999224 0.0364438 0.0149356
v -0.998057 -0.0381934 -0.0492259
v -0.993309 -0.06687 0.0941527
v -0.994314 0.0532374 -0.0922198
v -0.96783 -0.129459 -0.215745
v -0.948655 0.036581 -0.314189
v -0.970979 -0.0442004 -0.235044
v -0.955548 -0.101742 -0.276726
v -0.933862 -0.0665846 -0.35138
v -0.896606 -0.149506 -0.416828
v -0.975945 -0.199723 0.0874182
v -0.950147 -0.249339 0.187217
v -0.976848 -0.16383 -0.13758
v -0.988338 -0.148395 -0.0341481
v -0.965739 -0.239972 -0.0988006
v -0.938363 -0.165921 -0.303226
v -0.898946 -0.368054 -0.237556
v -0.898462 -0.42596 -0.106419
v -0.959583 -0.274926 0.0601301
v -0.972408 -0.233286 -0.000310364
v -0.926908 -0.374923 -0.0165988
v -0.953949 -0.299332 -0.0195148
v -0.916945 -0.391322 0.0779661
v -0.876828 -0.464702 0.123388
v -0.57631 0.350234 -0.738378
v -0.532677 0.336357 -0.776607
v -0.553083 0.25419 -0.793402
v -0.496858 0.296805 -0.815499
v -0.434866 0.293577 -0.851296
v -0.480828 0.248455 -0.840877
v -0.470555 0.193465 -0.8609
v -0.558844 0.184897 -0.808397
v -0.534671 0.289171 -0.794045
v -0.523211 0.213475 -0.825032
v -0.531164 0.172392 -0.829545
v -0.551781 0.149973 -0.820394
v -0.480725 0.145888 -0.86465
v -0.555458 0.0864767 -0.827036
v -0.524949 0.107788 -0.844281
v -0.530487 0.0538379 -0.845981
v -0.300045 0.327728 -0.895861
v -0.222507 0.296257 -0.928829
v -0.500326 0.0495018 -0.864421
v -0.480149 0.0760123 -0.873888
v -0.470917 0.0444521 -0.881057
v -0.451703 0.106225 -0.885822
v -0.450695 0.0656854 -0.890258
v -0.408941 0.0640611 -0.91031
v -0.384569 0.396585 -0.833563
v -0.394587 0.236687 -0.887852
v -0.352473 0.119613 -0.928146
v -0.341626 0.0641564 -0.937644
v -0.488626 0.0215405 -0.872227
v -0.490611 -0.0227853 -0.871081
v -0.428583 -0.000474378 -0.903502
v -0.376332 -0.0432571 -0.925475
v -0.310895 -0.0774768 -0.947281
v -0.322998 -0.0068633 -0.946375
v -0.379792 -0.118589 -0.917439
v -0.0394694 0.285455 -0.957579
v -0.100405 0.27842 -0.955197
v -0.207178 -0.0134077 -0.978211
v -0.195022 0.194192 -0.961382
v -0.144803 -0.0504778 -0.988172
v -0.166333 0.00306727 -0.986065
v -0.085796 -0.0164167 -0.996177
v -0.0794521 -0.0723959 -0.994206
v -0.0945702 0.0490876 -0.994307
v -0.217895 -0.100574 -0.970776
v -0.215536 -0.317104 -0.923574
v -0.112119 -0.109595 -0.987633
v -0.0861908 -0.132602 -0.987415
v -0.0654456 -0.156614 -0.985489
v -0.0656806 -0.116188 -0.991053
v -0.0950754 -0.257838 -0.961499
v -0.1507 -0.14477 -0.977922
v -0.104626 -0.146692 -0.983633
v -0.11177 -0.18857 -0.975679
v -0.027318 -0.239907 -0.970411
v -0.0211904 -0.281315 -0.959382
v -0.0409312 -0.41423 -0.909251
v 0.00404671 -0.377966 -0.92581
v 0.0362792 -0.410203 -0.911272
v 0.00123852 -0.440044 -0.897975
v -0.781604 -0.614918 0.104742
v -0.845719 -0.52765 -0.079662
v -0.79163 -0.600767 -0.111359
v -0.756891 -0.626122 -0.187316
v -0.845204 -0.382835 -0.372917
v -0.846095 -0.443084 -0.29631
v -0.777047 -0.430526 -0.45918
v -0.767642 -0.58585 -0.259817
v -0.807279 -0.55874 -0.190029
v -0.801926 -0.518724 -0.296379
v -0.758796 -0.510444 -0.404569
v -0.609774 -0.685891 -0.397152
v -0.690208 -0.567159 -0.449382
v -0.712459 -0.493996 -0.498368
v -0.639776 -0.577465 -0.507169
v -0.677176 -0.633841 -0.373736
v -0.581292 -0.579403 -0.571307
v -0.542856 -0.723369 -0.426667
v -0.563046 -0.663658 -0.492481
v -0.507176 -0.7024 -0.499406
v -0.854322 -0.219134 -0.471291
v -0.81088 -0.201357 -0.549481
v -0.766709 -0.0832563 -0.636574
v -0.72602 -0.140414 -0.673186
v -0.705249 -0.196262 -0.681252
v -0.736497 0.0786082 -0.671857
v -0.690137 0.179932 -0.700953
v -0.664422 0.239149 -0.708061
v -0.633594 0.185361 -0.751132
v -0.663224 0.138863 -0.735425
v -0.699164 0.0579382 -0.71261
v -0.67423 0.0477336 -0.736978
v -0.641864 0.108107 -0.759159
v -0.626482 0.139104 -0.766922
v -0.602211 0.106373 -0.791218
v -0.593411 0.0642346 -0.802332
v -0.564385 0.0318118 -0.824898
v -0.586192 -0.168666 -0.792421
v -0.714787 -0.0593382 -0.69682
v -0.618617 -0.0965152 -0.779742
v -0.597086 -0.0209605 -0.801904
v -0.543803 -0.0122322 -0.839124
v -0.560673 -0.124106 -0.818684
v -0.546381 -0.0698217 -0.834621
v -0.50289 -0.153853 -0.850548
v -0.461811 -0.148181 -0.874513
v -0.620452 -0.523873 -0.583607
v -0.652261 -0.537538 -0.534424
v -0.586268 -0.501036 -0.636595
v -0.477664 -0.571335 -0.667394
v -0.542338 -0.53875 -0.644684
v -0.519859 -0.498324 -0.693844
v -0.439747 -0.480439 -0.758815
v -0.756006 -0.366591 -0.542279
v -0.809446 -0.353629 -0.468769
v -0.679663 -0.252266 -0.688781
v -0.357866 -0.427302 -0.830268
v -0.555819 -0.393507 -0.732268
v -0.458022 -0.35186 -0.816339
v -0.621253 -0.359853 -0.696097
v -0.628764 -0.300562 -0.71716
v -0.537683 -0.211438 -0.816205
v -0.304115 -0.232085 -0.923932
v -0.38851 -0.615192 -0.686002
v -0.322025 -0.575037 -0.752085
v -0.273147 -0.530116 -0.802725
v -0.267987 -0.570198 -0.776567
v -0.220075 -0.562027 -0.797304
v -0.270726 -0.389636 -0.880279
v -0.14457 -0.541227 -0.828356
v -0.139413 -0.487827 -0.861736
v -0.278545 -0.465548 -0.840047
v -0.218228 -0.436896 -0.872639
v -0.102247 -0.501638 -0.859014
v -0.0795539 -0.533658 -0.84195
v -0.0920639 -0.456436 -0.884981
v -0.0593926 -0.491203 -0.869018
v -0.0403367 -0.455861 -0.889136
v -0.0147687 -0.480735 -0.876742
v -0.723376 -0.676453 0.138339
v -0.67783 -0.735027 -0.0167924
v -0.68557 -0.723236 0.0832035
v -0.546666 -0.826116 0.136711
v -0.655101 -0.695433 -0.295322
v -0.482021 -0.746986 -0.457895
v -0.571964 -0.757586 -0.314516
v -0.495688 -0.805035 -0.325902
v -0.418558 -0.846832 -0.328154
v -0.554957 -0.831873 0.00322267
v -0.513598 -0.855405 -0.0670773
v -0.672237 -0.730737 -0.118829
v -0.573092 -0.79258 -0.208287
v -0.519895 -0.836466 -0.173301
v -0.46584 -0.861999 -0.199877
v -0.424846 -0.884865 -0.191104
v -0.541646 -0.837557 0.0715477
v -0.450096 -0.891059 0.058548
v -0.489699 -0.86422 0.115402
v -0.410013 -0.902835 -0.129533
v -0.343671 -0.939013 0.0120117
v -0.21913 -0.66542 -0.713581
v -0.283334 -0.717598 -0.636219
v -0.205153 -0.729962 -0.651972
v -0.22641 -0.780732 -0.582405
v -0.0957157 -0.585988 -0.804647
v -0.0313436 -0.521282 -0.852809
v -0.0474086 -0.561344 -0.826223
v -0.0307573 -0.6131 -0.789406
v 0.00422282 -0.662368 -0.749167
v -0.100433 -0.774929 -0.624018
v -0.16421 -0.722629 -0.671448
v -0.171682 -0.615094 -0.769536
v -0.102326 -0.647403 -0.755248
v -0.149323 -0.817805 -0.555786
v -0.0188533 -0.805858 -0.591809
v 0.00374071 -0.851778 -0.523889
v 0.0520675 -0.824793 -0.563033
v 0.063534 -0.877444 -0.475453
v -0.310888 -0.945238 0.0993691
v -0.278428 -0.958032 -0.0682112
v -0.373296 -0.908964 -0.185565
v -0.301651 -0.945232 -0.12467
v -0.310766 -0.932349 -0.184796
v -0.194921 -0.979504 -0.0507776
v -0.234189 -0.966406 -0.105905
v -0.197578 -0.966898 -0.161469
v -0.331453 -0.864062 -0.378862
v -0.361799 -0.880918 -0.305098
v -0.379691 -0.811899 -0.443457
v -0.260746 -0.863756 -0.431204
v -0.269427 -0.792707 -0.546831
v -0.247706 -0.832064 -0.496298
v -0.202889 -0.948952 -0.241507
v -0.177725 -0.93732 -0.299743
v -0.122938 -0.944236 -0.305458
v -0.341845 -0.90546 -0.251565
v -0.265644 -0.898558 -0.349324
v -0.147297 -0.919516 -0.36441
v -0.203701 -0.912864 -0.353816
v -0.219776 -0.887392 -0.405258
v -0.0993888 -0.963048 -0.25032
v -0.0494691 -0.963339 -0.263686
v -0.0113586 -0.961626 -0.274129
v -0.0800385 -0.925759 -0.369547
v -0.125836 -0.853165 -0.506235
v -0.119813 -0.889393 -0.441163
v -0.0340565 -0.891141 -0.452446
v -0.0308135 -0.922616 -0.384487
v -0.136998 -0.987888 -0.072864
v -0.129618 -0.991416 -0.0171409
v -0.165009 -0.986052 0.0217749
v -0.0692838 -0.975334 -0.209577
v -0.0614455 -0.988282 -0.139728
v 0.0117528 -0.991334 -0.130835
v 0.0512235 -0.978993 -0.197354
v 0.0398862 -0.998189 -0.0450344
v -0.0543423 -0.99678 0.0589595
v -0.0312224 -0.997625 -0.0614034
v -0.908638 0.409655 0.0809974
v -0.50606 0.848639 0.154001
v -0.589142 0.808023 0.00326864
v -0.728332 0.684488 -0.0317606
v -0.704219 0.701295 0.110734
v -0.657383 0.741206 0.135874
v -0.615956 0.782397 -0.0919475
v -0.657349 0.734068 -0.170404
v -0.84061 0.540638 -0.032945
v -0.888542 0.263065 -0.375887
v -0.83749 0.527987 -0.140855
v -0.75673 0.607313 -0.241931
v -0.771486 0.53643 -0.342128
v -0.762071 0.43301 -0.481405
v -0.764639 0.30762 -0.566301
v -0.804884 0.280217 -0.523107
v -0.150312 0.965425 0.212982
v -0.212004 0.966667 0.143561
v -0.3129 0.946542 0.0784308
v -0.311877 0.93501 0.168787
v -0.303518 0.952807 0.00592791
v -0.287617 0.956441 -0.0499776
v -0.251141 0.967924 -0.00720075
v -0.237349 0.968553 -0.0746379
v -0.255494 0.956811 -0.138695
v -0.121621 0.960893 0.248785
v -0.0506658 0.955406 0.290916
v -0.1006 0.942859 0.317642
v -0.0813662 0.966014 0.245351
v 0.0180625 0.963311 0.267779
v 0.0631093 0.956465 0.28494
v 0.0306849 0.993043 0.113688
v 0.0652456 0.985026 0.159582
v 0.09633 0.989697 0.105928
v -0.211087 0.968955 -0.128717
v -0.161419 0.986883 0.00255857
v -0.0622794 0.997609 -0.0299675
v -0.0383165 0.991079 0.127648
v -0.0101575 0.998374 0.0560879
v -0.0920736 0.963981 -0.249527
v -0.0210797 0.999608 -0.0184372
v 0.02896 0.99886 -0.0379407
v 0.0348369 0.99517 -0.0917793
v -0.0107877 0.989988 -0.14074
v -0.0478245 0.947023 -0.317586
v -0.667617 0.459189 -0.586031
v -0.745406 0.405906 -0.528781
v -0.743527 0.479731 -0.46586
v -0.700418 0.5173 -0.491747
v -0.609269 0.503203 -0.612843
v -0.714188 0.459212 -0.528261
v -0.668126 0.500178 -0.550844
v -0.651777 0.713487 -0.257143
v -0.607078 0.737404 -0.296128
v -0.685669 0.573452 -0.448342
v -0.635754 0.611267 -0.471349
v -0.583589 0.675318 -0.450965
v -0.512395 0.564208 -0.647395
v -0.471265 0.631539 -0.615685
v -0.416969 0.658991 -0.625994
v -0.609535 0.774836 -0.167619
v -0.576092 0.794034 -0.193977
v -0.575237 0.809461 -0.117793
v -0.446658 0.88849 0.105271
v -0.418735 0.905772 0.0651016
v -0.447039 0.894269 0.0209526
v -0.347378 0.935869 -0.0589708
v -0.334616 0.915033 -0.225271
v -0.37054 0.773172 -0.51469
v -0.520029 0.781372 -0.345003
v -0.605637 0.761637 -0.23046
v -0.559239 0.778494 -0.284954
v -0.404072 0.802908 -0.438251
v -0.392448 0.843964 -0.365663
v -0.350247 0.877091 -0.328692
v -0.287124 0.894351 -0.343068
v -0.31245 0.907297 -0.281401
v -0.303966 0.778448 -0.549203
v -0.252089 0.927389 -0.276408
v -0.0366429 0.836354 -0.546963
v -0.649359 0.360219 -0.669757
v -0.532141 0.429436 -0.729665
v -0.4778 0.351531 -0.805067
v -0.206747 0.714903 -0.667959
v 0.00906324 0.775095 -0.63178
v -0.0971576 0.576085 -0.811595
v -0.0739703 0.344801 -0.935757
# 2502 vertices
vt 0 0
vt 0 0
vt 0 0
vt 0 0
vt 0 0
vt 0 0
vt 0 0
vt 0 0
vt 0 0
vt 0 0
vt 0 0
vt 0 0
vt 0 0
vt 0 0
vt 0 0
vt 0 0
vt 0 0
vt 0 0
vt 0 0
vt 0 0
vt 0 0
vt 0 0
vt 0 0
vt 0 0
vt 0 0
vt 0 0
vt 0 0
vt 0 0
vt 0 0
vt 0 0
vt 0 0
vt 0 0
vt 0 0
vt 0 0
vt 0 0
vt 0 0
vt 0 0
vt 0 0
vt 0 0
vt 0 0
vt 0 0
vt 0 0
vt 0 0
vt 0 0
vt 0 0
vt 0 0
vt 0 0
vt 0 0
vt 0 0
vt 0 0
vt 0 0
vt 0 0
vt 0 0
vt 0 0
vt 0 0
vt 0 0
vt 0 0
vt 0 0
vt 0 0
vt 0 0
vt 0 0
vt 0 0
vt 0 0
vt 0 0
vt 0 0
vt 0 0
vt 0 0
vt 0 0
vt 0 0
vt 0 0
vt 0 0
vt 0 0
vt 0 0
vt 0 0
vt 0 0
vt 0 0
vt 0 0
vt 0 0
vt 0 0
vt 0 0
vt 0 0
vt 0 0
vt 0 0
vt 0 0
vt 0 0
vt 0 0
vt 0 0
vt 0 0
vt 0 0
vt 0 0
vt 0 0
vt 0 0
vt 0 0
vt 0 0
vt 0 0
vt 0 0
vt 0 0
vt 0 0
vt 0 0
vt 0 0
vt 0 0
vt 0 0
vt 0 0
vt 0 0
vt 0 0
vt 0 0
vt 0 0
vt 0 0
vt 0 0
vt 0 0
vt 0 0
vt 0 0
vt 0 0
vt 0 0
vt 0 0
vt 0 0
vt 0 0
vt 0 0
vt 0 0
vt 0 0
vt 0 0
vt 0 0
vt 0 0
vt 0 0
vt 0 0
vt 0 0
vt 0 0
vt 0 0
vt 0 0
vt 0 0
vt 0 0
vt 0 0
vt 0 0
vt 0 0
vt 0 0
vt 0 0
vt 0 0
vt 0 0
vt 0 0
vt 0 0
vt 0 0
vt 0 0
vt 0 0
vt 0 0
vt 0 0
vt 0 0
vt 0 0
vt 0 0
vt 0 0
vt 0 0
vt 0 0
vt 0 0
vt 0 0
vt 0 0
vt 0 0
vt 0 0
vt 0 0
vt 0 0
vt 0 0
vt 0 0
vt 0 0
vt 0 0
vt 0 0
vt 0 0
vt 0 0
vt 0 0
vt 0 0
vt 0 0
vt 0 0
vt 0 0
vt 0 0
vt 0 0
vt 0 0
vt 0 0
vt 0 0
vt 0 0
vt 0 0
vt 0 0
vt 0 0
vt 0 0
vt 0 0
vt 0 0
vt 0 0
vt 0 0
vt 0 0
vt 0 0
vt 0 0
vt 0 0
vt 0 0
vt 0 0
vt 0 0
vt 0 0
vt 0 0
vt 0 0
vt 0 0
vt 0 0
vt 0 0
vt 0 0
vt 0 0
vt 0 0
vt 0 0
vt 0 0
vt 0 0
vt 0 0
vt 0 0
vt 0 0
vt 0 0
vt 0 0
vt 0 0
vt 0 0
vt 0 0
vt 0 0
vt 0 0
vt 0 0
vt 0 0
vt 0 0
vt 0 0
vt 0 0
vt 0 0
vt 0 0
vt 0 0
vt 0 0
vt 0 0
vt 0 0
vt 0 0
vt 0 0
vt 0 0
vt 0 0
vt 0 0
vt 0 0
vt 0 0
vt 0 0
vt 0 0
vt 0 0
vt 0 0
vt 0 0
vt 0 0
vt 0 0
vt 0 0
vt 0 0
vt 0 0
vt 0 0
vt 0 0
vt 0 0
vt 0 0
vt 0 0
vt 0 0
vt 0 0
vt 0 0
vt 0 0
vt 0 0
vt 0 0
vt 0 0
vt 0 0
vt 0 0
vt 0 0
vt 0 0
vt 0 0
vt 0 0
vt 0 0
vt 0 0
vt 0 0
vt 0 0
vt 0 0
vt 0 0
vt 0 0
vt 0 0
vt 0 0
vt 0 0
vt 0 0
vt 0 0
vt 0 0
vt 0 0
vt 0 0
vt 0 0
vt 0 0
vt 0 0
vt 0 0
vt 0 0
vt 0 0
vt 0 0
vt 0 0
vt 0 0
vt 0 0
vt 0 0
vt 0 0
vt 0 0
vt 0 0
vt 0 0
vt 0 0
vt 0 0
vt 0 0
vt 0 0
vt 0 0
vt 0 0
vt 0 0
vt 0 0
vt 0 0
vt 0 0
vt 0 0
vt 0 0
vt 0 0
vt 0 0
vt 0 0
vt 0 0
vt 0 0
vt 0 0
vt 0 0
vt 0 0
vt 0 0
vt 0 0
vt 0 0
vt 0 0
vt 0 0
vt 0 0
vt 0 0
vt 0 0
vt 0 0
vt 0 0
vt 0 0
vt 0 0
vt 0 0
vt 0 0
vt 0 0
vt 0 0
vt 0 0
vt 0 0
vt 0 0
vt 0 0
vt 0 0
vt 0 0
vt 0 0
vt 0 0
vt 0 0
vt 0 0
vt 0 0
vt 0 0
vt 0 0
vt 0 0
vt 0 0
vt 0 0
vt 0 0
vt 0 0
vt 0 0
vt 0 0
vt 0 0
vt 0 0
vt 0 0
vt 0 0
vt 0 0
vt 0 0
vt 0 0
vt 0 0
vt 0 0
vt 0 0
vt 0 0
vt 0 0
vt 0 0
vt 0 0
vt 0 0
vt 0 0
vt 0 0
vt 0 0
vt 0 0
vt 0 0
vt 0 0
vt 0 0
vt 0 0
vt 0 0
vt 0 0
vt 0 0
vt 0 0
vt 0 0
vt 0 0
vt 0 0
vt 0 0
vt 0 0
vt 0 0
vt 0 0
vt 0 0
vt 0 0
vt 0 0
vt 0 0
vt 0 0
vt 0 0
vt 0 0
vt 0 0
vt 0 0
vt 0 0
vt 0 0
vt 0 0
vt 0 0
vt 0 0
vt 0 0
vt 0 0
vt 0 0
vt 0 0
vt 0 0
vt 0 0
vt 0 0
vt 0 0
vt 0 0
vt 0 0
vt 0 0
vt 0 0
vt 0 0
vt 0 0
vt 0 0
vt 0 0
vt 0 0
vt 0 0
vt 0 0
vt 0 0
vt 0 0
vt 0 0
vt 0 0
vt 0 0
vt 0 0
vt 0 0
vt 0 0
vt 0 0
vt 0 0
vt 0 0
vt 0 0
vt 0 0
vt 0 0
vt 0 0
vt 0 0
vt 0 0
vt 0 0
vt 0 0
vt 0 0
vt 0 0
vt 0 0
vt 0 0
vt 0 0
vt 0 0
vt 0 0
vt 0 0
vt 0 0
vt 0 0
vt 0 0
vt 0 0
vt 0 0
vt 0 0
vt 0 0
vt 0 0
vt 0 0
vt 0 0
vt 0 0
vt 0 0
vt 0 0
vt 0 0
vt 0 0
vt 0 0
vt 0 0
vt 0 0
vt 0 0
vt 0 0
vt 0 0
vt 0 0
vt 0 0
vt 0 0
vt 0 0
vt 0 0
vt 0 0
vt 0 0
vt 0 0
vt 0 0
vt 0 0
vt 0 0
vt 0 0
vt 0 0
vt 0 0
vt 0 0
vt 0 0
vt 0 0
vt 0 0
vt 0 0
vt 0 0
vt 0 0
vt 0 0
vt 0 0
vt 0 0
vt 0 0
vt 0 0
vt 0 0
vt 0 0
vt 0 0
vt 0 0
vt 0 0
vt 0 0
vt 0 0
vt 0 0
vt 0 0
vt 0 0
vt 0 0
vt 0 0
vt 0 0
vt 0 0
vt 0 0
vt 0 0
vt 0 0
vt 0 0
vt 0 0
vt 0 0
vt 0 0
vt 0 0
vt 0 0
vt 0 0
vt 0 0
vt 0 0
vt 0 0
vt 0 0
vt 0 0
vt 0 0
vt 0 0
vt 0 0
vt 0 0
vt 0 0
vt 0 0
vt 0 0
vt 0 0
vt 0 0
vt 0 0
vt 0 0
vt 0 0
vt 0 0
vt 0 0
vt 0 0
vt 0 0
vt 0 0
vt 0 0
vt 0 0
vt 0 0
vt 0 0
vt 0 0
vt 0 0
vt 0 0
vt 0 0
vt 0 0
vt 0 0
vt 0 0
vt 0 0
vt 0 0
vt 0 0
vt 0 0
vt 0 0
vt 0 0
vt 0 0
vt 0 0
vt 0 0
vt 0 0
vt 0 0
vt 0 0
vt 0 0
vt 0 0
vt 0 0
vt 0 0
vt 0 0
vt 0 0
vt 0 0
vt 0 0
vt 0 0
vt 0 0
vt 0 0
vt 0 0
vt 0 0
vt 0 0
vt 0 0
vt 0 0
vt 0 0
vt 0 0
vt 0 0
vt 0 0
vt 0 0
vt 0 0
vt 0 0
vt 0 0
vt 0 0
vt 0 0
vt 0 0
vt 0 0
vt 0 0
vt 0 0
vt 0 0
vt 0 0
vt 0 0
vt 0 0
vt 0 0
vt 0 0
vt 0 0
vt 0 0
vt 0 0
vt 0 0
vt 0 0
vt 0 0
vt 0 0
vt 0 0
vt 0 0
vt 0 0
vt 0 0
vt 0 0
vt 0 0
vt 0 0
vt 0 0
vt 0 0
vt 0 0
vt 0 0
vt 0 0
vt 0 0
vt 0 0
vt 0 0
vt 0 0
vt 0 0
vt 0 0
vt 0 0
vt 0 0
vt 0 0
vt 0 0
vt 0 0
vt 0 0
vt 0 0
vt 0 0
vt 0 0
vt 0 0
vt 0 0
vt 0 0
vt 0 0
vt 0 0
vt 0 0
vt 0 0
vt 0 0
vt 0 0
vt 0 0
vt 0 0
vt 0 0
vt 0 0
vt 0 0
vt 0 0
vt 0 0
vt 0 0
vt 0 0
vt 0 0
vt 0 0
vt 0 0
vt 0 0
vt 0 0
vt 0 0
vt 0 0
vt 0 0
vt 0 0
vt 0 0
vt 0 0
vt 0 0
vt 0 0
vt 0 0
vt 0 0
vt 0 0
vt 0 0
vt 0 0
vt 0 0
vt 0 0
vt 0 0
vt 0 0
vt 0 0
vt 0 0
vt 0 0
vt 0 0
vt 0 0
vt 0 0
vt 0 0
vt 0 0
vt 0 0
vt 0 0
vt 0 0
vt 0 0
vt 0 0
vt 0 0
vt 0 0
vt 0 0
vt 0 0
vt 0 0
vt 0 0
vt 0 0
vt 0 0
vt 0 0
vt 0 0
vt 0 0
vt 0 0
vt 0 0
vt 0 0
vt 0 0
vt 0 0
vt 0 0
vt 0 0
vt 0 0
vt 0 0
vt 0 0
vt 0 0
vt 0 0
vt 0 0
vt 0 0
vt 0 0
vt 0 0
vt 0 0
vt 0 0
vt 0 0
vt 0 0
vt 0 0
vt 0 0
vt 0 0
vt 0 0
vt 0 0
vt 0 0
vt 0 0
vt 0 0
vt 0 0
vt 0 0
vt 0 0
vt 0 0
vt 0 0
vt 0 0
vt 0 0
vt 0 0
vt 0 0
vt 0 0
vt 0 0
vt 0 0
vt 0 0
vt 0 0
vt 0 0
vt 0 0
vt 0 0
vt 0 0
vt 0 0
vt 0 0
vt 0 0
vt 0 0
vt 0 0
vt 0 0
vt 0 0
vt 0 0
vt 0 0
vt 0 0
vt 0 0
vt 0 0
vt 0 0
vt 0 0
vt 0 0
vt 0 0
vt 0 0
vt 0 0
vt 0 0
vt 0 0
vt 0 0
vt 0 0
vt 0 0
vt 0 0
vt 0 0
vt 0 0
vt 0 0
vt 0 0
vt 0 0
vt 0 0
vt 0 0
vt 0 0
vt 0 0
vt 0 0
vt 0 0
vt 0 0
vt 0 0
vt 0 0
vt 0 0
vt 0 0
vt 0 0
vt 0 0
vt 0 0
vt 0 0
vt 0 0
vt 0 0
vt 0 0
vt 0 0
vt 0 0
vt 0 0
vt 0 0
vt 0 0
vt 0 0
vt 0 0
vt 0 0
vt 0 0
vt 0 0
vt 0 0
vt 0 0
vt 0 0
vt 0 0
vt 0 0
vt 0 0
vt 0 0
vt 0 0
vt 0 0
vt 0 0
vt 0 0
vt 0 0
vt 0 0
vt 0 0
vt 0 0
vt 0 0
vt 0 0
vt 0 0
vt 0 0
vt 0 0
vt 0 0
vt 0 0
vt 0 0
vt 0 0
vt 0 0
vt 0 0
vt 0 0
vt 0 0
vt 0 0
vt 0 0
vt 0 0
vt 0 0
vt 0 0
vt 0 0
vt 0 0
vt 0 0
vt 0 0
vt 0 0
vt 0 0
vt 0 0
vt 0 0
vt 0 0
vt 0 0
vt 0 0
vt 0 0
vt 0 0
vt 0 0
vt 0 0
vt 0 0
vt 0 0
vt 0 0
vt 0 0
vt 0 0
vt 0 0
vt 0 0
vt 0 0
vt 0 0
vt 0 0
vt 0 0
vt 0 0
vt 0 0
vt 0 0
vt 0 0
vt 0 0
vt 0 0
vt 0 0
vt 0 0
vt 0 0
vt 0 0
vt 0 0
vt 0 0
vt 0 0
vt 0 0
vt 0 0
vt 0 0
vt 0 0
vt 0 0
vt 0 0
vt 0 0
vt 0 0
vt 0 0
vt 0 0
vt 0 0
vt 0 0
vt 0 0
vt 0 0
vt 0 0
vt 0 0
vt 0 0
vt 0 0
vt 0 0
vt 0 0
vt 0 0
vt 0 0
vt 0 0
vt 0 0
vt 0 0
vt 0 0
vt 0 0
vt 0 0
vt 0 0
vt 0 0
vt 0 0
vt 0 0
vt 0 0
vt 0 0
vt 0 0
vt 0 0
vt 0 0
vt 0 0
vt 0 0
vt 0 0
vt 0 0
vt 0 0
vt 0 0
vt 0 0
vt 0 0
vt 0 0
vt 0 0
vt 0 0
vt 0 0
vt 0 0
vt 0 0
vt 0 0
vt 0 0
vt 0 0
vt 0 0
vt 0 0
vt 0 0
vt 0 0
vt 0 0
vt 0 0
vt 0 0
vt 0 0
vt 0 0
vt 0 0
vt 0 0
vt 0 0
vt 0 0
vt 0 0
vt 0 0
vt 0 0
vt 0 0
vt 0 0
vt 0 0
vt 0 0
vt 0 0
vt 0 0
vt 0 0
vt 0 0
vt 0 0
vt 0 0
vt 0 0
vt 0 0
vt 0 0
vt 0 0
vt 0 0
vt 0 0
vt 0 0
vt 0 0
vt 0 0
vt 0 0
vt 0 0
vt 0 0
vt 0 0
vt 0 0
vt 0 0
vt 0 0
vt 0 0
vt 0 0
vt 0 0
vt 0 0
vt 0 0
vt 0 0
vt 0 0
vt 0 0
vt 0 0
vt 0 0
vt 0 0
vt 0 0
vt 0 0
vt 0 0
vt 0 0
vt 0 0
vt 0 0
vt 0 0
vt 0 0
vt 0 0
vt 0 0
vt 0 0
vt 0 0
vt 0 0
vt 0 0
vt 0 0
vt 0 0
vt 0 0
vt 0 0
vt 0 0
vt 0 0
vt 0 0
vt 0 0
vt 0 0
vt 0 0
vt 0 0
vt 0 0
vt 0 0
vt 0 0
vt 0 0
vt 0 0
vt 0 0
vt 0 0
vt 0 0
vt 0 0
vt 0 0
vt 0 0
vt 0 0
vt 0 0
vt 0 0
vt 0 0
vt 0 0
vt 0 0
vt 0 0
vt 0 0
vt 0 0
vt 0 0
vt 0 0
vt 0 0
vt 0 0
vt 0 0
vt 0 0
vt 0 0
vt 0 0
vt 0 0
vt 0 0
vt 0 0
vt 0 0
vt 0 0
vt 0 0
vt 0 0
vt 0 0
vt 0 0
vt 0 0
vt 0 0
vt 0 0
vt 0 0
vt 0 0
vt 0 0
vt 0 0
vt 0 0
vt 0 0
vt 0 0
vt 0 0
vt 0 0
vt 0 0
vt 0 0
vt 0 0
vt 0 0
vt 0 0
vt 0 0
vt 0 0
vt 0 0
vt 0 0
vt 0 0
vt 0 0
vt 0 0
vt 0 0
vt 0 0
vt 0 0
vt 0 0
vt 0 0
vt 0 0
vt 0 0
vt 0 0
vt 0 0
vt 0 0
vt 0 0
vt 0 0
vt 0 0
vt 0 0
vt 0 0
vt 0 0
vt 0 0
vt 0 0
vt 0 0
vt 0 0
vt 0 0
vt 0 0
vt 0 0
vt 0 0
vt 0 0
vt 0 0
vt 0 0
vt 0 0
vt 0 0
vt 0 0
vt 0 0
vt 0 0
vt 0 0
vt 0 0
vt 0 0
vt 0 0
vt 0 0
vt 0 0
vt 0 0
vt 0 0
vt 0 0
vt 0 0
vt 0 0
vt 0 0
vt 0 0
vt 0 0
vt 0 0
vt 0 0
vt 0 0
vt 0 0
vt 0 0
vt 0 0
vt 0 0
vt 0 0
vt 0 0
vt 0 0
vt 0 0
vt 0 0
vt 0 0
vt 0 0
vt 0 0
vt 0 0
vt 0 0
vt 0 0
vt 0 0
vt 0 0
vt 0 0
vt 0 0
vt 0 0
vt 0 0
vt 0 0
vt 0 0
vt 0 0
vt 0 0
vt 0 0
vt 0 0
vt 0 0
vt 0 0
vt 0 0
vt 0 0
vt 0 0
vt 0 0
vt 0 0
vt 0 0
vt 0 0
vt 0 0
vt 0 0
vt 0 0
vt 0 0
vt 0 0
vt 0 0
vt 0 0
vt 0 0
vt 0 0
vt 0 0
vt 0 0
vt 0 0
vt 0 0
vt 0 0
vt 0 0
vt 0 0
vt 0 0
vt 0 0
vt 0 0
vt 0 0
vt 0 0
vt 0 0
vt 0 0
vt 0 0
vt 0 0
vt 0 0
vt 0 0
vt 0 0
vt 0 0
vt 0 0
vt 0 0
vt 0 0
vt 0 0
vt 0 0
vt 0 0
vt 0 0
vt 0 0
vt 0 0
vt 0 0
vt 0 0
vt 0 0
vt 0 0
vt 0 0
vt 0 0
vt 0 0
vt 0 0
vt 0 0
vt 0 0
vt 0 0
vt 0 0
vt 0 0
vt 0 0
vt 0 0
vt 0 0
vt 0 0
vt 0 0
vt 0 0
vt 0 0
vt 0 0
vt 0 0
vt 0 0
vt 0 0
vt 0 0
vt 0 0
vt 0 0
vt 0 0
vt 0 0
vt 0 0
vt 0 0
vt 0 0
vt 0 0
vt 0 0
vt 0 0
vt 0 0
vt 0 0
vt 0 0
vt 0 0
vt 0 0
vt 0 0
vt 0 0
vt 0 0
vt 0 0
vt 0 0
vt 0 0
vt 0 0
vt 0 0
vt 0 0
vt 0 0
vt 0 0
vt 0 0
vt 0 0
vt 0 0
vt 0 0
vt 0 0
vt 0 0
vt 0 0
vt 0 0
vt 0 0
vt 0 0
vt 0 0
vt 0 0
vt 0 0
vt 0 0
vt 0 0
vt 0 0
vt 0 0
vt 0 0
vt 0 0
vt 0 0
vt 0 0
vt 0 0
vt 0 0
vt 0 0
vt 0 0
vt 0 0
vt 0 0
vt 0 0
vt 0 0
vt 0 0
vt 0 0
vt 0 0
vt 0 0
vt 0 0
vt 0 0
vt 0 0
vt 0 0
vt 0 0
vt 0 0
vt 0 0
vt 0 0
vt 0 0
vt 0 0
vt 0 0
vt 0 0
vt 0 0
vt 0 0
vt 0 0
vt 0 0
vt 0 0
vt 0 0
vt 0 0
vt 0 0
vt 0 0
vt 0 0
vt 0 0
vt 0 0
vt 0 0
vt 0 0
vt 0 0
vt 0 0
vt 0 0
vt 0 0
vt 0 0
vt 0 0
vt 0 0
vt 0 0
vt 0 0
vt 0 0
vt 0 0
vt 0 0
vt 0 0
vt 0 0
vt 0 0
vt 0 0
vt 0 0
vt 0 0
vt 0 0
vt 0 0
vt 0 0
vt 0 0
vt 0 0
vt 0 0
vt 0 0
vt 0 0
vt 0 0
vt 0 0
vt 0 0
vt 0 0
vt 0 0
vt 0 0
vt 0 0
vt 0 0
vt 0 0
vt 0 0
vt 0 0
vt 0 0
vt 0 0
vt 0 0
vt 0 0
vt 0 0
vt 0 0
vt 0 0
vt 0 0
vt 0 0
vt 0 0
vt 0 0
vt 0 0
vt 0 0
vt 0 0
vt 0 0
vt 0 0
vt 0 0
vt 0 0
vt 0 0
vt 0 0
vt 0 0
vt 0 0
vt 0 0
vt 0 0
vt 0 0
vt 0 0
vt 0 0
vt 0 0
vt 0 0
vt 0 0
vt 0 0
vt 0 0
vt 0 0
vt 0 0
vt 0 0
vt 0 0
vt 0 0
vt 0 0
vt 0 0
vt 0 0
vt 0 0
vt 0 0
vt 0 0
vt 0 0
vt 0 0
vt 0 0
vt 0 0
vt 0 0
vt 0 0
vt 0 0
vt 0 0
vt 0 0
vt 0 0
vt 0 0
vt 0 0
vt 0 0
vt 0 0
vt 0 0
vt 0 0
vt 0 0
vt 0 0
vt 0 0
vt 0 0
vt 0 0
vt 0 0
vt 0 0
vt 0 0
vt 0 0
vt 0 0
vt 0 0
vt 0 0
vt 0 0
vt 0 0
vt 0 0
vt 0 0
vt 0 0
vt 0 0
vt 0 0
vt 0 0
vt 0 0
vt 0 0
vt 0 0
vt 0 0
vt 0 0
vt 0 0
vt 0 0
vt 0 0
vt 0 0
vt 0 0
vt 0 0
vt 0 0
vt 0 0
vt 0 0
vt 0 0
vt 0 0
vt 0 0
vt 0 0
vt 0 0
vt 0 0
vt 0 0
vt 0 0
vt 0 0
vt 0 0
vt 0 0
vt 0 0
vt 0 0
vt 0 0
vt 0 0
vt 0 0
vt 0 0
vt 0 0
vt 0 0
vt 0 0
vt 0 0
vt 0 0
vt 0 0
vt 0 0
vt 0 0
vt 0 0
vt 0 0
vt 0 0
vt 0 0
vt 0 0
vt 0 0
vt 0 0
vt 0 0
vt 0 0
vt 0 0
vt 0 0
vt 0 0
vt 0 0
vt 0 0
vt 0 0
vt 0 0
vt 0 0
vt 0 0
vt 0 0
vt 0 0
vt 0 0
vt 0 0
vt 0 0
vt 0 0
vt 0 0
vt 0 0
vt 0 0
vt 0 0
vt 0 0
vt 0 0
vt 0 0
vt 0 0
vt 0 0
vt 0 0
vt 0 0
vt 0 0
vt 0 0
vt 0 0
vt 0 0
vt 0 0
vt 0 0
vt 0 0
vt 0 0
vt 0 0
vt 0 0
vt 0 0
vt 0 0
vt 0 0
vt 0 0
vt 0 0
vt 0 0
vt 0 0
vt 0 0
vt 0 0
vt 0 0
vt 0 0
vt 0 0
vt 0 0
vt 0 0
vt 0 0
vt 0 0
vt 0 0
vt 0 0
vt 0 0
vt 0 0
vt 0 0
vt 0 0
vt 0 0
vt 0 0
vt 0 0
vt 0 0
vt 0 0
vt 0 0
vt 0 0
vt 0 0
vt 0 0
vt 0 0
vt 0 0
vt 0 0
vt 0 0
vt 0 0
vt 0 0
vt 0 0
vt 0 0
vt 0 0
vt 0 0
vt 0 0
vt 0 0
vt 0 0
vt 0 0
vt 0 0
vt 0 0
vt 0 0
vt 0 0
vt 0 0
vt 0 0
vt 0 0
vt 0 0
vt 0 0
vt 0 0
vt 0 0
vt 0 0
vt 0 0
vt 0 0
vt 0 0
vt 0 0
vt 0 0
vt 0 0
vt 0 0
vt 0 0
vt 0 0
vt 0 0
vt 0 0
vt 0 0
vt 0 0
vt 0 0
vt 0 0
vt 0 0
vt 0 0
vt 0 0
vt 0 0
vt 0 0
vt 0 0
vt 0 0
vt 0 0
vt 0 0
vt 0 0
vt 0 0
vt 0 0
vt 0 0
vt 0 0
vt 0 0
vt 0 0
vt 0 0
vt 0 0
vt 0 0
vt 0 0
vt 0 0
vt 0 0
vt 0 0
vt 0 0
vt 0 0
vt 0 0
vt 0 0
vt 0 0
vt 0 0
vt 0 0
vt 0 0
vt 0 0
vt 0 0
vt 0 0
vt 0 0
vt 0 0
vt 0 0
vt 0 0
vt 0 0
vt 0 0
vt 0 0
vt 0 0
vt 0 0
vt 0 0
vt 0 0
vt 0 0
vt 0 0
vt 0 0
vt 0 0
vt 0 0
vt 0 0
vt 0 0
vt 0 0
vt 0 0
vt 0 0
vt 0 0
vt 0 0
vt 0 0
vt 0 0
vt 0 0
vt 0 0
vt 0 0
vt 0 0
vt 0 0
vt 0 0
vt 0 0
vt 0 0
vt 0 0
vt 0 0
vt 0 0
vt 0 0
vt 0 0
vt 0 0
vt 0 0
vt 0 0
vt 0 0
vt 0 0
vt 0 0
vt 0 0
vt 0 0
vt 0 0
vt 0 0
vt 0 0
vt 0 0
vt 0 0
vt 0 0
vt 0 0
vt 0 0
vt 0 0
vt 0 0
vt 0 0
vt 0 0
vt 0 0
vt 0 0
vt 0 0
vt 0 0
vt 0 0
vt 0 0
vt 0 0
vt 0 0
vt 0 0
vt 0 0
vt 0 0
vt 0 0
vt 0 0
vt 0 0
vt 0 0
vt 0 0
vt 0 0
vt 0 0
vt 0 0
vt 0 0
vt 0 0
vt 0 0
vt 0 0
vt 0 0
vt 0 0
vt 0 0
vt 0 0
vt 0 0
vt 0 0
vt 0 0
vt 0 0
vt 0 0
vt 0 0
vt 0 0
vt 0 0
vt 0 0
vt 0 0
vt 0 0
vt 0 0
vt 0 0
vt 0 0
vt 0 0
vt 0 0
vt 0 0
vt 0 0
vt 0 0
vt 0 0
vt 0 0
vt 0 0
vt 0 0
vt 0 0
vt 0 0
vt 0 0
vt 0 0
vt 0 0
vt 0 0
vt 0 0
vt 0 0
vt 0 0
vt 0 0
vt 0 0
vt 0 0
vt 0 0
vt 0 0
vt 0 0
vt 0 0
vt 0 0
vt 0 0
vt 0 0
vt 0 0
vt 0 0
vt 0 0
vt 0 0
vt 0 0
vt 0 0
vt 0 0
vt 0 0
vt 0 0
vt 0 0
vt 0 0
vt 0 0
vt 0 0
vt 0 0
vt 0 0
vt 0 0
vt 0 0
vt 0 0
vt 0 0
vt 0 0
vt 0 0
vt 0 0
vt 0 0
vt 0 0
vt 0 0
vt 0 0
vt 0 0
vt 0 0
vt 0 0
vt 0 0
vt 0 0
vt 0 0
vt 0 0
vt 0 0
vt 0 0
vt 0 0
vt 0 0
vt 0 0
vt 0 0
vt 0 0
vt 0 0
vt 0 0
vt 0 0
vt 0 0
vt 0 0
vt 0 0
vt 0 0
vt 0 0
vt 0 0
vt 0 0
vt 0 0
vt 0 0
vt 0 0
vt 0 0
vt 0 0
vt 0 0
vt 0 0
vt 0 0
vt 0 0
vt 0 0
vt 0 0
vt 0 0
vt 0 0
vt 0 0
vt 0 0
vt 0 0
vt 0 0
vt 0 0
vt 0 0
vt 0 0
vt 0 0
vt 0 0
vt 0 0
vt 0 0
vt 0 0
vt 0 0
vt 0 0
vt 0 0
vt 0 0
vt 0 0
vt 0 0
vt 0 0
vt 0 0
vt 0 0
vt 0 0
vt 0 0
vt 0 0
vt 0 0
vt 0 0
vt 0 0
vt 0 0
vt 0 0
vt 0 0
vt 0 0
vt 0 0
vt 0 0
vt 0 0
vt 0 0
vt 0 0
vt 0 0
vt 0 0
vt 0 0
vt 0 0
vt 0 0
vt 0 0
vt 0 0
vt 0 0
vt 0 0
vt 0 0
vt 0 0
vt 0 0
vt 0 0
vt 0 0
vt 0 0
vt 0 0
vt 0 0
vt 0 0
vt 0 0
vt 0 0
vt 0 0
vt 0 0
vt 0 0
vt 0 0
vt 0 0
vt 0 0
vt 0 0
vt 0 0
vt 0 0
vt 0 0
vt 0 0
vt 0 0
vt 0 0
vt 0 0
vt 0 0
vt 0 0
vt 0 0
vt 0 0
vt 0 0
vt 0 0
vt 0 0
vt 0 0
vt 0 0
vt 0 0
vt 0 0
vt 0 0
vt 0 0
vt 0 0
vt 0 0
vt 0 0
vt 0 0
vt 0 0
vt 0 0
vt 0 0
vt 0 0
vt 0 0
vt 0 0
vt 0 0
vt 0 0
vt 0 0
vt 0 0
vt 0 0
vt 0 0
vt 0 0
vt 0 0
vt 0 0
vt 0 0
vt 0 0
vt 0 0
vt 0 0
vt 0 0
vt 0 0
vt 0 0
vt 0 0
vt 0 0
vt 0 0
vt 0 0
vt 0 0
vt 0 0
vt 0 0
vt 0 0
vt 0 0
vt 0 0
vt 0 0
vt 0 0
vt 0 0
vt 0 0
vt 0 0
vt 0 0
vt 0 0
vt 0 0
vt 0 0
vt 0 0
vt 0 0
vt 0 0
vt 0 0
vt 0 0
vt 0 0
vt 0 0
vt 0 0
vt 0 0
vt 0 0
vt 0 0
vt 0 0
vt 0 0
vt 0 0
vt 0 0
vt 0 0
vt 0 0
vt 0 0
vt 0 0
vt 0 0
vt 0 0
vt 0 0
vt 0 0
vt 0 0
vt 0 0
vt 0 0
vt 0 0
vt 0 0
vt 0 0
vt 0 0
vt 0 0
vt 0 0
vt 0 0
vt 0 0
vt 0 0
vt 0 0
vt 0 0
vt 0 0
vt 0 0
vt 0 0
vt 0 0
vt 0 0
vt 0 0
vt 0 0
vt 0 0
vt 0 0
vt 0 0
vt 0 0
vt 0 0
vt 0 0
vt 0 0
vt 0 0
vt 0 0
vt 0 0
vt 0 0
vt 0 0
vt 0 0
vt 0 0
vt 0 0
vt 0 0
vt 0 0
vt 0 0
vt 0 0
vt 0 0
vt 0 0
vt 0 0
vt 0 0
vt 0 0
vt 0 0
vt 0 0
vt 0 0
vt 0 0
vt 0 0
vt 0 0
vt 0 0
vt 0 0
vt 0 0
vt 0 0
vt 0 0
vt 0 0
vt 0 0
vt 0 0
vt 0 0
vt 0 0
vt 0 0
vt 0 0
vt 0 0
vt 0 0
vt 0 0
vt 0 0
vt 0 0
vt 0 0
vt 0 0
vt 0 0
vt 0 0
vt 0 0
vt 0 0
vt 0 0
vt 0 0
vt 0 0
vt 0 0
vt 0 0
vt 0 0
vt 0 0
vt 0 0
vt 0 0
vt 0 0
vt 0 0
vt 0 0
vt 0 0
vt 0 0
vt 0 0
vt 0 0
vt 0 0
vt 0 0
vt 0 0
vt 0 0
vt 0 0
vt 0 0
vt 0 0
vt 0 0
vt 0 0
vt 0 0
vt 0 0
vt 0 0
vt 0 0
vt 0 0
vt 0 0
vt 0 0
vt 0 0
vt 0 0
vt 0 0
vt 0 0
vt 0 0
vt 0 0
vt 0 0
vt 0 0
vt 0 0
vt 0 0
vt 0 0
vt 0 0
vt 0 0
vt 0 0
vt 0 0
vt 0 0
vt 0 0
vt 0 0
vt 0 0
vt 0 0
vt 0 0
vt 0 0
vt 0 0
vt 0 0
vt 0 0
vt 0 0
vt 0 0
vt 0 0
vt 0 0
vt 0 0
vt 0 0
vt 0 0
vt 0 0
vt 0 0
vt 0 0
vt 0 0
vt 0 0
vt 0 0
vt 0 0
vt 0 0
vt 0 0
vt 0 0
vt 0 0
vt 0 0
vt 0 0
vt 0 0
vt 0 0
vt 0 0
vt 0 0
vt 0 0
vt 0 0
vt 0 0
vt 0 0
vt 0 0
vt 0 0
vt 0 0
vt 0 0
vt 0 0
vt 0 0
vt 0 0
vt 0 0
vt 0 0
vt 0 0
vt 0 0
vt 0 0
vt 0 0
vt 0 0
vt 0 0
vt 0 0
vt 0 0
vt 0 0
vt 0 0
vt 0 0
vt 0 0
vt 0 0
vt 0 0
vt 0 0
vt 0 0
vt 0 0
vt 0 0
vt 0 0
vt 0 0
vt 0 0
vt 0 0
vt 0 0
vt 0 0
vt 0 0
vt 0 0
vt 0 0
vt 0 0
vt 0 0
vt 0 0
vt 0 0
vt 0 0
vt 0 0
vt 0 0
vt 0 0
vt 0 0
vt 0 0
vt 0 0
vt 0 0
vt 0 0
vt 0 0
vt 0 0
vt 0 0
vt 0 0
vt 0 0
vt 0 0
vt 0 0
vt 0 0
vt 0 0
vt 0 0
vt 0 0
vt 0 0
vt 0 0
vt 0 0
vt 0 0
vt 0 0
vt 0 0
vt 0 0
vt 0 0
vt 0 0
vt 0 0
vt 0 0
vt 0 0
vt 0 0
vt 0 0
vt 0 0
vt 0 0
vt 0 0
vt 0 0
vt 0 0
vt 0 0
vt 0 0
vt 0 0
vt 0 0
vt 0 0
vt 0 0
vt 0 0
vt 0 0
vt 0 0
vt 0 0
vt 0 0
vt 0 0
vt 0 0
vt 0 0
vt 0 0
vt 0 0
vt 0 0
vt 0 0
vt 0 0
vt 0 0
vt 0 0
vt 0 0
vt 0 0
vt 0 0
vt 0 0
vt 0 0
vt 0 0
vt 0 0
vt 0 0
vt 0 0
vt 0 0
vt 0 0
vt 0 0
vt 0 0
vt 0 0
vt 0 0
vt 0 0
vt 0 0
vt 0 0
vt 0 0
vt 0 0
vt 0 0
vt 0 0
vt 0 0
vt 0 0
vt 0 0
vt 0 0
vt 0 0
vt 0 0
vt 0 0
vt 0 0
vt 0 0
vt 0 0
vt 0 0
vt 0 0
vt 0 0
vt 0 0
vt 0 0
vt 0 0
vt 0 0
vt 0 0
vt 0 0
vt 0 0
vt 0 0
vt 0 0
vt 0 0
vt 0 0
vt 0 0
vt 0 0
vt 0 0
vt 0 0
vt 0 0
vt 0 0
vt 0 0
vt 0 0
vt 0 0
vt 0 0
vt 0 0
vt 0 0
vt 0 0
vt 0 0
vt 0 0
vt 0 0
vt 0 0
vt 0 0
vt 0 0
vt 0 0
vt 0 0
vt 0 0
vt 0 0
vt 0 0
vt 0 0
vt 0 0
vt 0 0
vt 0 0
vt 0 0
vt 0 0
vt 0 0
vt 0 0
vt 0 0
vt 0 0
vt 0 0
vt 0 0
vt 0 0
vt 0 0
vt 0 0
vt 0 0
vt 0 0
vt 0 0
vt 0 0
vt 0 0
vt 0 0
vt 0 0
vt 0 0
vt 0 0
vt 0 0
vt 0 0
vt 0 0
vt 0 0
vt 0 0
vt 0 0
vt 0 0
vt 0 0
vt 0 0
vt 0 0
vt 0 0
vt 0 0
vt 0 0
vt 0 0
vt 0 0
vt 0 0
vt 0 0
vt 0 0
vt 0 0
vt 0 0
vt 0 0
vt 0 0
vt 0 0
vt 0 0
vt 0 0
vt 0 0
vt 0 0
vt 0 0
vt 0 0
vt 0 0
vt 0 0
vt 0 0
vt 0 0
vt 0 0
vt 0 0
vt 0 0
vt 0 0
vt 0 0
vt 0 0
vt 0 0
vt 0 0
vt 0 0
vt 0 0
vt 0 0
vt 0 0
vt 0 0
vt 0 0
vt 0 0
vt 0 0
vt 0 0
vt 0 0
vt 0 0
vt 0 0
vt 0 0
vt 0 0
vt 0 0
vt 0 0
vt 0 0
vt 0 0
vt 0 0
vt 0 0
vt 0 0
vt 0 0
vt 0 0
vt 0 0
vt 0 0
vt 0 0
vt 0 0
vt 0 0
vt 0 0
vt 0 0
vt 0 0
vt 0 0
vt 0 0
vt 0 0
vt 0 0
vt 0 0
vt 0 0
vt 0 0
vt 0 0
vt 0 0
vt 0 0
vt 0 0
vt 0 0
vt 0 0
vt 0 0
vt 0 0
vt 0 0
vt 0 0
vt 0 0
vt 0 0
vt 0 0
vt 0 0
vt 0 0
vt 0 0
vt 0 0
vt 0 0
vt 0 0
vt 0 0
vt 0 0
vt 0 0
vt 0 0
vt 0 0
vt 0 0
vt 0 0
vt 0 0
vt 0 0
vt 0 0
vt 0 0
vt 0 0
vt 0 0
vt 0 0
vt 0 0
vt 0 0
vt 0 0
vt 0 0
vt 0 0
vt 0 0
vt 0 0
vt 0 0
vt 0 0
vt 0 0
vt 0 0
vt 0 0
vt 0 0
vt 0 0
vt 0 0
vt 0 0
vt 0 0
vt 0 0
vt 0 0
vt 0 0
vt 0 0
vt 0 0
vt 0 0
vt 0 0
vt 0 0
vt 0 0
vt 0 0
vt 0 0
vt 0 0
vt 0 0
vt 0 0
vt 0 0
vt 0 0
vt 0 0
vt 0 0
vt 0 0
vt 0 0
vt 0 0
vt 0 0
vt 0 0
vt 0 0
vt 0 0
vt 0 0
vt 0 0
vt 0 0
vt 0 0
vt 0 0
vt 0 0
vt 0 0
vt 0 0
vt 0 0
vt 0 0
vt 0 0
vt 0 0
vt 0 0
vt 0 0
vt 0 0
vt 0 0
vt 0 0
vt 0 0
vt 0 0
vt 0 0
vt 0 0
vt 0 0
vt 0 0
vt 0 0
vt 0 0
vt 0 0
vt 0 0
vt 0 0
vt 0 0
vt 0 0
vt 0 0
vt 0 0
vt 0 0
vt 0 0
vt 0 0
vt 0 0
vt 0 0
vt 0 0
vt 0 0
vt 0 0
vt 0 0
vt 0 0
vt 0 0
vt 0 0
vt 0 0
vt 0 0
vt 0 0
vt 0 0
vt 0 0
vt 0 0
vt 0 0
vt 0 0
vt 0 0
vt 0 0
vt 0 0
vt 0 0
vt 0 0
vt 0 0
# 2502 texture coordinates
f 1816/1816 421/421 1404/1404 
f 50/50 1816/1816 1404/1404 
f 783/783 438/438 1331/1331 
f 438/438 437/437 1331/1331 
f 1332/1332 1331/1331 437/437 
f 1332/1332 437/437 419/419 
f 1816/1816 419/419 421/421 
f 1816/1816 1332/1332 419/419 
f 421/421 419/419 422/422 
f 419/419 437/437 422/422 
f 422/422 437/437 420/420 
f 420/420 434/434 422/422 
f 28/28 421/421 422/422 
f 422/422 1333/1333 28/28 
f 422/422 434/434 1333/1333 
f 424/424 426/426 71/71 
f 426/426 424/424 425/425 
f 423/423 71/71 426/426 
f 426/426 1334/1334 423/423 
f 1334/1334 426/426 439/439 
f 426/426 1335/1335 439/439 
f 1335/1335 432/432 439/439 
f 72/72 427/427 424/424 
f 1832/1832 429/429 427/427 
f 427/427 121/121 428/428 
f 791/791 478/478 429/429 
f 429/429 447/447 1336/1336 
f 427/427 429/429 1336/1336 
f 121/121 427/427 1336/1336 
f 121/121 1337/1337 430/430 
f 1336/1336 1337/1337 121/121 
f 447/447 1337/1337 1336/1336 
f 1337/1337 1338/1338 430/430 
f 425/425 430/430 426/426 
f 425/425 428/428 430/430 
f 425/425 424/424 428/428 
f 424/424 427/427 428/428 
f 426/426 430/430 1335/1335 
f 432/432 1335/1335 430/430 
f 430/430 1339/1339 432/432 
f 428/428 121/121 430/430 
f 1339/1339 430/430 1338/1338 
f 432/432 431/431 439/439 
f 431/431 432/432 1341/1341 
f 1338/1338 1377/1377 1339/1339 
f 1339/1339 1377/1377 1340/1340 
f 432/432 1339/1339 1340/1340 
f 1341/1341 432/432 1340/1340 
f 1341/1341 1340/1340 443/443 
f 1340/1340 476/476 443/443 
f 1333/1333 434/434 433/433 
f 420/420 1342/1342 434/434 
f 433/433 434/434 435/435 
f 434/434 1342/1342 435/435 
f 437/437 438/438 420/420 
f 420/420 1334/1334 1342/1342 
f 783/783 423/423 438/438 
f 420/420 438/438 1334/1334 
f 438/438 423/423 1334/1334 
f 1334/1334 439/439 1342/1342 
f 435/435 1342/1342 436/436 
f 436/436 1342/1342 122/122 
f 122/122 1342/1342 1343/1343 
f 1342/1342 439/439 1343/1343 
f 122/122 1344/1344 436/436 
f 122/122 1343/1343 440/440 
f 122/122 440/440 1344/1344 
f 439/439 431/431 1343/1343 
f 1341/1341 1343/1343 431/431 
f 440/440 1343/1343 1341/1341 
f 440/440 1341/1341 443/443 
f 433/433 442/442 1333/1333 
f 435/435 441/441 433/433 
f 436/436 441/441 435/435 
f 433/433 441/441 442/442 
f 442/442 445/445 513/513 
f 441/441 445/445 442/442 
f 440/440 443/443 473/473 
f 473/473 471/471 440/440 
f 1344/1344 471/471 444/444 
f 1344/1344 440/440 471/471 
f 444/444 471/471 446/446 
f 445/445 1345/1345 515/515 
f 445/445 444/444 1345/1345 
f 441/441 436/436 444/444 
f 436/436 1344/1344 444/444 
f 445/445 441/441 444/444 
f 444/444 123/123 1345/1345 
f 444/444 446/446 123/123 
f 515/515 1345/1345 124/124 
f 124/124 516/516 515/515 
f 123/123 446/446 1368/1368 
f 123/123 1368/1368 1346/1346 
f 1345/1345 123/123 124/124 
f 124/124 123/123 1346/1346 
f 124/124 1346/1346 516/516 
f 1901/1901 1349/1349 478/478 
f 478/478 1349/1349 447/447 
f 1349/1349 479/479 447/447 
f 1348/1348 1351/1351 1347/1347 
f 1347/1347 1351/1351 448/448 
f 1349/1349 448/448 479/479 
f 1901/1901 1347/1347 1349/1349 
f 1349/1349 1347/1347 448/448 
f 448/448 449/449 479/479 
f 448/448 453/453 449/449 
f 450/450 125/125 1912/1912 
f 450/450 1350/1350 125/125 
f 125/125 1350/1350 1352/1352 
f 1350/1350 452/452 1352/1352 
f 1350/1350 126/126 451/451 
f 1350/1350 451/451 452/452 
f 451/451 463/463 452/452 
f 452/452 463/463 128/128 
f 463/463 1360/1360 128/128 
f 1351/1351 453/453 448/448 
f 453/453 1351/1351 454/454 
f 1912/1912 125/125 1348/1348 
f 1348/1348 125/125 1351/1351 
f 1351/1351 125/125 1352/1352 
f 1351/1351 127/127 455/455 
f 1351/1351 1352/1352 127/127 
f 1352/1352 452/452 127/127 
f 127/127 452/452 128/128 
f 453/453 454/454 480/480 
f 1351/1351 455/455 454/454 
f 128/128 129/129 127/127 
f 127/127 129/129 455/455 
f 128/128 1360/1360 129/129 
f 129/129 1357/1357 456/456 
f 454/454 456/456 481/481 
f 454/454 455/455 456/456 
f 455/455 129/129 456/456 
f 456/456 1/1 135/135 
f 1357/1357 1/1 456/456 
f 1942/1942 457/457 1353/1353 
f 863/863 1355/1355 457/457 
f 1355/1355 1358/1358 457/457 
f 1943/1943 1354/1354 1355/1355 
f 1943/1943 1356/1356 1354/1354 
f 1355/1355 1354/1354 130/130 
f 1355/1355 130/130 1358/1358 
f 868/868 458/458 1356/1356 
f 1356/1356 458/458 461/461 
f 1354/1354 459/459 130/130 
f 1354/1354 1356/1356 459/459 
f 461/461 459/459 1356/1356 
f 461/461 460/460 459/459 
f 460/460 461/461 1361/1361 
f 1/1 1357/1357 467/467 
f 1357/1357 29/29 467/467 
f 129/129 1360/1360 1357/1357 
f 29/29 1357/1357 1360/1360 
f 1360/1360 462/462 29/29 
f 451/451 465/465 463/463 
f 465/465 464/464 463/463 
f 451/451 1353/1353 465/465 
f 1353/1353 457/457 465/465 
f 465/465 457/457 1358/1358 
f 464/464 465/465 1358/1358 
f 1358/1358 130/130 464/464 
f 462/462 466/466 1359/1359 
f 1360/1360 463/463 464/464 
f 462/462 1360/1360 466/466 
f 1360/1360 464/464 466/466 
f 464/464 130/130 466/466 
f 466/466 130/130 1359/1359 
f 1359/1359 460/460 1363/1363 
f 130/130 459/459 1359/1359 
f 1359/1359 459/459 460/460 
f 460/460 942/942 1363/1363 
f 460/460 1361/1361 942/942 
f 462/462 468/468 29/29 
f 462/462 1365/1365 468/468 
f 467/467 29/29 468/468 
f 468/468 1362/1362 467/467 
f 468/468 1365/1365 1362/1362 
f 1365/1365 1366/1366 1362/1362 
f 1362/1362 1366/1366 494/494 
f 1359/1359 1365/1365 462/462 
f 1359/1359 1363/1363 1365/1365 
f 469/469 1363/1363 942/942 
f 469/469 942/942 1364/1364 
f 1366/1366 1365/1365 469/469 
f 1365/1365 1363/1363 469/469 
f 469/469 1386/1386 1366/1366 
f 469/469 1364/1364 1367/1367 
f 469/469 1367/1367 1386/1386 
f 1368/1368 446/446 472/472 
f 496/496 1346/1346 1369/1369 
f 1369/1369 1346/1346 1368/1368 
f 1368/1368 470/470 1369/1369 
f 470/470 6/6 1369/1369 
f 1369/1369 6/6 1370/1370 
f 471/471 472/472 446/446 
f 472/472 471/471 1371/1371 
f 471/471 473/473 1371/1371 
f 473/473 1381/1381 1371/1371 
f 1381/1381 137/137 1371/1371 
f 137/137 474/474 1371/1371 
f 1368/1368 472/472 470/470 
f 470/470 472/472 1372/1372 
f 472/472 1371/1371 1372/1372 
f 6/6 1372/1372 475/475 
f 6/6 470/470 1372/1372 
f 1371/1371 474/474 1372/1372 
f 6/6 475/475 1373/1373 
f 1373/1373 475/475 1374/1374 
f 1372/1372 474/474 475/475 
f 475/475 474/474 1375/1375 
f 475/475 1375/1375 1374/1374 
f 1374/1374 1375/1375 482/482 
f 1374/1374 1376/1376 143/143 
f 482/482 1376/1376 1374/1374 
f 482/482 489/489 1376/1376 
f 476/476 1381/1381 443/443 
f 476/476 131/131 1381/1381 
f 1338/1338 1378/1378 1377/1377 
f 1377/1377 1378/1378 477/477 
f 1340/1340 1377/1377 476/476 
f 476/476 1377/1377 477/477 
f 131/131 476/476 477/477 
f 131/131 132/132 1381/1381 
f 477/477 132/132 131/131 
f 1337/1337 1378/1378 1338/1338 
f 1337/1337 30/30 1378/1378 
f 429/429 478/478 447/447 
f 1337/1337 447/447 30/30 
f 447/447 479/479 30/30 
f 133/133 479/479 449/449 
f 133/133 30/30 479/479 
f 477/477 134/134 132/132 
f 132/132 134/134 1380/1380 
f 477/477 1378/1378 134/134 
f 1378/1378 30/30 134/134 
f 134/134 480/480 1380/1380 
f 133/133 480/480 134/134 
f 134/134 30/30 133/133 
f 133/133 449/449 480/480 
f 480/480 449/449 453/453 
f 132/132 1380/1380 1379/1379 
f 1380/1380 481/481 1379/1379 
f 1379/1379 481/481 1382/1382 
f 480/480 454/454 481/481 
f 1380/1380 480/480 481/481 
f 481/481 135/135 1382/1382 
f 456/456 135/135 481/481 
f 1376/1376 489/489 488/488 
f 474/474 31/31 1375/1375 
f 489/489 482/482 136/136 
f 482/482 1375/1375 31/31 
f 31/31 136/136 482/482 
f 484/484 490/490 136/136 
f 1381/1381 483/483 137/137 
f 443/443 1381/1381 473/473 
f 1381/1381 132/132 483/483 
f 474/474 137/137 31/31 
f 31/31 137/137 485/485 
f 137/137 483/483 485/485 
f 136/136 485/485 484/484 
f 136/136 31/31 485/485 
f 484/484 485/485 486/486 
f 485/485 483/483 486/486 
f 483/483 132/132 486/486 
f 484/484 138/138 490/490 
f 484/484 487/487 138/138 
f 132/132 1379/1379 486/486 
f 484/484 486/486 1382/1382 
f 486/486 1379/1379 1382/1382 
f 487/487 484/484 1382/1382 
f 1382/1382 135/135 487/487 
f 135/135 1/1 487/487 
f 488/488 489/489 140/140 
f 140/140 1383/1383 488/488 
f 136/136 139/139 489/489 
f 139/139 140/140 489/489 
f 490/490 139/139 136/136 
f 139/139 32/32 140/140 
f 1383/1383 140/140 492/492 
f 140/140 32/32 492/492 
f 487/487 1384/1384 138/138 
f 138/138 1384/1384 490/490 
f 487/487 1/1 467/467 
f 487/487 467/467 1384/1384 
f 1384/1384 491/491 490/490 
f 1384/1384 467/467 491/491 
f 467/467 1362/1362 491/491 
f 491/491 1362/1362 493/493 
f 1385/1385 492/492 493/493 
f 32/32 139/139 490/490 
f 490/490 491/491 32/32 
f 492/492 32/32 493/493 
f 493/493 32/32 491/491 
f 493/493 1362/1362 494/494 
f 493/493 1386/1386 1385/1385 
f 1385/1385 1386/1386 503/503 
f 494/494 1386/1386 493/493 
f 494/494 1366/1366 1386/1386 
f 503/503 1386/1386 1367/1367 
f 1346/1346 495/495 516/516 
f 1346/1346 496/496 495/495 
f 495/495 496/496 33/33 
f 1369/1369 497/497 496/496 
f 6/6 499/499 1370/1370 
f 1369/1369 1370/1370 497/497 
f 1370/1370 499/499 497/497 
f 499/499 142/142 497/497 
f 496/496 497/497 33/33 
f 497/497 141/141 33/33 
f 142/142 141/141 497/497 
f 1373/1373 499/499 6/6 
f 1374/1374 1387/1387 1373/1373 
f 1373/1373 1387/1387 499/499 
f 1376/1376 488/488 143/143 
f 1374/1374 143/143 1387/1387 
f 143/143 1388/1388 1387/1387 
f 1388/1388 1400/1400 1392/1392 
f 141/141 144/144 7/7 
f 141/141 498/498 144/144 
f 141/141 142/142 498/498 
f 142/142 1389/1389 498/498 
f 498/498 1390/1390 144/144 
f 498/498 1389/1389 1390/1390 
f 142/142 499/499 1389/1389 
f 1389/1389 1387/1387 1390/1390 
f 499/499 1387/1387 1389/1389 
f 1390/1390 1388/1388 1392/1392 
f 1387/1387 1388/1388 1390/1390 
f 1391/1391 501/501 144/144 
f 1390/1390 1391/1391 144/144 
f 1392/1392 1399/1399 500/500 
f 1390/1390 1392/1392 500/500 
f 1399/1399 1393/1393 500/500 
f 1390/1390 500/500 1391/1391 
f 501/501 500/500 1393/1393 
f 501/501 1391/1391 500/500 
f 1383/1383 1394/1394 488/488 
f 492/492 1385/1385 502/502 
f 1385/1385 1397/1397 502/502 
f 1383/1383 492/492 502/502 
f 1394/1394 1383/1383 502/502 
f 503/503 1395/1395 504/504 
f 502/502 1396/1396 35/35 
f 502/502 1397/1397 1396/1396 
f 1397/1397 145/145 1396/1396 
f 1396/1396 145/145 34/34 
f 1385/1385 503/503 1397/1397 
f 1397/1397 503/503 504/504 
f 145/145 1397/1397 504/504 
f 504/504 1395/1395 145/145 
f 1396/1396 34/34 35/35 
f 34/34 145/145 1398/1398 
f 1393/1393 505/505 508/508 
f 1393/1393 1399/1399 505/505 
f 1399/1399 507/507 505/505 
f 508/508 505/505 146/146 
f 505/505 507/507 146/146 
f 143/143 1394/1394 1388/1388 
f 1388/1388 1394/1394 35/35 
f 1400/1400 1388/1388 35/35 
f 143/143 488/488 1394/1394 
f 1394/1394 502/502 35/35 
f 507/507 506/506 146/146 
f 1392/1392 1400/1400 1399/1399 
f 1399/1399 1400/1400 507/507 
f 1400/1400 35/35 507/507 
f 506/506 507/507 35/35 
f 506/506 1401/1401 146/146 
f 35/35 34/34 506/506 
f 506/506 1398/1398 1401/1401 
f 506/506 34/34 1398/1398 
f 508/508 146/146 147/147 
f 147/147 509/509 508/508 
f 508/508 509/509 545/545 
f 147/147 36/36 509/509 
f 1398/1398 1402/1402 1401/1401 
f 1398/1398 286/286 1402/1402 
f 286/286 1403/1403 1402/1402 
f 509/509 36/36 162/162 
f 146/146 1401/1401 147/147 
f 147/147 1401/1401 36/36 
f 1401/1401 1402/1402 36/36 
f 1402/1402 1403/1403 36/36 
f 36/36 898/898 162/162 
f 1403/1403 898/898 36/36 
f 421/421 1405/1405 1404/1404 
f 1405/1405 510/510 1404/1404 
f 1404/1404 510/510 49/49 
f 421/421 511/511 1405/1405 
f 421/421 28/28 511/511 
f 1333/1333 523/523 28/28 
f 511/511 28/28 523/523 
f 523/523 522/522 511/511 
f 510/510 1405/1405 511/511 
f 510/510 511/511 1406/1406 
f 1406/1406 511/511 522/522 
f 1406/1406 512/512 510/510 
f 1406/1406 1408/1408 512/512 
f 1406/1406 522/522 1407/1407 
f 1406/1406 1407/1407 1408/1408 
f 1407/1407 1413/1413 1408/1408 
f 512/512 1408/1408 153/153 
f 153/153 1409/1409 512/512 
f 1333/1333 148/148 523/523 
f 442/442 513/513 1333/1333 
f 1333/1333 513/513 148/148 
f 445/445 515/515 513/513 
f 513/513 149/149 148/148 
f 513/513 150/150 149/149 
f 149/149 151/151 514/514 
f 516/516 1471/1471 1410/1410 
f 515/515 516/516 1410/1410 
f 1410/1410 1411/1411 515/515 
f 1471/1471 1412/1412 1410/1410 
f 1411/1411 1410/1410 1412/1412 
f 149/149 150/150 151/151 
f 513/513 515/515 150/150 
f 150/150 515/515 1411/1411 
f 150/150 518/518 151/151 
f 150/150 1411/1411 518/518 
f 518/518 520/520 151/151 
f 520/520 517/517 151/151 
f 1411/1411 519/519 518/518 
f 1411/1411 1412/1412 519/519 
f 518/518 519/519 520/520 
f 519/519 1469/1469 520/520 
f 520/520 1469/1469 152/152 
f 517/517 520/520 1422/1422 
f 520/520 152/152 1422/1422 
f 1409/1409 153/153 526/526 
f 1408/1408 1413/1413 153/153 
f 1413/1413 1414/1414 153/153 
f 153/153 1414/1414 154/154 
f 1407/1407 521/521 1413/1413 
f 522/522 521/521 1407/1407 
f 1413/1413 521/521 1414/1414 
f 1414/1414 521/521 524/524 
f 524/524 1420/1420 1414/1414 
f 523/523 525/525 522/522 
f 525/525 523/523 148/148 
f 525/525 148/148 514/514 
f 148/148 149/149 514/514 
f 524/524 1415/1415 1416/1416 
f 1420/1420 524/524 1416/1416 
f 1416/1416 1415/1415 37/37 
f 522/522 525/525 521/521 
f 524/524 521/521 1415/1415 
f 521/521 525/525 1415/1415 
f 1415/1415 514/514 37/37 
f 1415/1415 525/525 514/514 
f 1416/1416 1421/1421 1420/1420 
f 1416/1416 1417/1417 1421/1421 
f 37/37 1417/1417 1416/1416 
f 37/37 514/514 517/517 
f 514/514 151/151 517/517 
f 1417/1417 37/37 1418/1418 
f 37/37 517/517 1422/1422 
f 1418/1418 37/37 1422/1422 
f 1414/1414 528/528 154/154 
f 153/153 154/154 526/526 
f 526/526 154/154 155/155 
f 1420/1420 528/528 1414/1414 
f 1420/1420 527/527 528/528 
f 528/528 527/527 1419/1419 
f 154/154 528/528 1419/1419 
f 155/155 1419/1419 529/529 
f 154/154 1419/1419 155/155 
f 155/155 529/529 156/156 
f 529/529 530/530 156/156 
f 1421/1421 527/527 1420/1420 
f 1417/1417 531/531 1421/1421 
f 1421/1421 38/38 527/527 
f 531/531 532/532 1421/1421 
f 1421/1421 532/532 38/38 
f 1422/1422 157/157 1424/1424 
f 1418/1418 1422/1422 1424/1424 
f 157/157 1425/1425 1424/1424 
f 532/532 531/531 1423/1423 
f 1417/1417 1418/1418 531/531 
f 1418/1418 1424/1424 531/531 
f 531/531 1424/1424 1423/1423 
f 1424/1424 1426/1426 1423/1423 
f 1424/1424 1425/1425 1426/1426 
f 1423/1423 1426/1426 532/532 
f 532/532 1426/1426 534/534 
f 530/530 158/158 533/533 
f 529/529 1427/1427 158/158 
f 530/530 529/529 158/158 
f 529/529 1419/1419 1427/1427 
f 1419/1419 527/527 1427/1427 
f 527/527 38/38 1427/1427 
f 158/158 1427/1427 534/534 
f 534/534 1427/1427 38/38 
f 158/158 534/534 1429/1429 
f 534/534 159/159 1429/1429 
f 38/38 532/532 534/534 
f 534/534 1426/1426 159/159 
f 1426/1426 1456/1456 159/159 
f 530/530 533/533 1546/1546 
f 1429/1429 1430/1430 158/158 
f 158/158 1430/1430 535/535 
f 533/533 158/158 535/535 
f 535/535 1428/1428 533/533 
f 535/535 1431/1431 1428/1428 
f 1456/1456 561/561 159/159 
f 561/561 170/170 159/159 
f 535/535 1430/1430 1431/1431 
f 1430/1430 170/170 1431/1431 
f 1429/1429 159/159 1430/1430 
f 159/159 170/170 1430/1430 
f 1431/1431 536/536 537/537 
f 170/170 536/536 1431/1431 
f 495/495 33/33 1472/1472 
f 33/33 1473/1473 1472/1472 
f 141/141 538/538 33/33 
f 33/33 538/538 1473/1473 
f 1473/1473 538/538 1432/1432 
f 501/501 539/539 144/144 
f 144/144 539/539 7/7 
f 539/539 1436/1436 7/7 
f 508/508 1439/1439 1393/1393 
f 501/501 1393/1393 1433/1433 
f 1393/1393 1439/1439 1433/1433 
f 539/539 1434/1434 1436/1436 
f 539/539 501/501 1434/1434 
f 501/501 1433/1433 1434/1434 
f 538/538 540/540 1432/1432 
f 538/538 1435/1435 540/540 
f 141/141 7/7 538/538 
f 538/538 7/7 1435/1435 
f 540/540 1435/1435 160/160 
f 1435/1435 1436/1436 160/160 
f 7/7 1436/1436 1435/1435 
f 160/160 1436/1436 1434/1434 
f 1434/1434 542/542 160/160 
f 540/540 541/541 1432/1432 
f 160/160 541/541 540/540 
f 542/542 1437/1437 160/160 
f 542/542 164/164 1437/1437 
f 543/543 541/541 544/544 
f 541/541 160/160 544/544 
f 160/160 1437/1437 544/544 
f 1437/1437 164/164 544/544 
f 543/543 544/544 161/161 
f 544/544 1438/1438 161/161 
f 508/508 545/545 1439/1439 
f 1439/1439 545/545 1444/1444 
f 545/545 547/547 1444/1444 
f 162/162 347/347 509/509 
f 162/162 39/39 347/347 
f 39/39 348/348 347/347 
f 545/545 347/347 547/547 
f 509/509 347/347 545/545 
f 544/544 1440/1440 1438/1438 
f 544/544 163/163 1440/1440 
f 164/164 163/163 544/544 
f 1440/1440 163/163 546/546 
f 542/542 165/165 164/164 
f 165/165 1441/1441 164/164 
f 163/163 164/164 546/546 
f 546/546 164/164 1441/1441 
f 546/546 1441/1441 548/548 
f 1441/1441 1445/1445 549/549 
f 1434/1434 165/165 542/542 
f 1433/1433 1442/1442 1434/1434 
f 165/165 1434/1434 1442/1442 
f 1433/1433 1439/1439 1442/1442 
f 1439/1439 1444/1444 1442/1442 
f 1441/1441 1443/1443 1445/1445 
f 1441/1441 165/165 1442/1442 
f 1441/1441 1442/1442 1443/1443 
f 1442/1442 1444/1444 1443/1443 
f 1443/1443 1444/1444 547/547 
f 1443/1443 547/547 1445/1445 
f 547/547 554/554 1445/1445 
f 547/547 2150/2150 551/551 
f 546/546 166/166 1440/1440 
f 548/548 166/166 546/546 
f 1440/1440 166/166 596/596 
f 166/166 40/40 596/596 
f 1441/1441 549/549 548/548 
f 166/166 548/548 1446/1446 
f 548/548 549/549 1446/1446 
f 166/166 1446/1446 40/40 
f 549/549 550/550 1446/1446 
f 1446/1446 550/550 1447/1447 
f 550/550 8/8 1447/1447 
f 554/554 551/551 167/167 
f 547/547 551/551 554/554 
f 551/551 2148/2148 167/167 
f 167/167 2148/2148 168/168 
f 2148/2148 556/556 168/168 
f 8/8 550/550 552/552 
f 553/553 552/552 550/550 
f 549/549 1445/1445 553/553 
f 1445/1445 554/554 553/553 
f 553/553 1448/1448 552/552 
f 550/550 549/549 553/553 
f 553/553 554/554 1448/1448 
f 1448/1448 1449/1449 552/552 
f 554/554 167/167 1448/1448 
f 1449/1449 1448/1448 168/168 
f 1448/1448 167/167 168/168 
f 8/8 1450/1450 1496/1496 
f 8/8 552/552 1450/1450 
f 1450/1450 557/557 555/555 
f 168/168 1451/1451 1449/1449 
f 1449/1449 1451/1451 1452/1452 
f 168/168 556/556 1451/1451 
f 556/556 2146/2146 1451/1451 
f 552/552 1452/1452 1450/1450 
f 552/552 1449/1449 1452/1452 
f 557/557 1452/1452 558/558 
f 1450/1450 1452/1452 557/557 
f 1452/1452 1451/1451 558/558 
f 1451/1451 2146/2146 558/558 
f 557/557 558/558 1497/1497 
f 2146/2146 1047/1047 558/558 
f 1497/1497 558/558 559/559 
f 558/558 1047/1047 559/559 
f 536/536 560/560 537/537 
f 537/537 560/560 601/601 
f 170/170 560/560 536/536 
f 170/170 1453/1453 560/560 
f 1453/1453 1499/1499 560/560 
f 561/561 1462/1462 169/169 
f 170/170 561/561 169/169 
f 169/169 41/41 170/170 
f 169/169 564/564 41/41 
f 1453/1453 170/170 41/41 
f 1453/1453 1454/1454 1499/1499 
f 41/41 1454/1454 1453/1453 
f 41/41 172/172 1455/1455 
f 172/172 1460/1460 1455/1455 
f 41/41 1455/1455 1454/1454 
f 1455/1455 562/562 1454/1454 
f 1426/1426 563/563 1456/1456 
f 563/563 42/42 1456/1456 
f 1425/1425 1458/1458 1426/1426 
f 1426/1426 1458/1458 563/563 
f 1425/1425 157/157 1458/1458 
f 157/157 1457/1457 1458/1458 
f 42/42 563/563 171/171 
f 563/563 1458/1458 171/171 
f 171/171 1458/1458 1457/1457 
f 42/42 171/171 1459/1459 
f 1457/1457 585/585 171/171 
f 171/171 585/585 1465/1465 
f 1455/1455 1460/1460 562/562 
f 562/562 1460/1460 1504/1504 
f 1504/1504 1460/1460 1461/1461 
f 1460/1460 172/172 1461/1461 
f 172/172 1463/1463 1461/1461 
f 561/561 1456/1456 1462/1462 
f 1456/1456 42/42 1462/1462 
f 169/169 1462/1462 564/564 
f 564/564 1462/1462 1463/1463 
f 1462/1462 42/42 1463/1463 
f 41/41 564/564 172/172 
f 172/172 564/564 1463/1463 
f 1463/1463 42/42 1459/1459 
f 1463/1463 1464/1464 1461/1461 
f 1464/1464 1465/1465 566/566 
f 1464/1464 1459/1459 1465/1465 
f 1463/1463 1459/1459 1464/1464 
f 1459/1459 171/171 1465/1465 
f 1461/1461 568/568 1504/1504 
f 1504/1504 568/568 565/565 
f 568/568 1466/1466 565/565 
f 565/565 1466/1466 1506/1506 
f 1466/1466 569/569 1506/1506 
f 566/566 173/173 1464/1464 
f 1465/1465 581/581 566/566 
f 566/566 567/567 173/173 
f 566/566 581/581 567/567 
f 1461/1461 1464/1464 568/568 
f 568/568 1464/1464 173/173 
f 1466/1466 568/568 173/173 
f 173/173 569/569 1466/1466 
f 173/173 1467/1467 569/569 
f 1467/1467 174/174 569/569 
f 567/567 1467/1467 173/173 
f 1467/1467 1477/1477 174/174 
f 1422/1422 152/152 1468/1468 
f 519/519 175/175 1469/1469 
f 152/152 1470/1470 1468/1468 
f 152/152 1469/1469 1470/1470 
f 1469/1469 175/175 1470/1470 
f 175/175 44/44 1470/1470 
f 1412/1412 570/570 519/519 
f 1412/1412 574/574 570/570 
f 574/574 43/43 570/570 
f 175/175 519/519 43/43 
f 519/519 570/570 43/43 
f 43/43 571/571 175/175 
f 175/175 571/571 44/44 
f 1471/1471 572/572 1412/1412 
f 1412/1412 572/572 574/574 
f 516/516 495/495 1472/1472 
f 516/516 1472/1472 1471/1471 
f 1471/1471 1472/1472 572/572 
f 572/572 1472/1472 1473/1473 
f 572/572 1473/1473 575/575 
f 575/575 1473/1473 1432/1432 
f 571/571 573/573 577/577 
f 43/43 573/573 571/571 
f 572/572 575/575 574/574 
f 573/573 177/177 576/576 
f 573/573 176/176 177/177 
f 43/43 574/574 573/573 
f 573/573 574/574 176/176 
f 176/176 574/574 575/575 
f 176/176 575/575 177/177 
f 575/575 1432/1432 177/177 
f 573/573 576/576 577/577 
f 577/577 576/576 1474/1474 
f 1432/1432 541/541 177/177 
f 576/576 541/541 543/543 
f 576/576 177/177 541/541 
f 576/576 1475/1475 1474/1474 
f 576/576 161/161 1475/1475 
f 576/576 543/543 161/161 
f 1475/1475 578/578 1474/1474 
f 1475/1475 1486/1486 578/578 
f 1475/1475 161/161 1486/1486 
f 161/161 1438/1438 1486/1486 
f 174/174 1477/1477 1476/1476 
f 1477/1477 579/579 1476/1476 
f 1477/1477 1487/1487 579/579 
f 567/567 178/178 1467/1467 
f 1467/1467 178/178 580/580 
f 1477/1477 580/580 1487/1487 
f 1467/1467 580/580 1477/1477 
f 567/567 581/581 178/178 
f 581/581 1478/1478 178/178 
f 581/581 180/180 1478/1478 
f 180/180 45/45 1478/1478 
f 1478/1478 45/45 583/583 
f 580/580 582/582 1487/1487 
f 580/580 178/178 1479/1479 
f 580/580 1479/1479 582/582 
f 1479/1479 1478/1478 583/583 
f 1479/1479 178/178 1478/1478 
f 1479/1479 584/584 582/582 
f 584/584 179/179 582/582 
f 583/583 584/584 1479/1479 
f 45/45 1480/1480 583/583 
f 583/583 1481/1481 584/584 
f 1480/1480 1481/1481 583/583 
f 584/584 1481/1481 179/179 
f 1481/1481 593/593 179/179 
f 1481/1481 9/9 593/593 
f 1465/1465 180/180 581/581 
f 585/585 180/180 1465/1465 
f 1457/1457 181/181 585/585 
f 180/180 585/585 586/586 
f 585/585 181/181 586/586 
f 181/181 183/183 586/586 
f 157/157 1468/1468 1457/1457 
f 1422/1422 1468/1468 157/157 
f 1468/1468 1470/1470 44/44 
f 1457/1457 1468/1468 181/181 
f 1468/1468 44/44 181/181 
f 44/44 571/571 182/182 
f 181/181 44/44 182/182 
f 571/571 577/577 182/182 
f 1481/1481 587/587 9/9 
f 1481/1481 1480/1480 587/587 
f 587/587 1480/1480 46/46 
f 1480/1480 1483/1483 46/46 
f 45/45 180/180 1482/1482 
f 180/180 183/183 1482/1482 
f 180/180 586/586 183/183 
f 46/46 1483/1483 1484/1484 
f 1483/1483 183/183 1484/1484 
f 1480/1480 1482/1482 1483/1483 
f 1480/1480 45/45 1482/1482 
f 1482/1482 183/183 1483/1483 
f 183/183 181/181 182/182 
f 183/183 182/182 1484/1484 
f 9/9 587/587 184/184 
f 587/587 46/46 184/184 
f 46/46 590/590 184/184 
f 1484/1484 588/588 46/46 
f 588/588 589/589 46/46 
f 182/182 588/588 1484/1484 
f 182/182 577/577 588/588 
f 577/577 1474/1474 588/588 
f 588/588 1474/1474 589/589 
f 1474/1474 578/578 589/589 
f 590/590 589/589 591/591 
f 590/590 46/46 589/589 
f 589/589 578/578 591/591 
f 591/591 1485/1485 590/590 
f 591/591 1486/1486 1485/1485 
f 578/578 1486/1486 591/591 
f 1486/1486 1438/1438 595/595 
f 1476/1476 579/579 1516/1516 
f 579/579 592/592 1516/1516 
f 1487/1487 582/582 579/579 
f 582/582 185/185 579/579 
f 579/579 185/185 1488/1488 
f 579/579 1488/1488 592/592 
f 593/593 598/598 179/179 
f 582/582 179/179 185/185 
f 179/179 1489/1489 185/185 
f 598/598 1489/1489 179/179 
f 1488/1488 185/185 1518/1518 
f 185/185 1489/1489 1518/1518 
f 1489/1489 594/594 1518/1518 
f 1489/1489 1490/1490 594/594 
f 594/594 186/186 1518/1518 
f 184/184 1491/1491 9/9 
f 184/184 1492/1492 1491/1491 
f 1492/1492 1493/1493 1491/1491 
f 1486/1486 595/595 1485/1485 
f 1438/1438 1440/1440 595/595 
f 595/595 1440/1440 596/596 
f 1485/1485 595/595 596/596 
f 596/596 597/597 1485/1485 
f 1492/1492 597/597 1493/1493 
f 590/590 1485/1485 184/184 
f 184/184 1485/1485 1492/1492 
f 1492/1492 1485/1485 597/597 
f 597/597 596/596 40/40 
f 597/597 1447/1447 1493/1493 
f 1493/1493 1447/1447 1495/1495 
f 597/597 40/40 1447/1447 
f 40/40 1446/1446 1447/1447 
f 1490/1490 599/599 594/594 
f 594/594 599/599 186/186 
f 186/186 599/599 1494/1494 
f 599/599 1495/1495 1494/1494 
f 1489/1489 598/598 1490/1490 
f 598/598 187/187 1490/1490 
f 593/593 9/9 598/598 
f 9/9 1491/1491 598/598 
f 598/598 1491/1491 187/187 
f 1491/1491 1493/1493 187/187 
f 599/599 1490/1490 187/187 
f 1495/1495 599/599 187/187 
f 187/187 1493/1493 1495/1495 
f 1495/1495 1496/1496 1494/1494 
f 1495/1495 1447/1447 1496/1496 
f 1447/1447 8/8 1496/1496 
f 1496/1496 555/555 1494/1494 
f 1496/1496 1450/1450 555/555 
f 1494/1494 600/600 186/186 
f 1494/1494 555/555 600/600 
f 1497/1497 600/600 555/555 
f 1497/1497 555/555 557/557 
f 600/600 1497/1497 1035/1035 
f 1497/1497 559/559 1035/1035 
f 537/537 601/601 633/633 
f 601/601 602/602 633/633 
f 560/560 1499/1499 1500/1500 
f 560/560 1500/1500 601/601 
f 601/601 1500/1500 602/602 
f 1500/1500 1498/1498 602/602 
f 602/602 1498/1498 209/209 
f 562/562 603/603 1454/1454 
f 1454/1454 603/603 1499/1499 
f 603/603 1501/1501 1499/1499 
f 1500/1500 1499/1499 1498/1498 
f 1499/1499 1502/1502 1498/1498 
f 1499/1499 1501/1501 1502/1502 
f 1498/1498 188/188 209/209 
f 1498/1498 1502/1502 188/188 
f 1501/1501 1503/1503 1502/1502 
f 188/188 1502/1502 608/608 
f 1502/1502 1503/1503 608/608 
f 1504/1504 604/604 1505/1505 
f 565/565 1506/1506 604/604 
f 1506/1506 1509/1509 604/604 
f 1504/1504 565/565 604/604 
f 604/604 1512/1512 1505/1505 
f 604/604 1509/1509 1512/1512 
f 1509/1509 1508/1508 1512/1512 
f 1476/1476 1507/1507 174/174 
f 174/174 1507/1507 189/189 
f 569/569 189/189 190/190 
f 174/174 189/189 569/569 
f 189/189 198/198 190/190 
f 1509/1509 190/190 605/605 
f 1506/1506 569/569 1509/1509 
f 1509/1509 569/569 190/190 
f 1509/1509 605/605 1508/1508 
f 198/198 615/615 190/190 
f 190/190 615/615 605/605 
f 605/605 615/615 191/191 
f 614/614 613/613 191/191 
f 1501/1501 606/606 1503/1503 
f 1503/1503 606/606 1510/1510 
f 1503/1503 1510/1510 1513/1513 
f 603/603 606/606 1501/1501 
f 603/603 1511/1511 606/606 
f 562/562 1505/1505 603/603 
f 1504/1504 1505/1505 562/562 
f 603/603 1505/1505 1511/1511 
f 1511/1511 1505/1505 1512/1512 
f 1511/1511 1512/1512 1508/1508 
f 1510/1510 1508/1508 192/192 
f 1510/1510 606/606 1508/1508 
f 606/606 1511/1511 1508/1508 
f 1510/1510 192/192 47/47 
f 1508/1508 605/605 192/192 
f 192/192 191/191 607/607 
f 192/192 605/605 191/191 
f 191/191 613/613 607/607 
f 1503/1503 1513/1513 608/608 
f 1513/1513 1514/1514 608/608 
f 1510/1510 47/47 1513/1513 
f 47/47 193/193 1513/1513 
f 1513/1513 193/193 1514/1514 
f 192/192 609/609 47/47 
f 609/609 610/610 194/194 
f 192/192 607/607 609/609 
f 609/609 607/607 610/610 
f 47/47 194/194 193/193 
f 47/47 609/609 194/194 
f 193/193 194/194 1576/1576 
f 194/194 658/658 1576/1576 
f 610/610 1515/1515 194/194 
f 194/194 1535/1535 658/658 
f 194/194 1515/1515 1535/1535 
f 1476/1476 1516/1516 1507/1507 
f 1488/1488 1517/1517 592/592 
f 1516/1516 592/592 611/611 
f 592/592 1517/1517 611/611 
f 186/186 1522/1522 1518/1518 
f 1518/1518 1524/1524 1519/1519 
f 611/611 1517/1517 1520/1520 
f 1488/1488 1518/1518 1517/1517 
f 1517/1517 1518/1518 1519/1519 
f 1517/1517 1519/1519 1520/1520 
f 1519/1519 1524/1524 1520/1520 
f 1520/1520 196/196 1521/1521 
f 1520/1520 1521/1521 617/617 
f 186/186 195/195 1522/1522 
f 600/600 1035/1035 195/195 
f 1035/1035 2084/2084 195/195 
f 186/186 600/600 195/195 
f 195/195 2083/2083 1523/1523 
f 196/196 10/10 1521/1521 
f 1520/1520 1523/1523 196/196 
f 1523/1523 1525/1525 196/196 
f 1518/1518 1522/1522 1524/1524 
f 1522/1522 195/195 1524/1524 
f 1524/1524 195/195 1523/1523 
f 1520/1520 1524/1524 1523/1523 
f 1525/1525 1523/1523 104/104 
f 1525/1525 104/104 1527/1527 
f 196/196 1525/1525 612/612 
f 10/10 612/612 1526/1526 
f 196/196 612/612 10/10 
f 1525/1525 1527/1527 612/612 
f 612/612 325/325 1526/1526 
f 1527/1527 325/325 612/612 
f 325/325 2080/2080 1526/1526 
f 1535/1535 1515/1515 1536/1536 
f 607/607 1532/1532 610/610 
f 607/607 613/613 1532/1532 
f 610/610 1532/1532 1515/1515 
f 1536/1536 1515/1515 1528/1528 
f 1515/1515 1532/1532 1528/1528 
f 1528/1528 622/622 1536/1536 
f 1532/1532 1529/1529 1528/1528 
f 1529/1529 1531/1531 1528/1528 
f 622/622 1528/1528 1531/1531 
f 614/614 1533/1533 613/613 
f 615/615 614/614 191/191 
f 614/614 197/197 1533/1533 
f 615/615 197/197 614/614 
f 1533/1533 197/197 48/48 
f 1507/1507 611/611 189/189 
f 1507/1507 1516/1516 611/611 
f 189/189 611/611 198/198 
f 197/197 616/616 48/48 
f 615/615 198/198 197/197 
f 197/197 198/198 616/616 
f 198/198 611/611 616/616 
f 616/616 611/611 1520/1520 
f 616/616 617/617 48/48 
f 48/48 617/617 1530/1530 
f 616/616 1520/1520 617/617 
f 1530/1530 617/617 1521/1521 
f 1531/1531 618/618 1540/1540 
f 1529/1529 619/619 1531/1531 
f 1531/1531 619/619 618/618 
f 1532/1532 1533/1533 619/619 
f 613/613 1533/1533 1532/1532 
f 1533/1533 48/48 1534/1534 
f 1529/1529 1532/1532 619/619 
f 619/619 1534/1534 618/618 
f 619/619 1533/1533 1534/1534 
f 1534/1534 48/48 1530/1530 
f 618/618 1530/1530 10/10 
f 618/618 1534/1534 1530/1530 
f 1530/1530 1521/1521 10/10 
f 618/618 620/620 1540/1540 
f 10/10 1526/1526 618/618 
f 618/618 1526/1526 620/620 
f 1536/1536 1537/1537 199/199 
f 1535/1535 1536/1536 199/199 
f 622/622 1537/1537 1536/1536 
f 623/623 1537/1537 622/622 
f 199/199 1537/1537 1538/1538 
f 1537/1537 625/625 1538/1538 
f 1538/1538 200/200 199/199 
f 1538/1538 625/625 200/200 
f 1540/1540 623/623 1531/1531 
f 623/623 1540/1540 624/624 
f 1526/1526 1539/1539 620/620 
f 621/621 1539/1539 1526/1526 
f 1540/1540 620/620 1539/1539 
f 1540/1540 1539/1539 624/624 
f 200/200 625/625 626/626 
f 1537/1537 623/623 625/625 
f 1531/1531 623/623 622/622 
f 623/623 624/624 625/625 
f 625/625 624/624 2059/2059 
f 625/625 2059/2059 1212/1212 
f 625/625 1212/1212 626/626 
f 49/49 50/50 1404/1404 
f 49/49 11/11 50/50 
f 510/510 512/512 1541/1541 
f 512/512 1409/1409 627/627 
f 1541/1541 512/512 627/627 
f 627/627 201/201 1541/1541 
f 11/11 49/49 628/628 
f 49/49 510/510 1541/1541 
f 49/49 1541/1541 628/628 
f 1541/1541 201/201 628/628 
f 628/628 201/201 11/11 
f 201/201 629/629 11/11 
f 629/629 202/202 11/11 
f 155/155 631/631 526/526 
f 526/526 631/631 1409/1409 
f 155/155 630/630 631/631 
f 631/631 630/630 51/51 
f 155/155 156/156 630/630 
f 156/156 638/638 630/630 
f 638/638 203/203 630/630 
f 630/630 203/203 51/51 
f 203/203 204/204 51/51 
f 533/533 1428/1428 1546/1546 
f 1428/1428 632/632 1546/1546 
f 537/537 634/634 1431/1431 
f 537/537 633/633 634/634 
f 634/634 633/633 635/635 
f 1428/1428 1542/1542 632/632 
f 632/632 1542/1542 636/636 
f 1428/1428 1431/1431 1542/1542 
f 1431/1431 634/634 1542/1542 
f 634/634 635/635 1542/1542 
f 1542/1542 635/635 1543/1543 
f 1542/1542 1543/1543 636/636 
f 1543/1543 712/712 636/636 
f 636/636 1693/1693 640/640 
f 636/636 712/712 1693/1693 
f 203/203 1544/1544 204/204 
f 204/204 1544/1544 637/637 
f 203/203 638/638 1544/1544 
f 638/638 639/639 1544/1544 
f 1544/1544 1545/1545 637/637 
f 1544/1544 639/639 1545/1545 
f 530/530 1546/1546 156/156 
f 638/638 1546/1546 632/632 
f 638/638 156/156 1546/1546 
f 638/638 632/632 639/639 
f 639/639 1548/1548 1545/1545 
f 639/639 640/640 1548/1548 
f 632/632 636/636 640/640 
f 639/639 632/632 640/640 
f 640/640 1693/1693 1548/1548 
f 637/637 641/641 204/204 
f 637/637 1547/1547 641/641 
f 205/205 1547/1547 637/637 
f 637/637 1545/1545 205/205 
f 1693/1693 1689/1689 1548/1548 
f 205/205 642/642 1547/1547 
f 1545/1545 1548/1548 205/205 
f 205/205 1548/1548 642/642 
f 1548/1548 643/643 642/642 
f 642/642 1549/1549 1547/1547 
f 642/642 1550/1550 1549/1549 
f 643/643 1550/1550 642/642 
f 643/643 708/708 1550/1550 
f 1550/1550 650/650 1549/1549 
f 708/708 650/650 1550/1550 
f 202/202 629/629 1552/1552 
f 629/629 201/201 1551/1551 
f 1551/1551 206/206 629/629 
f 1552/1552 629/629 206/206 
f 206/206 1558/1558 1552/1552 
f 206/206 1554/1554 1558/1558 
f 206/206 1553/1553 1554/1554 
f 627/627 644/644 1551/1551 
f 1409/1409 631/631 51/51 
f 627/627 1409/1409 644/644 
f 644/644 1409/1409 51/51 
f 51/51 204/204 644/644 
f 204/204 641/641 644/644 
f 1553/1553 1556/1556 1554/1554 
f 1551/1551 1553/1553 206/206 
f 201/201 627/627 1551/1551 
f 1556/1556 1553/1553 1555/1555 
f 1553/1553 1551/1551 1555/1555 
f 1555/1555 644/644 641/641 
f 1551/1551 644/644 1555/1555 
f 1556/1556 1560/1560 1554/1554 
f 1556/1556 645/645 1560/1560 
f 1557/1557 645/645 1556/1556 
f 1547/1547 1557/1557 1555/1555 
f 1555/1555 641/641 1547/1547 
f 1556/1556 1555/1555 1557/1557 
f 1557/1557 1547/1547 1549/1549 
f 1557/1557 649/649 645/645 
f 1549/1549 649/649 1557/1557 
f 1549/1549 650/650 649/649 
f 1552/1552 1558/1558 202/202 
f 1558/1558 646/646 202/202 
f 1554/1554 647/647 1558/1558 
f 647/647 648/648 1558/1558 
f 647/647 1565/1565 648/648 
f 1558/1558 1559/1559 646/646 
f 1558/1558 648/648 1559/1559 
f 1559/1559 648/648 778/778 
f 1554/1554 1560/1560 647/647 
f 1560/1560 652/652 647/647 
f 645/645 651/651 1560/1560 
f 651/651 652/652 1560/1560 
f 649/649 651/651 645/645 
f 649/649 1561/1561 651/651 
f 649/649 650/650 1561/1561 
f 651/651 1561/1561 653/653 
f 1561/1561 698/698 653/653 
f 651/651 653/653 652/652 
f 653/653 1566/1566 652/652 
f 698/698 207/207 653/653 
f 653/653 1562/1562 1566/1566 
f 653/653 207/207 1562/1562 
f 207/207 1563/1563 1562/1562 
f 648/648 1564/1564 778/778 
f 1565/1565 1564/1564 648/648 
f 1564/1564 652/652 1566/1566 
f 1565/1565 647/647 1564/1564 
f 647/647 652/652 1564/1564 
f 1564/1564 1566/1566 1569/1569 
f 1569/1569 1568/1568 1564/1564 
f 1568/1568 1569/1569 654/654 
f 654/654 1572/1572 1568/1568 
f 1564/1564 1568/1568 778/778 
f 778/778 1568/1568 1567/1567 
f 1567/1567 1568/1568 1572/1572 
f 1566/1566 1570/1570 1569/1569 
f 1570/1570 654/654 1569/1569 
f 1562/1562 1570/1570 1566/1566 
f 1570/1570 1562/1562 208/208 
f 1570/1570 1571/1571 654/654 
f 208/208 1571/1571 1570/1570 
f 208/208 1659/1659 1571/1571 
f 1571/1571 1659/1659 1573/1573 
f 1567/1567 1572/1572 655/655 
f 1572/1572 1571/1571 1573/1573 
f 654/654 1571/1571 1572/1572 
f 1572/1572 1573/1573 655/655 
f 1573/1573 656/656 655/655 
f 655/655 656/656 780/780 
f 633/633 602/602 1574/1574 
f 602/602 209/209 1574/1574 
f 188/188 210/210 209/209 
f 608/608 657/657 188/188 
f 210/210 188/188 657/657 
f 1574/1574 1575/1575 714/714 
f 1574/1574 209/209 1575/1575 
f 1575/1575 209/209 210/210 
f 1575/1575 210/210 52/52 
f 1575/1575 13/13 1697/1697 
f 1575/1575 52/52 13/13 
f 608/608 1514/1514 1583/1583 
f 193/193 1576/1576 1514/1514 
f 1576/1576 1577/1577 1514/1514 
f 1514/1514 1577/1577 1583/1583 
f 1577/1577 1578/1578 1583/1583 
f 1535/1535 211/211 658/658 
f 1576/1576 658/658 1580/1580 
f 658/658 211/211 1580/1580 
f 1577/1577 1576/1576 1580/1580 
f 1577/1577 1580/1580 1578/1578 
f 1578/1578 1580/1580 1581/1581 
f 1578/1578 1581/1581 1584/1584 
f 1581/1581 12/12 1584/1584 
f 52/52 1582/1582 13/13 
f 13/13 1582/1582 663/663 
f 52/52 660/660 1582/1582 
f 1582/1582 660/660 53/53 
f 1582/1582 53/53 663/663 
f 210/210 660/660 52/52 
f 210/210 659/659 660/660 
f 657/657 659/659 210/210 
f 608/608 1583/1583 657/657 
f 659/659 657/657 1583/1583 
f 660/660 1579/1579 53/53 
f 660/660 1578/1578 1579/1579 
f 659/659 1583/1583 660/660 
f 660/660 1583/1583 1578/1578 
f 1579/1579 661/661 53/53 
f 1579/1579 1584/1584 661/661 
f 1579/1579 1578/1578 1584/1584 
f 663/663 1585/1585 13/13 
f 663/663 1706/1706 1585/1585 
f 53/53 662/662 663/663 
f 662/662 1586/1586 663/663 
f 663/663 1586/1586 1706/1706 
f 1586/1586 664/664 1706/1706 
f 664/664 1589/1589 1706/1706 
f 661/661 662/662 53/53 
f 661/661 1588/1588 662/662 
f 661/661 665/665 1588/1588 
f 1584/1584 665/665 661/661 
f 12/12 665/665 1584/1584 
f 665/665 1587/1587 1588/1588 
f 1587/1587 672/672 666/666 
f 1589/1589 664/664 1590/1590 
f 662/662 1588/1588 1586/1586 
f 664/664 666/666 1590/1590 
f 1586/1586 1588/1588 664/664 
f 664/664 1588/1588 666/666 
f 1588/1588 1587/1587 666/666 
f 666/666 1591/1591 1590/1590 
f 672/672 1591/1591 666/666 
f 667/667 1590/1590 1591/1591 
f 1591/1591 212/212 667/667 
f 212/212 1592/1592 667/667 
f 212/212 1601/1601 1592/1592 
f 199/199 1593/1593 1535/1535 
f 199/199 1594/1594 1593/1593 
f 1593/1593 1595/1595 668/668 
f 200/200 1594/1594 199/199 
f 1593/1593 1594/1594 1595/1595 
f 1594/1594 200/200 670/670 
f 1594/1594 670/670 1595/1595 
f 1595/1595 670/670 1596/1596 
f 670/670 1597/1597 1596/1596 
f 1596/1596 1628/1628 1617/1617 
f 1597/1597 1628/1628 1596/1596 
f 626/626 669/669 200/200 
f 670/670 671/671 1597/1597 
f 200/200 669/669 671/671 
f 670/670 200/200 671/671 
f 1597/1597 1631/1631 1628/1628 
f 1597/1597 1598/1598 1631/1631 
f 671/671 1598/1598 1597/1597 
f 1598/1598 1600/1600 1631/1631 
f 671/671 1599/1599 1598/1598 
f 1598/1598 1599/1599 1600/1600 
f 212/212 1602/1602 1601/1601 
f 1591/1591 1602/1602 212/212 
f 672/672 1610/1610 1591/1591 
f 1591/1591 1610/1610 1602/1602 
f 1610/1610 1608/1608 1602/1602 
f 1601/1601 1607/1607 1603/1603 
f 1601/1601 1602/1602 1607/1607 
f 1602/1602 1608/1608 1607/1607 
f 1603/1603 1607/1607 54/54 
f 665/665 1604/1604 1587/1587 
f 1587/1587 1604/1604 213/213 
f 1587/1587 213/213 672/672 
f 665/665 12/12 1604/1604 
f 213/213 1605/1605 673/673 
f 1604/1604 1605/1605 213/213 
f 1607/1607 1609/1609 54/54 
f 54/54 1609/1609 1606/1606 
f 1607/1607 1608/1608 1609/1609 
f 1608/1608 214/214 1609/1609 
f 672/672 213/213 1610/1610 
f 1608/1608 673/673 214/214 
f 1608/1608 1610/1610 673/673 
f 1610/1610 213/213 673/673 
f 214/214 673/673 1605/1605 
f 214/214 1611/1611 1609/1609 
f 1609/1609 1611/1611 1606/1606 
f 1612/1612 1614/1614 214/214 
f 1605/1605 1612/1612 214/214 
f 1612/1612 1613/1613 1614/1614 
f 1606/1606 1615/1615 215/215 
f 1611/1611 1614/1614 1606/1606 
f 1606/1606 1614/1614 1615/1615 
f 214/214 1614/1614 1611/1611 
f 1615/1615 674/674 215/215 
f 1614/1614 1619/1619 1615/1615 
f 1619/1619 14/14 1615/1615 
f 1615/1615 14/14 674/674 
f 1581/1581 675/675 12/12 
f 1581/1581 676/676 675/675 
f 1580/1580 676/676 1581/1581 
f 676/676 216/216 675/675 
f 675/675 216/216 679/679 
f 216/216 55/55 679/679 
f 211/211 1616/1616 1580/1580 
f 1535/1535 1593/1593 211/211 
f 211/211 1593/1593 1616/1616 
f 1593/1593 668/668 1616/1616 
f 216/216 217/217 55/55 
f 676/676 217/217 216/216 
f 1580/1580 217/217 676/676 
f 217/217 1580/1580 1616/1616 
f 1616/1616 668/668 217/217 
f 668/668 1618/1618 217/217 
f 668/668 1595/1595 1618/1618 
f 1595/1595 1596/1596 1618/1618 
f 217/217 1618/1618 55/55 
f 55/55 1618/1618 1617/1617 
f 1618/1618 1596/1596 1617/1617 
f 14/14 1619/1619 1620/1620 
f 1605/1605 1621/1621 1612/1612 
f 1612/1612 1621/1621 1613/1613 
f 1621/1621 1623/1623 1613/1613 
f 1619/1619 1623/1623 1620/1620 
f 1614/1614 1613/1613 1619/1619 
f 1619/1619 1613/1613 1623/1623 
f 1623/1623 1622/1622 1620/1620 
f 1623/1623 1630/1630 1622/1622 
f 1604/1604 678/678 1605/1605 
f 1605/1605 678/678 677/677 
f 1604/1604 675/675 678/678 
f 12/12 675/675 1604/1604 
f 678/678 675/675 679/679 
f 678/678 679/679 677/677 
f 1623/1623 1624/1624 1630/1630 
f 1605/1605 677/677 1621/1621 
f 1623/1623 1621/1621 1624/1624 
f 1624/1624 1621/1621 677/677 
f 1624/1624 677/677 1625/1625 
f 677/677 679/679 1625/1625 
f 679/679 55/55 1625/1625 
f 1624/1624 1627/1627 1630/1630 
f 1625/1625 1627/1627 1624/1624 
f 1630/1630 1627/1627 1626/1626 
f 1625/1625 55/55 1627/1627 
f 1627/1627 55/55 1617/1617 
f 1627/1627 1628/1628 1626/1626 
f 1617/1617 1628/1628 1627/1627 
f 1620/1620 1629/1629 14/14 
f 1629/1629 680/680 14/14 
f 14/14 680/680 1641/1641 
f 1622/1622 1629/1629 1620/1620 
f 1622/1622 218/218 1629/1629 
f 1629/1629 218/218 680/680 
f 1626/1626 1632/1632 1630/1630 
f 1628/1628 1631/1631 1626/1626 
f 1626/1626 1631/1631 1632/1632 
f 1631/1631 1600/1600 1632/1632 
f 1622/1622 1630/1630 218/218 
f 1630/1630 1632/1632 218/218 
f 218/218 1632/1632 1600/1600 
f 218/218 681/681 680/680 
f 218/218 219/219 681/681 
f 218/218 1600/1600 219/219 
f 1601/1601 1633/1633 733/733 
f 1603/1603 1633/1633 1601/1601 
f 54/54 1634/1634 1603/1603 
f 54/54 682/682 1634/1634 
f 1634/1634 682/682 683/683 
f 1633/1633 683/683 220/220 
f 1603/1603 1634/1634 1633/1633 
f 1633/1633 1634/1634 683/683 
f 683/683 684/684 1635/1635 
f 684/684 56/56 1635/1635 
f 215/215 1636/1636 1606/1606 
f 215/215 674/674 1637/1637 
f 674/674 1643/1643 1637/1637 
f 1636/1636 1637/1637 1638/1638 
f 1636/1636 215/215 1637/1637 
f 1637/1637 687/687 1638/1638 
f 687/687 1639/1639 1638/1638 
f 54/54 1606/1606 682/682 
f 1606/1606 1636/1636 682/682 
f 1636/1636 1638/1638 682/682 
f 683/683 682/682 684/684 
f 684/684 682/682 685/685 
f 682/682 1638/1638 685/685 
f 685/685 1638/1638 1639/1639 
f 684/684 1640/1640 56/56 
f 685/685 1640/1640 684/684 
f 685/685 1639/1639 686/686 
f 1640/1640 686/686 238/238 
f 1640/1640 685/685 686/686 
f 686/686 15/15 238/238 
f 14/14 1641/1641 674/674 
f 1641/1641 221/221 674/674 
f 680/680 221/221 1641/1641 
f 383/383 222/222 1644/1644 
f 686/686 1639/1639 1642/1642 
f 1639/1639 224/224 1642/1642 
f 224/224 223/223 1642/1642 
f 686/686 1642/1642 15/15 
f 15/15 1642/1642 223/223 
f 687/687 224/224 1639/1639 
f 674/674 221/221 1643/1643 
f 687/687 1643/1643 224/224 
f 1637/1637 1643/1643 687/687 
f 1643/1643 221/221 224/224 
f 221/221 383/383 224/224 
f 223/223 1647/1647 688/688 
f 223/223 1644/1644 1647/1647 
f 223/223 224/224 1644/1644 
f 1644/1644 224/224 383/383 
f 1647/1647 1644/1644 222/222 
f 222/222 2366/2366 1647/1647 
f 15/15 1645/1645 741/741 
f 15/15 223/223 688/688 
f 15/15 688/688 1645/1645 
f 688/688 1646/1646 1645/1645 
f 2366/2366 1648/1648 1647/1647 
f 1647/1647 57/57 1649/1649 
f 1647/1647 1648/1648 57/57 
f 1646/1646 688/688 1650/1650 
f 1650/1650 688/688 1649/1649 
f 688/688 1647/1647 1649/1649 
f 1646/1646 1650/1650 1651/1651 
f 1650/1650 1743/1743 1651/1651 
f 1650/1650 689/689 1743/1743 
f 1649/1649 690/690 1650/1650 
f 1649/1649 57/57 690/690 
f 1650/1650 690/690 689/689 
f 689/689 690/690 1652/1652 
f 689/689 1653/1653 1743/1743 
f 689/689 1652/1652 1653/1653 
f 1652/1652 1744/1744 1653/1653 
f 1652/1652 764/764 1744/1744 
f 1573/1573 1655/1655 1656/1656 
f 656/656 1656/1656 1654/1654 
f 1654/1654 1656/1656 1658/1658 
f 656/656 1573/1573 1656/1656 
f 1656/1656 1657/1657 1658/1658 
f 1656/1656 1655/1655 1657/1657 
f 1658/1658 1657/1657 691/691 
f 1657/1657 1661/1661 691/691 
f 1562/1562 1563/1563 208/208 
f 1563/1563 225/225 208/208 
f 1659/1659 225/225 1663/1663 
f 1659/1659 208/208 225/225 
f 225/225 1682/1682 1663/1663 
f 691/691 1661/1661 58/58 
f 1661/1661 1665/1665 58/58 
f 1657/1657 1660/1660 1661/1661 
f 1660/1660 1662/1662 1661/1661 
f 1661/1661 1662/1662 1665/1665 
f 1573/1573 1659/1659 1655/1655 
f 1655/1655 1659/1659 1663/1663 
f 1660/1660 1663/1663 1662/1662 
f 1657/1657 1655/1655 1660/1660 
f 1660/1660 1655/1655 1663/1663 
f 1663/1663 1664/1664 1662/1662 
f 1663/1663 1682/1682 1664/1664 
f 1665/1665 693/693 58/58 
f 1662/1662 1666/1666 1665/1665 
f 1666/1666 692/692 1665/1665 
f 1665/1665 692/692 693/693 
f 1664/1664 1667/1667 1662/1662 
f 1662/1662 1667/1667 1666/1666 
f 1682/1682 1667/1667 1664/1664 
f 1667/1667 1668/1668 1666/1666 
f 692/692 1669/1669 226/226 
f 1669/1669 1670/1670 226/226 
f 692/692 1666/1666 1669/1669 
f 1666/1666 1668/1668 1669/1669 
f 1669/1669 1668/1668 1670/1670 
f 226/226 1670/1670 1756/1756 
f 1670/1670 1671/1671 1756/1756 
f 1668/1668 699/699 1670/1670 
f 1670/1670 699/699 1671/1671 
f 699/699 1678/1678 1671/1671 
f 1563/1563 694/694 701/701 
f 1563/1563 207/207 694/694 
f 694/694 1672/1672 701/701 
f 1561/1561 695/695 698/698 
f 650/650 695/695 1561/1561 
f 650/650 723/723 695/695 
f 695/695 1673/1673 698/698 
f 695/695 696/696 1673/1673 
f 696/696 1711/1711 1673/1673 
f 694/694 1674/1674 1672/1672 
f 1672/1672 1676/1676 697/697 
f 1672/1672 1674/1674 1676/1676 
f 207/207 698/698 694/694 
f 694/694 698/698 1674/1674 
f 1674/1674 698/698 1673/1673 
f 1674/1674 1675/1675 1676/1676 
f 1674/1674 1673/1673 1675/1675 
f 1673/1673 1711/1711 1675/1675 
f 1676/1676 227/227 697/697 
f 697/697 227/227 1684/1684 
f 1675/1675 227/227 1676/1676 
f 1675/1675 1711/1711 227/227 
f 227/227 1677/1677 1684/1684 
f 699/699 1679/1679 1678/1678 
f 1667/1667 1680/1680 1668/1668 
f 699/699 1681/1681 1679/1679 
f 699/699 1668/1668 1681/1681 
f 1668/1668 1680/1680 1681/1681 
f 1679/1679 1681/1681 700/700 
f 1681/1681 703/703 700/700 
f 225/225 701/701 1682/1682 
f 701/701 1683/1683 1682/1682 
f 225/225 1563/1563 701/701 
f 701/701 1672/1672 1683/1683 
f 1672/1672 697/697 1683/1683 
f 1680/1680 702/702 1681/1681 
f 1681/1681 702/702 703/703 
f 702/702 704/704 703/703 
f 1667/1667 1682/1682 1680/1680 
f 1680/1680 1682/1682 702/702 
f 1682/1682 1683/1683 702/702 
f 702/702 1684/1684 704/704 
f 702/702 1683/1683 1684/1684 
f 1683/1683 697/697 1684/1684 
f 703/703 704/704 228/228 
f 704/704 1684/1684 1677/1677 
f 704/704 706/706 228/228 
f 704/704 1677/1677 706/706 
f 1679/1679 229/229 1678/1678 
f 700/700 229/229 1679/1679 
f 229/229 700/700 705/705 
f 229/229 705/705 750/750 
f 703/703 228/228 59/59 
f 228/228 1685/1685 59/59 
f 228/228 706/706 1685/1685 
f 1685/1685 1686/1686 59/59 
f 750/750 705/705 1768/1768 
f 703/703 59/59 700/700 
f 700/700 59/59 705/705 
f 59/59 230/230 705/705 
f 705/705 230/230 1768/1768 
f 230/230 707/707 1768/1768 
f 1768/1768 707/707 1687/1687 
f 707/707 760/760 1687/1687 
f 643/643 709/709 708/708 
f 1688/1688 708/708 1690/1690 
f 650/650 708/708 1688/1688 
f 1688/1688 1690/1690 710/710 
f 1548/1548 709/709 643/643 
f 1548/1548 1689/1689 709/709 
f 1693/1693 1694/1694 1689/1689 
f 1689/1689 1701/1701 709/709 
f 1689/1689 1694/1694 1701/1701 
f 710/710 1690/1690 1691/1691 
f 708/708 709/709 1690/1690 
f 1690/1690 1701/1701 1691/1691 
f 709/709 1701/1701 1690/1690 
f 1691/1691 1692/1692 710/710 
f 1699/1699 1698/1698 1701/1701 
f 1701/1701 1698/1698 1691/1691 
f 1691/1691 1698/1698 1692/1692 
f 712/712 1694/1694 1693/1693 
f 712/712 713/713 1694/1694 
f 712/712 1543/1543 711/711 
f 712/712 711/711 713/713 
f 635/635 633/633 714/714 
f 633/633 1574/1574 714/714 
f 713/713 1695/1695 716/716 
f 713/713 711/711 1695/1695 
f 1543/1543 635/635 711/711 
f 1695/1695 711/711 714/714 
f 711/711 635/635 714/714 
f 716/716 1695/1695 1696/1696 
f 714/714 1697/1697 1695/1695 
f 714/714 1575/1575 1697/1697 
f 1695/1695 1697/1697 1696/1696 
f 1697/1697 13/13 1696/1696 
f 1696/1696 13/13 717/717 
f 1692/1692 231/231 16/16 
f 1692/1692 1698/1698 231/231 
f 1698/1698 1700/1700 231/231 
f 1698/1698 1699/1699 1700/1700 
f 1701/1701 715/715 1699/1699 
f 1701/1701 1694/1694 715/715 
f 1694/1694 713/713 715/715 
f 713/713 716/716 715/715 
f 1700/1700 1702/1702 1703/1703 
f 1700/1700 1699/1699 1702/1702 
f 1699/1699 715/715 1702/1702 
f 715/715 716/716 1702/1702 
f 1702/1702 1705/1705 1703/1703 
f 716/716 717/717 1702/1702 
f 716/716 1696/1696 717/717 
f 1705/1705 1702/1702 717/717 
f 717/717 1585/1585 1705/1705 
f 717/717 13/13 1585/1585 
f 1700/1700 1704/1704 231/231 
f 1700/1700 718/718 1704/1704 
f 16/16 1704/1704 1727/1727 
f 16/16 231/231 1704/1704 
f 1704/1704 60/60 1727/1727 
f 1703/1703 1705/1705 718/718 
f 1705/1705 232/232 718/718 
f 1705/1705 1706/1706 232/232 
f 1705/1705 1585/1585 1706/1706 
f 1704/1704 719/719 60/60 
f 718/718 232/232 1704/1704 
f 1703/1703 718/718 1700/1700 
f 719/719 1704/1704 232/232 
f 232/232 1589/1589 719/719 
f 232/232 1706/1706 1589/1589 
f 1589/1589 1590/1590 719/719 
f 719/719 1590/1590 667/667 
f 60/60 667/667 1730/1730 
f 60/60 719/719 667/667 
f 1730/1730 667/667 1592/1592 
f 230/230 1707/1707 707/707 
f 707/707 1707/1707 61/61 
f 59/59 1686/1686 1708/1708 
f 706/706 1686/1686 1685/1685 
f 706/706 720/720 1686/1686 
f 1686/1686 720/720 1708/1708 
f 720/720 1709/1709 1708/1708 
f 720/720 725/725 1709/1709 
f 230/230 1708/1708 1707/1707 
f 230/230 59/59 1708/1708 
f 1708/1708 721/721 1707/1707 
f 1708/1708 1709/1709 721/721 
f 1709/1709 725/725 721/721 
f 1707/1707 722/722 61/61 
f 725/725 1714/1714 721/721 
f 1707/1707 721/721 722/722 
f 721/721 1714/1714 722/722 
f 227/227 1710/1710 1677/1677 
f 1677/1677 1710/1710 1716/1716 
f 1711/1711 1710/1710 227/227 
f 1711/1711 1712/1712 1710/1710 
f 1710/1710 1719/1719 1716/1716 
f 1710/1710 1712/1712 1719/1719 
f 1712/1712 1720/1720 1719/1719 
f 695/695 723/723 696/696 
f 723/723 233/233 696/696 
f 723/723 650/650 1688/1688 
f 723/723 710/710 233/233 
f 723/723 1688/1688 710/710 
f 1711/1711 696/696 233/233 
f 1712/1712 1711/1711 1713/1713 
f 1713/1713 1711/1711 233/233 
f 233/233 724/724 1713/1713 
f 233/233 710/710 724/724 
f 1712/1712 1723/1723 1720/1720 
f 1713/1713 234/234 1712/1712 
f 1712/1712 234/234 1723/1723 
f 710/710 1692/1692 724/724 
f 1713/1713 724/724 234/234 
f 724/724 1692/1692 234/234 
f 234/234 1692/1692 728/728 
f 1692/1692 16/16 728/728 
f 1714/1714 729/729 722/722 
f 1714/1714 1725/1725 729/729 
f 725/725 235/235 1714/1714 
f 1714/1714 235/235 1725/1725 
f 235/235 1715/1715 1725/1725 
f 235/235 62/62 1715/1715 
f 720/720 726/726 725/725 
f 726/726 236/236 725/725 
f 706/706 1677/1677 720/720 
f 720/720 1677/1677 726/726 
f 1677/1677 1716/1716 726/726 
f 236/236 726/726 1717/1717 
f 726/726 1716/1716 1717/1717 
f 1716/1716 1719/1719 1717/1717 
f 725/725 236/236 235/235 
f 62/62 727/727 1721/1721 
f 62/62 235/235 727/727 
f 235/235 236/236 727/727 
f 727/727 1718/1718 1721/1721 
f 236/236 1717/1717 727/727 
f 1717/1717 1719/1719 727/727 
f 1718/1718 727/727 1719/1719 
f 1719/1719 1720/1720 1718/1718 
f 62/62 1721/1721 1726/1726 
f 1721/1721 731/731 1726/1726 
f 1721/1721 1724/1724 731/731 
f 1718/1718 1722/1722 1721/1721 
f 1718/1718 1723/1723 1722/1722 
f 1718/1718 1720/1720 1723/1723 
f 1724/1724 1722/1722 728/728 
f 1721/1721 1722/1722 1724/1724 
f 1722/1722 1723/1723 728/728 
f 1723/1723 234/234 728/728 
f 1725/1725 1715/1715 730/730 
f 729/729 730/730 63/63 
f 1725/1725 730/730 729/729 
f 728/728 1727/1727 1724/1724 
f 728/728 16/16 1727/1727 
f 1724/1724 1727/1727 731/731 
f 731/731 1727/1727 1728/1728 
f 1727/1727 60/60 1728/1728 
f 730/730 732/732 63/63 
f 1715/1715 732/732 730/730 
f 1715/1715 1726/1726 732/732 
f 1715/1715 62/62 1726/1726 
f 1731/1731 732/732 1726/1726 
f 1726/1726 1728/1728 1731/1731 
f 731/731 1728/1728 1726/1726 
f 732/732 1735/1735 63/63 
f 732/732 1729/1729 1735/1735 
f 732/732 1731/1731 1729/1729 
f 1728/1728 1730/1730 1731/1731 
f 1728/1728 60/60 1730/1730 
f 1731/1731 733/733 1729/1729 
f 1731/1731 1730/1730 733/733 
f 1730/1730 1592/1592 733/733 
f 1592/1592 1601/1601 733/733 
f 61/61 734/734 707/707 
f 760/760 707/707 734/734 
f 734/734 736/736 760/760 
f 722/722 735/735 61/61 
f 61/61 735/735 734/734 
f 722/722 739/739 735/735 
f 734/734 735/735 1732/1732 
f 735/735 1733/1733 1732/1732 
f 736/736 1732/1732 237/237 
f 736/736 734/734 1732/1732 
f 237/237 1732/1732 1733/1733 
f 1733/1733 1734/1734 237/237 
f 237/237 1734/1734 762/762 
f 729/729 739/739 722/722 
f 63/63 737/737 729/729 
f 729/729 737/737 739/739 
f 63/63 1736/1736 737/737 
f 737/737 738/738 739/739 
f 738/738 64/64 739/739 
f 733/733 220/220 1729/1729 
f 733/733 1633/1633 220/220 
f 1729/1729 220/220 1735/1735 
f 220/220 683/683 1735/1735 
f 1735/1735 683/683 1635/1635 
f 737/737 1736/1736 738/738 
f 1736/1736 63/63 1735/1735 
f 738/738 1736/1736 56/56 
f 1736/1736 1735/1735 1635/1635 
f 1736/1736 1635/1635 56/56 
f 738/738 238/238 64/64 
f 56/56 238/238 738/738 
f 56/56 1640/1640 238/238 
f 238/238 15/15 741/741 
f 1733/1733 1738/1738 1734/1734 
f 1734/1734 1738/1738 1737/1737 
f 735/735 1739/1739 1733/1733 
f 1739/1739 64/64 1733/1733 
f 1739/1739 735/735 739/739 
f 739/739 64/64 1739/1739 
f 1738/1738 740/740 1737/1737 
f 1738/1738 1740/1740 740/740 
f 1738/1738 64/64 1740/1740 
f 1738/1738 1733/1733 64/64 
f 64/64 238/238 1740/1740 
f 1740/1740 741/741 740/740 
f 1740/1740 238/238 741/741 
f 1734/1734 239/239 762/762 
f 1737/1737 239/239 1734/1734 
f 740/740 742/742 1737/1737 
f 1737/1737 742/742 239/239 
f 239/239 1741/1741 763/763 
f 239/239 1742/1742 1741/1741 
f 742/742 740/740 240/240 
f 740/740 741/741 240/240 
f 741/741 1645/1645 240/240 
f 1645/1645 1646/1646 240/240 
f 1741/1741 1742/1742 1782/1782 
f 239/239 742/742 1742/1742 
f 742/742 240/240 1742/1742 
f 1742/1742 240/240 1651/1651 
f 240/240 1646/1646 1651/1651 
f 1742/1742 241/241 1782/1782 
f 1651/1651 1743/1743 1742/1742 
f 1742/1742 1743/1743 241/241 
f 1743/1743 1744/1744 241/241 
f 1743/1743 1653/1653 1744/1744 
f 656/656 1745/1745 780/780 
f 656/656 1654/1654 1745/1745 
f 1745/1745 1654/1654 1746/1746 
f 1658/1658 1751/1751 1654/1654 
f 691/691 1748/1748 1658/1658 
f 1658/1658 1748/1748 1751/1751 
f 58/58 1747/1747 691/691 
f 691/691 1747/1747 1748/1748 
f 1748/1748 1750/1750 1751/1751 
f 1747/1747 1749/1749 1748/1748 
f 1748/1748 1749/1749 1750/1750 
f 1749/1749 744/744 1750/1750 
f 1654/1654 1751/1751 1746/1746 
f 1751/1751 1752/1752 1746/1746 
f 1751/1751 1750/1750 1752/1752 
f 1750/1750 744/744 1752/1752 
f 744/744 1753/1753 1752/1752 
f 1746/1746 1752/1752 1753/1753 
f 1753/1753 792/792 1746/1746 
f 693/693 1762/1762 58/58 
f 226/226 1754/1754 692/692 
f 692/692 1754/1754 693/693 
f 1754/1754 743/743 693/693 
f 693/693 1755/1755 1762/1762 
f 693/693 743/743 1755/1755 
f 743/743 243/243 1755/1755 
f 1678/1678 751/751 1671/1671 
f 1756/1756 751/751 1757/1757 
f 1756/1756 1671/1671 751/751 
f 751/751 242/242 1757/1757 
f 743/743 1758/1758 243/243 
f 226/226 1756/1756 1754/1754 
f 1754/1754 1756/1756 743/743 
f 1756/1756 1757/1757 743/743 
f 743/743 1757/1757 1758/1758 
f 1758/1758 1759/1759 243/243 
f 1757/1757 1760/1760 1758/1758 
f 1757/1757 242/242 1760/1760 
f 1758/1758 1760/1760 1759/1759 
f 1760/1760 1763/1763 1759/1759 
f 1753/1753 1761/1761 792/792 
f 1753/1753 744/744 1761/1761 
f 744/744 244/244 1761/1761 
f 744/744 746/746 244/244 
f 1747/1747 58/58 1762/1762 
f 1749/1749 1762/1762 745/745 
f 1747/1747 1762/1762 1749/1749 
f 1762/1762 243/243 745/745 
f 1762/1762 1755/1755 243/243 
f 744/744 1749/1749 745/745 
f 744/744 745/745 746/746 
f 745/745 243/243 746/746 
f 746/746 747/747 244/244 
f 243/243 1759/1759 746/746 
f 746/746 1759/1759 747/747 
f 1759/1759 1763/1763 747/747 
f 1761/1761 1835/1835 792/792 
f 244/244 748/748 1761/1761 
f 1761/1761 748/748 1835/1835 
f 747/747 1764/1764 244/244 
f 747/747 245/245 1764/1764 
f 244/244 1764/1764 748/748 
f 1764/1764 245/245 748/748 
f 748/748 749/749 1837/1837 
f 245/245 749/749 748/748 
f 749/749 248/248 1837/1837 
f 229/229 750/750 1678/1678 
f 750/750 1774/1774 1678/1678 
f 1768/1768 1766/1766 750/750 
f 750/750 1766/1766 1765/1765 
f 1774/1774 750/750 1765/1765 
f 1765/1765 752/752 1774/1774 
f 1765/1765 1766/1766 752/752 
f 1766/1766 1767/1767 752/752 
f 246/246 65/65 1687/1687 
f 1766/1766 1769/1769 1767/1767 
f 1769/1769 65/65 1767/1767 
f 1766/1766 1768/1768 1769/1769 
f 1769/1769 1768/1768 1687/1687 
f 1687/1687 65/65 1769/1769 
f 65/65 755/755 1767/1767 
f 65/65 1804/1804 755/755 
f 65/65 246/246 1804/1804 
f 749/749 247/247 248/248 
f 245/245 247/247 749/749 
f 747/747 1770/1770 245/245 
f 747/747 1763/1763 1770/1770 
f 1770/1770 1763/1763 1771/1771 
f 245/245 1770/1770 247/247 
f 247/247 1770/1770 1772/1772 
f 1770/1770 1771/1771 1772/1772 
f 1771/1771 1780/1780 1772/1772 
f 1771/1771 753/753 1780/1780 
f 1760/1760 1773/1773 1763/1763 
f 1760/1760 242/242 1773/1773 
f 242/242 1775/1775 1773/1773 
f 1678/1678 1774/1774 751/751 
f 242/242 752/752 1775/1775 
f 751/751 1774/1774 242/242 
f 242/242 1774/1774 752/752 
f 1780/1780 753/753 1776/1776 
f 753/753 754/754 1776/1776 
f 1763/1763 1773/1773 1771/1771 
f 1771/1771 1773/1773 1775/1775 
f 1771/1771 1775/1775 753/753 
f 753/753 1775/1775 754/754 
f 1775/1775 752/752 754/754 
f 752/752 1767/1767 754/754 
f 754/754 1767/1767 755/755 
f 1776/1776 754/754 755/755 
f 1776/1776 755/755 757/757 
f 247/247 756/756 248/248 
f 1772/1772 756/756 247/247 
f 1772/1772 1780/1780 756/756 
f 1780/1780 1781/1781 756/756 
f 756/756 1777/1777 248/248 
f 1776/1776 1778/1778 1780/1780 
f 1776/1776 757/757 1778/1778 
f 755/755 1803/1803 757/757 
f 757/757 758/758 1778/1778 
f 757/757 772/772 758/758 
f 1777/1777 1779/1779 1841/1841 
f 756/756 1779/1779 1777/1777 
f 1780/1780 1778/1778 1781/1781 
f 756/756 1781/1781 1779/1779 
f 1779/1779 1781/1781 758/758 
f 1778/1778 758/758 1781/1781 
f 758/758 771/771 1779/1779 
f 760/760 759/759 1687/1687 
f 237/237 760/760 736/736 
f 237/237 762/762 1789/1789 
f 237/237 1789/1789 760/760 
f 760/760 761/761 759/759 
f 759/759 1788/1788 1806/1806 
f 761/761 1788/1788 759/759 
f 239/239 763/763 762/762 
f 1741/1741 1782/1782 763/763 
f 763/763 1786/1786 762/762 
f 1782/1782 1784/1784 250/250 
f 1744/1744 1783/1783 241/241 
f 764/764 249/249 1744/1744 
f 1744/1744 249/249 1783/1783 
f 241/241 1783/1783 1782/1782 
f 1782/1782 1783/1783 1784/1784 
f 1784/1784 1785/1785 250/250 
f 1784/1784 2256/2256 1785/1785 
f 249/249 2256/2256 1783/1783 
f 1783/1783 2256/2256 1784/1784 
f 763/763 250/250 1786/1786 
f 1782/1782 250/250 763/763 
f 1786/1786 250/250 765/765 
f 250/250 1785/1785 765/765 
f 1785/1785 2256/2256 765/765 
f 1786/1786 1787/1787 1790/1790 
f 1786/1786 765/765 1787/1787 
f 1790/1790 1787/1787 766/766 
f 761/761 760/760 1788/1788 
f 760/760 1789/1789 1797/1797 
f 762/762 1786/1786 1790/1790 
f 1789/1789 762/762 1790/1790 
f 1789/1789 251/251 1791/1791 
f 1789/1789 1790/1790 251/251 
f 1790/1790 766/766 251/251 
f 760/760 1806/1806 1788/1788 
f 1797/1797 252/252 760/760 
f 760/760 767/767 1806/1806 
f 760/760 252/252 767/767 
f 1806/1806 767/767 774/774 
f 767/767 67/67 774/774 
f 766/766 1792/1792 251/251 
f 251/251 1792/1792 1791/1791 
f 1791/1791 1792/1792 768/768 
f 1792/1792 66/66 768/768 
f 67/67 767/767 1793/1793 
f 252/252 1794/1794 767/767 
f 767/767 1795/1795 1793/1793 
f 767/767 1794/1794 1795/1795 
f 1794/1794 1796/1796 1795/1795 
f 1789/1789 1791/1791 1797/1797 
f 1797/1797 1791/1791 768/768 
f 1794/1794 768/768 1796/1796 
f 252/252 1797/1797 1794/1794 
f 1797/1797 768/768 1794/1794 
f 768/768 1800/1800 1796/1796 
f 768/768 66/66 1800/1800 
f 1793/1793 769/769 67/67 
f 1796/1796 1798/1798 1795/1795 
f 1795/1795 1798/1798 1793/1793 
f 1793/1793 1799/1799 769/769 
f 1796/1796 1800/1800 1798/1798 
f 66/66 1117/1117 1800/1800 
f 1117/1117 1801/1801 1800/1800 
f 1800/1800 1801/1801 1798/1798 
f 1793/1793 770/770 1799/1799 
f 1793/1793 1798/1798 770/770 
f 770/770 1798/1798 1801/1801 
f 770/770 2/2 1799/1799 
f 1801/1801 1802/1802 770/770 
f 770/770 1114/1114 2/2 
f 1779/1779 771/771 74/74 
f 758/758 772/772 771/771 
f 1803/1803 772/772 757/757 
f 1803/1803 253/253 772/772 
f 771/771 772/772 773/773 
f 773/773 772/772 253/253 
f 253/253 1813/1813 773/773 
f 1804/1804 1805/1805 253/253 
f 1804/1804 246/246 1805/1805 
f 1687/1687 1806/1806 246/246 
f 1687/1687 759/759 1806/1806 
f 1805/1805 246/246 1807/1807 
f 246/246 1806/1806 1807/1807 
f 755/755 1804/1804 1803/1803 
f 1803/1803 1804/1804 253/253 
f 1805/1805 1807/1807 253/253 
f 253/253 1808/1808 1813/1813 
f 1807/1807 1809/1809 253/253 
f 1807/1807 774/774 1809/1809 
f 1807/1807 1806/1806 774/774 
f 1808/1808 253/253 1809/1809 
f 1809/1809 774/774 769/769 
f 774/774 67/67 769/769 
f 1808/1808 1810/1810 1814/1814 
f 1809/1809 1811/1811 1808/1808 
f 769/769 1811/1811 1809/1809 
f 769/769 1799/1799 1811/1811 
f 1808/1808 1811/1811 1810/1810 
f 1811/1811 2/2 1810/1810 
f 1811/1811 1799/1799 2/2 
f 1813/1813 1812/1812 773/773 
f 1808/1808 1814/1814 1813/1813 
f 1814/1814 1812/1812 1813/1813 
f 1812/1812 254/254 773/773 
f 2/2 1111/1111 1810/1810 
f 1810/1810 1111/1111 1814/1814 
f 1814/1814 1111/1111 1110/1110 
f 1814/1814 1110/1110 775/775 
f 1812/1812 1814/1814 775/775 
f 775/775 1109/1109 1812/1812 
f 1812/1812 1109/1109 254/254 
f 1109/1109 1106/1106 254/254 
f 771/771 254/254 1846/1846 
f 771/771 773/773 254/254 
f 1846/1846 254/254 120/120 
f 254/254 2233/2233 120/120 
f 202/202 1826/1826 11/11 
f 11/11 1815/1815 68/68 
f 11/11 1826/1826 1815/1815 
f 50/50 68/68 1816/1816 
f 50/50 11/11 68/68 
f 1816/1816 68/68 776/776 
f 68/68 1815/1815 776/776 
f 1816/1816 776/776 1332/1332 
f 1815/1815 777/777 776/776 
f 776/776 1331/1331 1332/1332 
f 1331/1331 776/776 783/783 
f 202/202 1817/1817 1826/1826 
f 202/202 646/646 1817/1817 
f 1559/1559 778/778 69/69 
f 69/69 1818/1818 1559/1559 
f 1559/1559 1818/1818 1819/1819 
f 646/646 1559/1559 1817/1817 
f 1817/1817 1559/1559 1819/1819 
f 655/655 779/779 1567/1567 
f 1567/1567 779/779 1820/1820 
f 1567/1567 1820/1820 778/778 
f 655/655 780/780 1821/1821 
f 780/780 1833/1833 1821/1821 
f 1833/1833 1881/1881 1821/1821 
f 1820/1820 781/781 69/69 
f 655/655 1821/1821 779/779 
f 1820/1820 779/779 781/781 
f 779/779 1821/1821 781/781 
f 1821/1821 1881/1881 781/781 
f 69/69 1879/1879 255/255 
f 781/781 782/782 69/69 
f 1881/1881 782/782 781/781 
f 782/782 1822/1822 69/69 
f 1818/1818 255/255 1819/1819 
f 1823/1823 1819/1819 255/255 
f 255/255 1824/1824 1823/1823 
f 778/778 1820/1820 69/69 
f 69/69 255/255 1818/1818 
f 1824/1824 70/70 1823/1823 
f 1879/1879 1824/1824 255/255 
f 1879/1879 818/818 1824/1824 
f 818/818 256/256 1824/1824 
f 70/70 1824/1824 256/256 
f 256/256 1876/1876 70/70 
f 70/70 1876/1876 257/257 
f 776/776 1825/1825 783/783 
f 1825/1825 776/776 777/777 
f 777/777 258/258 1825/1825 
f 777/777 784/784 258/258 
f 1826/1826 1827/1827 1815/1815 
f 1826/1826 1817/1817 1827/1827 
f 1817/1817 1819/1819 1827/1827 
f 1827/1827 1819/1819 1823/1823 
f 784/784 70/70 258/258 
f 777/777 1827/1827 784/784 
f 777/777 1815/1815 1827/1827 
f 784/784 1823/1823 70/70 
f 784/784 1827/1827 1823/1823 
f 258/258 1828/1828 1829/1829 
f 70/70 1828/1828 258/258 
f 1828/1828 70/70 257/257 
f 1828/1828 257/257 785/785 
f 1825/1825 258/258 783/783 
f 258/258 71/71 783/783 
f 783/783 71/71 423/423 
f 258/258 788/788 71/71 
f 71/71 1830/1830 424/424 
f 1828/1828 786/786 1829/1829 
f 1829/1829 786/786 788/788 
f 1828/1828 785/785 1859/1859 
f 786/786 1828/1828 1859/1859 
f 786/786 1859/1859 787/787 
f 786/786 787/787 1831/1831 
f 71/71 788/788 1830/1830 
f 258/258 1829/1829 788/788 
f 1830/1830 788/788 1831/1831 
f 1830/1830 789/789 72/72 
f 1830/1830 1831/1831 789/789 
f 788/788 786/786 1831/1831 
f 1831/1831 787/787 789/789 
f 1830/1830 72/72 424/424 
f 72/72 1832/1832 427/427 
f 789/789 805/805 790/790 
f 1832/1832 72/72 789/789 
f 789/789 790/790 1832/1832 
f 1832/1832 791/791 429/429 
f 1832/1832 790/790 1856/1856 
f 1832/1832 1856/1856 791/791 
f 1745/1745 1833/1833 780/780 
f 1746/1746 1834/1834 1745/1745 
f 1745/1745 1834/1834 1833/1833 
f 1746/1746 792/792 1834/1834 
f 792/792 259/259 1834/1834 
f 1834/1834 259/259 815/815 
f 1835/1835 1836/1836 792/792 
f 748/748 1837/1837 1835/1835 
f 1835/1835 1837/1837 1836/1836 
f 248/248 1838/1838 1837/1837 
f 1837/1837 1838/1838 1836/1836 
f 1836/1836 1838/1838 794/794 
f 259/259 792/792 1836/1836 
f 259/259 1836/1836 794/794 
f 259/259 1839/1839 73/73 
f 259/259 794/794 1839/1839 
f 1839/1839 1844/1844 1840/1840 
f 1777/1777 1841/1841 248/248 
f 248/248 1841/1841 793/793 
f 1841/1841 1842/1842 793/793 
f 793/793 1842/1842 1838/1838 
f 1779/1779 74/74 1841/1841 
f 1842/1842 1841/1841 1843/1843 
f 794/794 1838/1838 795/795 
f 248/248 793/793 1838/1838 
f 1838/1838 1842/1842 1843/1843 
f 1838/1838 1843/1843 799/799 
f 794/794 1844/1844 1839/1839 
f 794/794 795/795 1844/1844 
f 799/799 795/795 1838/1838 
f 795/795 1845/1845 822/822 
f 795/795 75/75 1845/1845 
f 771/771 1846/1846 74/74 
f 1846/1846 260/260 74/74 
f 1846/1846 120/120 796/796 
f 120/120 1330/1330 796/796 
f 1330/1330 1847/1847 796/796 
f 74/74 260/260 797/797 
f 1846/1846 796/796 260/260 
f 1847/1847 260/260 796/796 
f 797/797 801/801 74/74 
f 797/797 1847/1847 1848/1848 
f 260/260 1847/1847 797/797 
f 1845/1845 75/75 802/802 
f 802/802 75/75 261/261 
f 795/795 799/799 75/75 
f 799/799 798/798 75/75 
f 799/799 800/800 798/798 
f 75/75 798/798 261/261 
f 798/798 1849/1849 261/261 
f 1851/1851 1849/1849 798/798 
f 1843/1843 1841/1841 799/799 
f 1841/1841 800/800 799/799 
f 1841/1841 74/74 800/800 
f 798/798 800/800 1851/1851 
f 1851/1851 800/800 801/801 
f 800/800 74/74 801/801 
f 801/801 1848/1848 1851/1851 
f 1851/1851 1848/1848 76/76 
f 801/801 797/797 1848/1848 
f 1847/1847 417/417 1848/1848 
f 1848/1848 417/417 76/76 
f 261/261 1849/1849 803/803 
f 261/261 803/803 836/836 
f 1850/1850 804/804 803/803 
f 1851/1851 1853/1853 1849/1849 
f 1851/1851 76/76 1853/1853 
f 76/76 1852/1852 1853/1853 
f 1852/1852 2500/2500 1853/1853 
f 1853/1853 2500/2500 1854/1854 
f 804/804 1850/1850 262/262 
f 1849/1849 1850/1850 803/803 
f 1849/1849 1853/1853 1850/1850 
f 1850/1850 1853/1853 262/262 
f 262/262 1853/1853 1854/1854 
f 1854/1854 2500/2500 1324/1324 
f 263/263 1854/1854 1855/1855 
f 262/262 1854/1854 263/263 
f 1854/1854 1324/1324 1855/1855 
f 263/263 1855/1855 841/841 
f 791/791 1856/1856 478/478 
f 1856/1856 270/270 478/478 
f 1857/1857 1858/1858 1856/1856 
f 1856/1856 1858/1858 270/270 
f 790/790 805/805 1857/1857 
f 789/789 787/787 805/805 
f 805/805 1864/1864 806/806 
f 805/805 806/806 1857/1857 
f 790/790 1857/1857 1856/1856 
f 1857/1857 806/806 1858/1858 
f 1858/1858 17/17 1903/1903 
f 806/806 1862/1862 1858/1858 
f 809/809 1862/1862 806/806 
f 1858/1858 1862/1862 17/17 
f 1864/1864 787/787 1861/1861 
f 785/785 1860/1860 1888/1888 
f 1859/1859 1888/1888 1861/1861 
f 1859/1859 785/785 1888/1888 
f 787/787 1859/1859 1861/1861 
f 1861/1861 1888/1888 807/807 
f 1861/1861 807/807 808/808 
f 1888/1888 1887/1887 807/807 
f 1887/1887 826/826 807/807 
f 807/807 826/826 827/827 
f 807/807 827/827 808/808 
f 827/827 1867/1867 808/808 
f 1862/1862 1863/1863 17/17 
f 809/809 1865/1865 1862/1862 
f 1863/1863 1862/1862 1865/1865 
f 1865/1865 77/77 1863/1863 
f 806/806 1864/1864 809/809 
f 787/787 1864/1864 805/805 
f 1865/1865 1866/1866 77/77 
f 809/809 1866/1866 1865/1865 
f 809/809 1864/1864 1866/1866 
f 1864/1864 1861/1861 1866/1866 
f 1861/1861 808/808 1866/1866 
f 1866/1866 808/808 1867/1867 
f 1863/1863 1868/1868 17/17 
f 1863/1863 77/77 264/264 
f 1868/1868 1863/1863 264/264 
f 1866/1866 1869/1869 77/77 
f 1867/1867 1869/1869 1866/1866 
f 1867/1867 1870/1870 1869/1869 
f 1869/1869 1871/1871 77/77 
f 1869/1869 810/810 1871/1871 
f 264/264 1872/1872 78/78 
f 264/264 77/77 1872/1872 
f 77/77 1871/1871 1872/1872 
f 1872/1872 1871/1871 811/811 
f 1872/1872 1873/1873 78/78 
f 78/78 1873/1873 1910/1910 
f 1871/1871 812/812 811/811 
f 1872/1872 811/811 1873/1873 
f 811/811 1885/1885 1873/1873 
f 1885/1885 1909/1909 1873/1873 
f 257/257 1874/1874 785/785 
f 1876/1876 1874/1874 257/257 
f 1874/1874 1891/1891 1889/1889 
f 1875/1875 1891/1891 1874/1874 
f 256/256 1877/1877 1876/1876 
f 256/256 818/818 1877/1877 
f 1874/1874 1876/1876 1875/1875 
f 1876/1876 816/816 1875/1875 
f 1876/1876 1877/1877 816/816 
f 1877/1877 817/817 816/816 
f 1875/1875 816/816 1891/1891 
f 1891/1891 816/816 1878/1878 
f 816/816 265/265 1878/1878 
f 265/265 1893/1893 1878/1878 
f 69/69 814/814 1879/1879 
f 814/814 819/819 1879/1879 
f 782/782 813/813 1822/1822 
f 813/813 1880/1880 1822/1822 
f 69/69 1822/1822 814/814 
f 814/814 1822/1822 1880/1880 
f 1880/1880 79/79 814/814 
f 814/814 79/79 819/819 
f 1881/1881 1833/1833 1882/1882 
f 1833/1833 815/815 1882/1882 
f 1833/1833 1834/1834 815/815 
f 815/815 259/259 73/73 
f 782/782 1881/1881 813/813 
f 1881/1881 1882/1882 813/813 
f 1882/1882 815/815 813/813 
f 813/813 73/73 1880/1880 
f 813/813 815/815 73/73 
f 73/73 1840/1840 1880/1880 
f 73/73 1839/1839 1840/1840 
f 1880/1880 1840/1840 79/79 
f 1840/1840 1844/1844 79/79 
f 816/816 817/817 265/265 
f 817/817 1884/1884 265/265 
f 818/818 819/819 1877/1877 
f 1879/1879 819/819 818/818 
f 817/817 1877/1877 1883/1883 
f 1877/1877 819/819 1883/1883 
f 819/819 79/79 1883/1883 
f 1883/1883 79/79 1844/1844 
f 265/265 820/820 1893/1893 
f 1883/1883 1884/1884 817/817 
f 265/265 1884/1884 820/820 
f 1883/1883 1844/1844 822/822 
f 1844/1844 795/795 822/822 
f 820/820 822/822 821/821 
f 1884/1884 822/822 820/820 
f 1883/1883 822/822 1884/1884 
f 821/821 822/822 1845/1845 
f 821/821 1845/1845 802/802 
f 1885/1885 266/266 830/830 
f 811/811 812/812 1885/1885 
f 812/812 266/266 1885/1885 
f 266/266 823/823 830/830 
f 1869/1869 1870/1870 810/810 
f 810/810 1870/1870 267/267 
f 267/267 1870/1870 1894/1894 
f 812/812 267/267 266/266 
f 1871/1871 810/810 812/812 
f 812/812 810/810 267/267 
f 823/823 266/266 267/267 
f 267/267 825/825 823/823 
f 1894/1894 824/824 267/267 
f 267/267 824/824 825/825 
f 824/824 1886/1886 825/825 
f 825/825 1886/1886 834/834 
f 826/826 1887/1887 1890/1890 
f 1888/1888 1889/1889 1887/1887 
f 785/785 1874/1874 1860/1860 
f 1888/1888 1860/1860 1889/1889 
f 1874/1874 1889/1889 1860/1860 
f 1890/1890 1892/1892 268/268 
f 1887/1887 1889/1889 1890/1890 
f 1892/1892 1890/1890 1889/1889 
f 1892/1892 1889/1889 1891/1891 
f 1891/1891 1878/1878 1892/1892 
f 1892/1892 1893/1893 268/268 
f 1892/1892 1878/1878 1893/1893 
f 824/824 80/80 1886/1886 
f 1870/1870 828/828 1894/1894 
f 1867/1867 827/827 1870/1870 
f 1870/1870 827/827 828/828 
f 827/827 826/826 828/828 
f 1894/1894 828/828 1890/1890 
f 828/828 826/826 1890/1890 
f 824/824 1894/1894 80/80 
f 80/80 1894/1894 268/268 
f 1894/1894 1890/1890 268/268 
f 80/80 268/268 1895/1895 
f 1895/1895 268/268 1893/1893 
f 1886/1886 829/829 834/834 
f 80/80 1896/1896 1886/1886 
f 1886/1886 1896/1896 829/829 
f 1896/1896 81/81 829/829 
f 1895/1895 1896/1896 80/80 
f 1895/1895 1893/1893 820/820 
f 820/820 1897/1897 1895/1895 
f 1896/1896 1897/1897 81/81 
f 1896/1896 1895/1895 1897/1897 
f 1897/1897 820/820 821/821 
f 1897/1897 821/821 81/81 
f 821/821 802/802 81/81 
f 1885/1885 1898/1898 1909/1909 
f 830/830 1898/1898 1885/1885 
f 1898/1898 832/832 1920/1920 
f 1898/1898 830/830 832/832 
f 825/825 838/838 823/823 
f 834/834 831/831 838/838 
f 825/825 834/834 838/838 
f 830/830 823/823 838/838 
f 832/832 830/830 838/838 
f 832/832 838/838 837/837 
f 832/832 833/833 848/848 
f 832/832 837/837 833/833 
f 829/829 269/269 834/834 
f 269/269 831/831 834/834 
f 81/81 269/269 829/829 
f 836/836 835/835 269/269 
f 802/802 261/261 81/81 
f 81/81 261/261 836/836 
f 269/269 81/81 836/836 
f 836/836 1899/1899 835/835 
f 803/803 804/804 836/836 
f 836/836 804/804 1899/1899 
f 837/837 1900/1900 833/833 
f 837/837 839/839 1900/1900 
f 838/838 831/831 835/835 
f 831/831 269/269 835/835 
f 1900/1900 839/839 1899/1899 
f 839/839 835/835 1899/1899 
f 838/838 835/835 837/837 
f 839/839 837/837 835/835 
f 833/833 1900/1900 840/840 
f 1899/1899 842/842 1900/1900 
f 1900/1900 842/842 1923/1923 
f 842/842 841/841 1923/1923 
f 804/804 262/262 1899/1899 
f 262/262 263/263 1899/1899 
f 1899/1899 263/263 842/842 
f 842/842 263/263 841/841 
f 1901/1901 478/478 270/270 
f 1858/1858 1903/1903 270/270 
f 17/17 1902/1902 1903/1903 
f 1903/1903 1902/1902 1904/1904 
f 1903/1903 1904/1904 843/843 
f 270/270 271/271 1901/1901 
f 270/270 1903/1903 271/271 
f 271/271 843/843 1905/1905 
f 271/271 1903/1903 843/843 
f 271/271 1905/1905 1901/1901 
f 1901/1901 1905/1905 1347/1347 
f 843/843 272/272 1905/1905 
f 1905/1905 1348/1348 1347/1347 
f 1905/1905 1912/1912 1348/1348 
f 1868/1868 1902/1902 17/17 
f 1868/1868 1907/1907 1902/1902 
f 78/78 1906/1906 264/264 
f 1868/1868 264/264 1906/1906 
f 1868/1868 1906/1906 1907/1907 
f 1907/1907 1906/1906 82/82 
f 78/78 1910/1910 1908/1908 
f 1873/1873 1909/1909 1910/1910 
f 1908/1908 1910/1910 844/844 
f 844/844 845/845 1908/1908 
f 844/844 857/857 845/845 
f 78/78 1908/1908 1906/1906 
f 1906/1906 845/845 82/82 
f 1908/1908 845/845 1906/1906 
f 845/845 857/857 1911/1911 
f 845/845 1911/1911 82/82 
f 82/82 1918/1918 1917/1917 
f 82/82 1911/1911 1918/1918 
f 1911/1911 855/855 1918/1918 
f 1905/1905 1913/1913 1912/1912 
f 1912/1912 1913/1913 450/450 
f 1905/1905 272/272 1913/1913 
f 1904/1904 1914/1914 843/843 
f 843/843 1914/1914 272/272 
f 1904/1904 1902/1902 1914/1914 
f 1914/1914 1902/1902 1907/1907 
f 1914/1914 1915/1915 272/272 
f 1914/1914 1907/1907 1915/1915 
f 1907/1907 82/82 1915/1915 
f 1913/1913 272/272 1916/1916 
f 1916/1916 272/272 1915/1915 
f 1915/1915 82/82 1916/1916 
f 1916/1916 847/847 1913/1913 
f 1916/1916 1917/1917 847/847 
f 1916/1916 82/82 1917/1917 
f 1917/1917 1918/1918 847/847 
f 450/450 1913/1913 846/846 
f 450/450 846/846 1350/1350 
f 1918/1918 275/275 847/847 
f 846/846 847/847 1919/1919 
f 275/275 1919/1919 847/847 
f 846/846 126/126 1350/1350 
f 1913/1913 847/847 846/846 
f 846/846 1919/1919 126/126 
f 1919/1919 1928/1928 126/126 
f 1928/1928 1353/1353 126/126 
f 126/126 1353/1353 451/451 
f 1898/1898 1933/1933 1909/1909 
f 1898/1898 1920/1920 1933/1933 
f 1920/1920 1922/1922 1933/1933 
f 833/833 849/849 848/848 
f 1920/1920 1921/1921 1922/1922 
f 832/832 848/848 1920/1920 
f 1920/1920 848/848 1921/1921 
f 848/848 849/849 1921/1921 
f 1921/1921 273/273 1922/1922 
f 273/273 1936/1936 1922/1922 
f 849/849 273/273 1921/1921 
f 849/849 850/850 273/273 
f 850/850 274/274 273/273 
f 273/273 274/274 859/859 
f 1900/1900 1923/1923 840/840 
f 1923/1923 83/83 840/840 
f 841/841 1855/1855 1923/1923 
f 1855/1855 1924/1924 1923/1923 
f 83/83 1923/1923 1924/1924 
f 859/859 274/274 862/862 
f 849/849 1925/1925 850/850 
f 850/850 1925/1925 274/274 
f 274/274 1925/1925 851/851 
f 851/851 1926/1926 274/274 
f 833/833 840/840 849/849 
f 849/849 840/840 1925/1925 
f 840/840 83/83 851/851 
f 1925/1925 840/840 851/851 
f 851/851 83/83 852/852 
f 274/274 1926/1926 862/862 
f 851/851 1927/1927 1926/1926 
f 862/862 1926/1926 1927/1927 
f 852/852 1266/1266 851/851 
f 1927/1927 851/851 1266/1266 
f 1927/1927 3/3 853/853 
f 1927/1927 1266/1266 3/3 
f 1928/1928 1942/1942 1353/1353 
f 1928/1928 863/863 1942/1942 
f 1919/1919 1929/1929 1928/1928 
f 1919/1919 275/275 1929/1929 
f 275/275 1930/1930 1929/1929 
f 1918/1918 855/855 275/275 
f 275/275 860/860 1930/1930 
f 860/860 84/84 1930/1930 
f 1928/1928 854/854 1931/1931 
f 1928/1928 1929/1929 1930/1930 
f 854/854 1928/1928 1930/1930 
f 1930/1930 84/84 854/854 
f 1928/1928 1931/1931 863/863 
f 84/84 1938/1938 854/854 
f 1938/1938 1931/1931 854/854 
f 1938/1938 1941/1941 1931/1931 
f 1911/1911 857/857 1932/1932 
f 1911/1911 1932/1932 855/855 
f 855/855 1932/1932 856/856 
f 844/844 858/858 857/857 
f 1910/1910 1933/1933 844/844 
f 1910/1910 1909/1909 1933/1933 
f 844/844 1933/1933 858/858 
f 1933/1933 1922/1922 858/858 
f 856/856 1935/1935 1934/1934 
f 1932/1932 1935/1935 856/856 
f 1932/1932 857/857 1935/1935 
f 1935/1935 857/857 858/858 
f 1935/1935 1936/1936 1934/1934 
f 858/858 1936/1936 1935/1935 
f 1922/1922 1936/1936 858/858 
f 1934/1934 1936/1936 859/859 
f 273/273 859/859 1936/1936 
f 1941/1941 1937/1937 85/85 
f 855/855 860/860 275/275 
f 860/860 855/855 856/856 
f 860/860 856/856 1939/1939 
f 1938/1938 1937/1937 1941/1941 
f 1938/1938 1939/1939 1937/1937 
f 84/84 860/860 1938/1938 
f 1938/1938 860/860 1939/1939 
f 1937/1937 861/861 85/85 
f 1939/1939 861/861 1937/1937 
f 1939/1939 1934/1934 861/861 
f 856/856 1934/1934 1939/1939 
f 861/861 859/859 862/862 
f 1934/1934 859/859 861/861 
f 1941/1941 86/86 1940/1940 
f 85/85 86/86 1941/1941 
f 85/85 861/861 853/853 
f 861/861 862/862 853/853 
f 862/862 1927/1927 853/853 
f 86/86 853/853 3/3 
f 85/85 853/853 86/86 
f 1942/1942 863/863 457/457 
f 863/863 1943/1943 1355/1355 
f 1931/1931 864/864 863/863 
f 1941/1941 864/864 1931/1931 
f 863/863 864/864 1943/1943 
f 1940/1940 864/864 1941/1941 
f 1940/1940 865/865 864/864 
f 1940/1940 86/86 865/865 
f 3/3 865/865 86/86 
f 3/3 2449/2449 865/865 
f 866/866 1356/1356 1943/1943 
f 864/864 865/865 866/866 
f 1943/1943 864/864 866/866 
f 866/866 865/865 867/867 
f 1356/1356 866/866 868/868 
f 866/866 867/867 868/868 
f 868/868 867/867 2446/2446 
f 87/87 946/946 869/869 
f 869/869 879/879 1945/1945 
f 869/869 1944/1944 879/879 
f 97/97 1944/1944 869/869 
f 87/87 1945/1945 391/391 
f 87/87 869/869 1945/1945 
f 879/879 1953/1953 1945/1945 
f 1945/1945 1953/1953 391/391 
f 1950/1950 1216/1216 391/391 
f 870/870 871/871 97/97 
f 872/872 1946/1946 278/278 
f 870/870 872/872 871/871 
f 872/872 278/278 871/871 
f 871/871 278/278 18/18 
f 1946/1946 276/276 873/873 
f 1946/1946 873/873 874/874 
f 1947/1947 1987/1987 276/276 
f 1947/1947 283/283 1987/1987 
f 276/276 1987/1987 873/873 
f 873/873 279/279 874/874 
f 1987/1987 875/875 873/873 
f 873/873 875/875 279/279 
f 18/18 278/278 277/277 
f 278/278 1946/1946 874/874 
f 277/277 874/874 279/279 
f 277/277 278/278 874/874 
f 277/277 281/281 18/18 
f 277/277 1949/1949 281/281 
f 281/281 1949/1949 1955/1955 
f 875/875 1948/1948 279/279 
f 279/279 1948/1948 277/277 
f 1948/1948 1949/1949 277/277 
f 1948/1948 876/876 1949/1949 
f 1950/1950 391/391 1951/1951 
f 1950/1950 1951/1951 282/282 
f 391/391 1953/1953 1951/1951 
f 282/282 1951/1951 877/877 
f 877/877 1951/1951 878/878 
f 1944/1944 880/880 879/879 
f 97/97 871/871 1944/1944 
f 1944/1944 871/871 880/880 
f 871/871 18/18 880/880 
f 880/880 18/18 881/881 
f 878/878 1952/1952 885/885 
f 879/879 880/880 1953/1953 
f 1952/1952 280/280 1954/1954 
f 878/878 280/280 1952/1952 
f 878/878 1953/1953 280/280 
f 1951/1951 1953/1953 878/878 
f 280/280 1953/1953 880/880 
f 280/280 281/281 1954/1954 
f 280/280 881/881 281/281 
f 280/280 880/880 881/881 
f 881/881 18/18 281/281 
f 1952/1952 883/883 885/885 
f 1954/1954 883/883 1952/1952 
f 1954/1954 281/281 1955/1955 
f 1954/1954 1955/1955 883/883 
f 1950/1950 282/282 1216/1216 
f 1216/1216 282/282 882/882 
f 282/282 877/877 882/882 
f 877/877 884/884 882/882 
f 1956/1956 1957/1957 1955/1955 
f 885/885 1957/1957 1958/1958 
f 1955/1955 1957/1957 883/883 
f 885/885 883/883 1957/1957 
f 1957/1957 1980/1980 1958/1958 
f 1980/1980 19/19 1958/1958 
f 882/882 884/884 1959/1959 
f 878/878 885/885 877/877 
f 884/884 877/877 885/885 
f 884/884 1958/1958 886/886 
f 884/884 885/885 1958/1958 
f 884/884 886/886 1959/1959 
f 886/886 888/888 1959/1959 
f 1958/1958 1960/1960 886/886 
f 1958/1958 19/19 887/887 
f 1958/1958 887/887 1960/1960 
f 888/888 886/886 1960/1960 
f 1960/1960 1978/1978 888/888 
f 1978/1978 1961/1961 888/888 
f 888/888 1961/1961 889/889 
f 1036/1036 283/283 1947/1947 
f 283/283 1036/1036 88/88 
f 1036/1036 890/890 88/88 
f 890/890 1036/1036 891/891 
f 896/896 890/890 891/891 
f 1037/1037 284/284 2133/2133 
f 341/341 893/893 284/284 
f 893/893 1962/1962 284/284 
f 1053/1053 894/894 1041/1041 
f 1963/1963 1041/1041 894/894 
f 1963/1963 894/894 1964/1964 
f 893/893 895/895 1962/1962 
f 341/341 1963/1963 893/893 
f 893/893 1963/1963 895/895 
f 1963/1963 1964/1964 895/895 
f 895/895 1966/1966 1962/1962 
f 1964/1964 902/902 895/895 
f 895/895 902/902 1966/1966 
f 890/890 896/896 892/892 
f 2133/2133 1965/1965 891/891 
f 2133/2133 284/284 1965/1965 
f 896/896 1965/1965 1966/1966 
f 896/896 891/891 1965/1965 
f 284/284 1962/1962 1965/1965 
f 1965/1965 1962/1962 1966/1966 
f 902/902 901/901 1966/1966 
f 896/896 1968/1968 892/892 
f 896/896 1966/1966 1968/1968 
f 892/892 1968/1968 1967/1967 
f 901/901 1968/1968 1966/1966 
f 901/901 897/897 1968/1968 
f 1989/1989 1968/1968 897/897 
f 897/897 1995/1995 1989/1989 
f 346/346 1970/1970 1053/1053 
f 1053/1053 1970/1970 904/904 
f 1970/1970 346/346 899/899 
f 1970/1970 899/899 905/905 
f 346/346 348/348 898/898 
f 39/39 162/162 898/898 
f 899/899 285/285 905/905 
f 346/346 898/898 899/899 
f 899/899 898/898 285/285 
f 285/285 898/898 1403/1403 
f 285/285 1398/1398 905/905 
f 285/285 286/286 1398/1398 
f 285/285 1403/1403 286/286 
f 897/897 900/900 1995/1995 
f 897/897 1969/1969 900/900 
f 906/906 89/89 1969/1969 
f 897/897 901/901 1969/1969 
f 900/900 1969/1969 89/89 
f 89/89 1972/1972 900/900 
f 1964/1964 903/903 906/906 
f 902/902 1964/1964 906/906 
f 894/894 904/904 1964/1964 
f 904/904 903/903 1964/1964 
f 894/894 1053/1053 904/904 
f 906/906 903/903 1971/1971 
f 903/903 1970/1970 1971/1971 
f 903/903 904/904 1970/1970 
f 1970/1970 905/905 1971/1971 
f 900/900 1972/1972 287/287 
f 901/901 906/906 1969/1969 
f 901/901 902/902 906/906 
f 89/89 906/906 1972/1972 
f 1972/1972 906/906 1971/1971 
f 1971/1971 905/905 1972/1972 
f 287/287 1972/1972 1398/1398 
f 1972/1972 905/905 1398/1398 
f 900/900 907/907 1995/1995 
f 907/907 900/900 1973/1973 
f 900/900 1974/1974 1973/1973 
f 907/907 1973/1973 926/926 
f 1973/1973 1975/1975 1997/1997 
f 287/287 1398/1398 1976/1976 
f 1398/1398 145/145 1976/1976 
f 1974/1974 1975/1975 1973/1973 
f 1974/1974 908/908 1975/1975 
f 900/900 287/287 1974/1974 
f 287/287 1976/1976 1974/1974 
f 908/908 1974/1974 1976/1976 
f 1976/1976 145/145 908/908 
f 1975/1975 908/908 503/503 
f 1975/1975 503/503 1977/1977 
f 145/145 1395/1395 908/908 
f 908/908 1395/1395 503/503 
f 503/503 1367/1367 1977/1977 
f 1961/1961 1978/1978 909/909 
f 1960/1960 887/887 1978/1978 
f 1978/1978 887/887 911/911 
f 19/19 1981/1981 887/887 
f 887/887 1981/1981 911/911 
f 1978/1978 911/911 909/909 
f 911/911 928/928 909/909 
f 911/911 288/288 928/928 
f 19/19 1980/1980 1979/1979 
f 1957/1957 1956/1956 1980/1980 
f 1955/1955 916/916 1956/1956 
f 1956/1956 910/910 1980/1980 
f 1979/1979 1980/1980 913/913 
f 1980/1980 910/910 913/913 
f 913/913 910/910 1990/1990 
f 911/911 912/912 288/288 
f 19/19 1979/1979 1981/1981 
f 1982/1982 288/288 912/912 
f 911/911 1981/1981 912/912 
f 912/912 1981/1981 913/913 
f 1981/1981 1979/1979 913/913 
f 912/912 913/913 1982/1982 
f 928/928 288/288 2003/2003 
f 1982/1982 914/914 288/288 
f 288/288 914/914 2003/2003 
f 914/914 289/289 2003/2003 
f 913/913 1983/1983 1982/1982 
f 1983/1983 914/914 1982/1982 
f 913/913 1991/1991 1983/1983 
f 914/914 915/915 289/289 
f 1983/1983 915/915 914/914 
f 289/289 915/915 290/290 
f 915/915 1984/1984 290/290 
f 1949/1949 916/916 1955/1955 
f 1949/1949 876/876 916/916 
f 1986/1986 922/922 916/916 
f 1948/1948 875/875 1985/1985 
f 876/876 1948/1948 1985/1985 
f 1986/1986 916/916 1985/1985 
f 916/916 876/876 1985/1985 
f 1985/1985 291/291 1986/1986 
f 291/291 918/918 1986/1986 
f 918/918 1993/1993 1986/1986 
f 875/875 1987/1987 292/292 
f 875/875 292/292 919/919 
f 292/292 917/917 919/919 
f 1987/1987 88/88 292/292 
f 1987/1987 283/283 88/88 
f 88/88 890/890 292/292 
f 292/292 890/890 917/917 
f 890/890 892/892 917/917 
f 918/918 291/291 1988/1988 
f 1985/1985 919/919 291/291 
f 1985/1985 875/875 919/919 
f 291/291 919/919 1988/1988 
f 1988/1988 919/919 917/917 
f 1988/1988 917/917 293/293 
f 293/293 917/917 892/892 
f 1988/1988 920/920 918/918 
f 1988/1988 293/293 920/920 
f 918/918 920/920 1993/1993 
f 892/892 1967/1967 293/293 
f 920/920 293/293 1989/1989 
f 293/293 1967/1967 1989/1989 
f 1967/1967 1968/1968 1989/1989 
f 1989/1989 1995/1995 298/298 
f 1983/1983 294/294 915/915 
f 915/915 294/294 1984/1984 
f 1983/1983 1991/1991 294/294 
f 1984/1984 294/294 921/921 
f 294/294 295/295 921/921 
f 921/921 295/295 296/296 
f 913/913 1990/1990 1991/1991 
f 1990/1990 297/297 1991/1991 
f 1956/1956 916/916 910/910 
f 1990/1990 90/90 297/297 
f 1990/1990 922/922 90/90 
f 910/910 922/922 1990/1990 
f 910/910 916/916 922/922 
f 922/922 1986/1986 90/90 
f 90/90 1986/1986 1993/1993 
f 296/296 295/295 923/923 
f 295/295 1992/1992 923/923 
f 294/294 297/297 1992/1992 
f 294/294 1991/1991 297/297 
f 294/294 1992/1992 295/295 
f 1992/1992 1993/1993 923/923 
f 297/297 1993/1993 1992/1992 
f 297/297 90/90 1993/1993 
f 923/923 91/91 296/296 
f 923/923 1994/1994 91/91 
f 923/923 1993/1993 920/920 
f 1994/1994 923/923 1989/1989 
f 923/923 920/920 1989/1989 
f 1994/1994 298/298 91/91 
f 1989/1989 298/298 1994/1994 
f 1984/1984 925/925 939/939 
f 1984/1984 921/921 925/925 
f 296/296 924/924 921/921 
f 921/921 924/924 925/925 
f 925/925 924/924 1998/1998 
f 925/925 1998/1998 303/303 
f 91/91 924/924 296/296 
f 91/91 1996/1996 924/924 
f 298/298 1995/1995 91/91 
f 91/91 1995/1995 1996/1996 
f 1996/1996 1995/1995 907/907 
f 926/926 1997/1997 1996/1996 
f 1996/1996 907/907 926/926 
f 926/926 1973/1973 1997/1997 
f 1998/1998 927/927 303/303 
f 924/924 1996/1996 1998/1998 
f 92/92 927/927 1999/1999 
f 1998/1998 1999/1999 927/927 
f 1998/1998 1996/1996 1999/1999 
f 1997/1997 1975/1975 92/92 
f 1996/1996 1997/1997 1999/1999 
f 1999/1999 1997/1997 92/92 
f 927/927 2000/2000 303/303 
f 92/92 2000/2000 927/927 
f 92/92 1975/1975 1977/1977 
f 2000/2000 1977/1977 2011/2011 
f 2000/2000 92/92 1977/1977 
f 1977/1977 1367/1367 2011/2011 
f 1961/1961 1231/1231 889/889 
f 1961/1961 2001/2001 1231/1231 
f 909/909 2001/2001 1961/1961 
f 909/909 928/928 2001/2001 
f 928/928 299/299 2001/2001 
f 2001/2001 2002/2002 1232/1232 
f 2002/2002 2001/2001 299/299 
f 2002/2002 300/300 1232/1232 
f 299/299 931/931 2002/2002 
f 2002/2002 931/931 300/300 
f 928/928 2003/2003 933/933 
f 289/289 929/929 2003/2003 
f 2003/2003 929/929 933/933 
f 290/290 2004/2004 289/289 
f 290/290 930/930 2004/2004 
f 929/929 934/934 933/933 
f 929/929 301/301 934/934 
f 929/929 289/289 2004/2004 
f 2004/2004 301/301 929/929 
f 301/301 2008/2008 934/934 
f 931/931 302/302 2005/2005 
f 928/928 933/933 299/299 
f 302/302 932/932 2005/2005 
f 931/931 299/299 302/302 
f 299/299 933/933 302/302 
f 932/932 302/302 933/933 
f 932/932 2006/2006 2005/2005 
f 933/933 934/934 932/932 
f 932/932 934/934 2006/2006 
f 2006/2006 934/934 2008/2008 
f 931/931 2005/2005 2007/2007 
f 2007/2007 2005/2005 935/935 
f 2005/2005 2006/2006 935/935 
f 2008/2008 936/936 2009/2009 
f 2008/2008 2009/2009 2006/2006 
f 935/935 2006/2006 937/937 
f 937/937 2006/2006 938/938 
f 2006/2006 2009/2009 938/938 
f 938/938 2443/2443 937/937 
f 925/925 303/303 939/939 
f 939/939 303/303 93/93 
f 2000/2000 2010/2010 303/303 
f 2000/2000 2011/2011 2010/2010 
f 2011/2011 1367/1367 1364/1364 
f 2011/2011 1364/1364 2010/2010 
f 93/93 941/941 304/304 
f 93/93 305/305 941/941 
f 941/941 305/305 940/940 
f 305/305 303/303 2010/2010 
f 93/93 303/303 305/305 
f 940/940 305/305 2010/2010 
f 2010/2010 1364/1364 940/940 
f 940/940 1364/1364 942/942 
f 940/940 942/942 941/941 
f 938/938 2012/2012 2443/2443 
f 2009/2009 2012/2012 938/938 
f 2012/2012 943/943 2443/2443 
f 2009/2009 936/936 2012/2012 
f 2012/2012 936/936 943/943 
f 943/943 94/94 2015/2015 
f 2008/2008 301/301 936/936 
f 301/301 2013/2013 936/936 
f 2004/2004 930/930 301/301 
f 301/301 930/930 2013/2013 
f 1984/1984 939/939 290/290 
f 930/930 290/290 939/939 
f 2013/2013 2014/2014 306/306 
f 2014/2014 2013/2013 930/930 
f 930/930 939/939 2014/2014 
f 2014/2014 939/939 93/93 
f 2014/2014 304/304 306/306 
f 2014/2014 93/93 304/304 
f 943/943 306/306 94/94 
f 936/936 306/306 943/943 
f 936/936 2013/2013 306/306 
f 306/306 304/304 94/94 
f 94/94 1361/1361 2015/2015 
f 304/304 941/941 94/94 
f 94/94 941/941 1361/1361 
f 941/941 942/942 1361/1361 
f 943/943 944/944 2443/2443 
f 944/944 307/307 1244/1244 
f 943/943 2015/2015 944/944 
f 944/944 2015/2015 307/307 
f 2015/2015 1361/1361 95/95 
f 95/95 1361/1361 461/461 
f 2015/2015 95/95 307/307 
f 307/307 95/95 945/945 
f 945/945 95/95 2016/2016 
f 307/307 945/945 20/20 
f 95/95 461/461 2016/2016 
f 461/461 458/458 2016/2016 
f 945/945 2016/2016 458/458 
f 945/945 458/458 1246/1246 
f 308/308 946/946 87/87 
f 308/308 309/309 946/946 
f 947/947 96/96 2161/2161 
f 2161/2161 96/96 309/309 
f 96/96 948/948 309/309 
f 2161/2161 309/309 308/308 
f 2017/2017 97/97 946/946 
f 946/946 97/97 869/869 
f 309/309 2017/2017 946/946 
f 948/948 2017/2017 309/309 
f 948/948 2031/2031 2017/2017 
f 98/98 2018/2018 4/4 
f 1077/1077 2024/2024 2185/2185 
f 2185/2185 2024/2024 98/98 
f 98/98 2024/2024 949/949 
f 2018/2018 98/98 949/949 
f 2018/2018 2019/2019 2030/2030 
f 949/949 2019/2019 2018/2018 
f 949/949 953/953 2019/2019 
f 950/950 2024/2024 1077/1077 
f 2024/2024 950/950 2021/2021 
f 99/99 2020/2020 951/951 
f 99/99 2038/2038 2020/2020 
f 2020/2020 100/100 951/951 
f 951/951 2022/2022 2021/2021 
f 950/950 99/99 951/951 
f 950/950 951/951 2021/2021 
f 951/951 100/100 2022/2022 
f 2021/2021 2022/2022 952/952 
f 2022/2022 2023/2023 952/952 
f 310/310 2023/2023 2022/2022 
f 953/953 949/949 2027/2027 
f 949/949 2024/2024 2025/2025 
f 2024/2024 2021/2021 2025/2025 
f 2027/2027 2025/2025 952/952 
f 2027/2027 949/949 2025/2025 
f 2025/2025 2021/2021 952/952 
f 2027/2027 952/952 2026/2026 
f 952/952 2023/2023 2026/2026 
f 2027/2027 2028/2028 953/953 
f 2028/2028 2033/2033 953/953 
f 2023/2023 999/999 2026/2026 
f 2026/2026 999/999 1001/1001 
f 2028/2028 954/954 2033/2033 
f 2027/2027 2026/2026 2028/2028 
f 2026/2026 1001/1001 2028/2028 
f 2028/2028 1001/1001 954/954 
f 1001/1001 955/955 954/954 
f 955/955 2097/2097 954/954 
f 954/954 2097/2097 2034/2034 
f 97/97 2029/2029 870/870 
f 2017/2017 2029/2029 97/97 
f 2017/2017 2031/2031 2029/2029 
f 948/948 2030/2030 958/958 
f 947/947 4/4 96/96 
f 96/96 4/4 2030/2030 
f 4/4 2018/2018 2030/2030 
f 948/948 96/96 2030/2030 
f 2030/2030 2019/2019 958/958 
f 2029/2029 957/957 956/956 
f 2031/2031 2032/2032 2029/2029 
f 2032/2032 2031/2031 948/948 
f 2032/2032 948/948 958/958 
f 957/957 2029/2029 2032/2032 
f 2032/2032 958/958 957/957 
f 958/958 2033/2033 957/957 
f 958/958 2019/2019 2033/2033 
f 2019/2019 953/953 2033/2033 
f 956/956 957/957 959/959 
f 957/957 2033/2033 959/959 
f 959/959 2033/2033 2034/2034 
f 959/959 2034/2034 960/960 
f 954/954 2034/2034 2033/2033 
f 2029/2029 311/311 870/870 
f 956/956 311/311 2029/2029 
f 311/311 963/963 870/870 
f 870/870 963/963 872/872 
f 872/872 963/963 1946/1946 
f 956/956 959/959 311/311 
f 961/961 962/962 959/959 
f 2097/2097 2035/2035 2034/2034 
f 960/960 2034/2034 2035/2035 
f 2035/2035 327/327 960/960 
f 959/959 960/960 961/961 
f 960/960 327/327 961/961 
f 962/962 961/961 992/992 
f 992/992 2037/2037 962/962 
f 992/992 2090/2090 2037/2037 
f 963/963 101/101 1946/1946 
f 963/963 2036/2036 101/101 
f 963/963 311/311 2036/2036 
f 311/311 959/959 2036/2036 
f 959/959 962/962 2036/2036 
f 2036/2036 962/962 2037/2037 
f 1946/1946 101/101 276/276 
f 2036/2036 964/964 101/101 
f 2037/2037 964/964 2036/2036 
f 2037/2037 2090/2090 964/964 
f 101/101 964/964 276/276 
f 964/964 1947/1947 276/276 
f 2040/2040 965/965 312/312 
f 2040/2040 2041/2041 965/965 
f 2340/2340 313/313 1167/1167 
f 1167/1167 313/313 966/966 
f 313/313 967/967 966/966 
f 965/965 2041/2041 2042/2042 
f 2039/2039 2041/2041 2040/2040 
f 2039/2039 966/966 2041/2041 
f 966/966 967/967 2041/2041 
f 2041/2041 314/314 2042/2042 
f 314/314 2102/2102 2042/2042 
f 2041/2041 968/968 314/314 
f 967/967 968/968 2041/2041 
f 968/968 315/315 314/314 
f 314/314 315/315 2102/2102 
f 2355/2355 2048/2048 2340/2340 
f 2355/2355 969/969 2048/2048 
f 102/102 2043/2043 969/969 
f 969/969 2043/2043 2048/2048 
f 2043/2043 970/970 2048/2048 
f 2044/2044 2045/2045 102/102 
f 2376/2376 2045/2045 2044/2044 
f 970/970 2043/2043 2046/2046 
f 102/102 2045/2045 2043/2043 
f 2043/2043 2047/2047 2046/2046 
f 2043/2043 2045/2045 2047/2047 
f 2046/2046 974/974 970/970 
f 2046/2046 316/316 974/974 
f 2047/2047 316/316 2046/2046 
f 2047/2047 971/971 316/316 
f 316/316 972/972 974/974 
f 315/315 2053/2053 2107/2107 
f 315/315 973/973 2053/2053 
f 315/315 968/968 973/973 
f 967/967 2051/2051 968/968 
f 967/967 313/313 2051/2051 
f 313/313 2049/2049 2051/2051 
f 2340/2340 2048/2048 313/313 
f 313/313 2048/2048 2049/2049 
f 2048/2048 970/970 2049/2049 
f 2053/2053 973/973 2050/2050 
f 968/968 2051/2051 973/973 
f 973/973 2051/2051 2050/2050 
f 2051/2051 2049/2049 2050/2050 
f 2049/2049 970/970 2050/2050 
f 2050/2050 2052/2052 2053/2053 
f 970/970 974/974 2050/2050 
f 2050/2050 974/974 2052/2052 
f 974/974 317/317 2052/2052 
f 974/974 972/972 317/317 
f 2053/2053 977/977 2107/2107 
f 2053/2053 2052/2052 975/975 
f 2052/2052 976/976 975/975 
f 317/317 976/976 2052/2052 
f 977/977 975/975 978/978 
f 977/977 2053/2053 975/975 
f 977/977 978/978 318/318 
f 975/975 976/976 978/978 
f 978/978 979/979 318/318 
f 980/980 982/982 2054/2054 
f 2054/2054 982/982 981/981 
f 390/390 982/982 980/980 
f 982/982 390/390 2057/2057 
f 982/982 2055/2055 981/981 
f 981/981 2055/2055 2069/2069 
f 982/982 2056/2056 2055/2055 
f 2056/2056 322/322 2055/2055 
f 2058/2058 1212/1212 2059/2059 
f 322/322 2056/2056 983/983 
f 2056/2056 982/982 319/319 
f 983/983 2056/2056 319/319 
f 2057/2057 2058/2058 982/982 
f 982/982 2058/2058 319/319 
f 983/983 319/319 624/624 
f 319/319 2058/2058 2059/2059 
f 319/319 2059/2059 624/624 
f 983/983 2060/2060 985/985 
f 983/983 320/320 2060/2060 
f 983/983 624/624 320/320 
f 624/624 1539/1539 320/320 
f 320/320 1539/1539 2060/2060 
f 1539/1539 621/621 2060/2060 
f 978/978 2062/2062 979/979 
f 979/979 2062/2062 2061/2061 
f 976/976 2062/2062 978/978 
f 976/976 2063/2063 2062/2062 
f 2062/2062 103/103 2061/2061 
f 2062/2062 2063/2063 103/103 
f 317/317 984/984 976/976 
f 976/976 984/984 2063/2063 
f 972/972 2066/2066 317/317 
f 317/317 2066/2066 984/984 
f 103/103 2063/2063 321/321 
f 2063/2063 984/984 321/321 
f 321/321 2064/2064 103/103 
f 984/984 2065/2065 321/321 
f 984/984 2070/2070 2065/2065 
f 2064/2064 321/321 2065/2065 
f 2064/2064 2065/2065 2075/2075 
f 2065/2065 21/21 2075/2075 
f 972/972 316/316 2066/2066 
f 316/316 971/971 2066/2066 
f 971/971 2067/2067 2066/2066 
f 2045/2045 2068/2068 2047/2047 
f 2376/2376 2054/2054 2045/2045 
f 2068/2068 2045/2045 2054/2054 
f 2054/2054 981/981 2068/2068 
f 971/971 2068/2068 2067/2067 
f 2047/2047 2068/2068 971/971 
f 2067/2067 2068/2068 2069/2069 
f 2068/2068 981/981 2069/2069 
f 2067/2067 2069/2069 2071/2071 
f 2069/2069 322/322 2071/2071 
f 2069/2069 2055/2055 322/322 
f 2065/2065 2072/2072 21/21 
f 2070/2070 2072/2072 2065/2065 
f 984/984 2066/2066 2070/2070 
f 2066/2066 2071/2071 2070/2070 
f 2066/2066 2067/2067 2071/2071 
f 2072/2072 2070/2070 2071/2071 
f 2071/2071 985/985 2072/2072 
f 2071/2071 322/322 985/985 
f 2072/2072 2073/2073 21/21 
f 2072/2072 985/985 2073/2073 
f 322/322 983/983 985/985 
f 2073/2073 985/985 2074/2074 
f 985/985 2060/2060 2074/2074 
f 2080/2080 2074/2074 621/621 
f 2074/2074 2060/2060 621/621 
f 2061/2061 2124/2124 979/979 
f 2124/2124 2061/2061 323/323 
f 2061/2061 987/987 323/323 
f 2064/2064 986/986 103/103 
f 986/986 2075/2075 324/324 
f 2064/2064 2075/2075 986/986 
f 2075/2075 990/990 324/324 
f 324/324 990/990 2076/2076 
f 103/103 986/986 2061/2061 
f 987/987 986/986 2076/2076 
f 2061/2061 986/986 987/987 
f 986/986 324/324 2076/2076 
f 2076/2076 989/989 2077/2077 
f 987/987 2076/2076 2077/2077 
f 2073/2073 2075/2075 21/21 
f 2073/2073 2079/2079 2075/2075 
f 2074/2074 2078/2078 2073/2073 
f 2073/2073 2078/2078 2079/2079 
f 2078/2078 988/988 2079/2079 
f 2079/2079 988/988 990/990 
f 2074/2074 2080/2080 2078/2078 
f 621/621 1526/1526 2080/2080 
f 988/988 325/325 2082/2082 
f 988/988 2078/2078 325/325 
f 325/325 2078/2078 2080/2080 
f 325/325 1527/1527 2082/2082 
f 1527/1527 104/104 2082/2082 
f 2075/2075 2079/2079 990/990 
f 990/990 2082/2082 2081/2081 
f 990/990 988/988 2082/2082 
f 2076/2076 2081/2081 989/989 
f 2076/2076 990/990 2081/2081 
f 989/989 2081/2081 104/104 
f 104/104 2081/2081 2082/2082 
f 989/989 1030/1030 2077/2077 
f 989/989 2083/2083 1030/1030 
f 104/104 2083/2083 989/989 
f 2083/2083 326/326 1030/1030 
f 2083/2083 2084/2084 326/326 
f 326/326 2084/2084 1034/1034 
f 104/104 1523/1523 2083/2083 
f 2083/2083 195/195 2084/2084 
f 964/964 2085/2085 1947/1947 
f 964/964 2090/2090 2085/2085 
f 2085/2085 2090/2090 991/991 
f 1947/1947 2085/2085 2130/2130 
f 2130/2130 2085/2085 991/991 
f 991/991 2093/2093 2130/2130 
f 992/992 2087/2087 2090/2090 
f 961/961 327/327 992/992 
f 327/327 2087/2087 992/992 
f 2035/2035 993/993 327/327 
f 2086/2086 105/105 2035/2035 
f 993/993 2035/2035 105/105 
f 2087/2087 993/993 994/994 
f 993/993 2087/2087 327/327 
f 993/993 105/105 2088/2088 
f 993/993 2088/2088 994/994 
f 2088/2088 995/995 994/994 
f 995/995 2089/2089 994/994 
f 2093/2093 2091/2091 996/996 
f 2090/2090 2091/2091 991/991 
f 2090/2090 2087/2087 2091/2091 
f 991/991 2091/2091 2093/2093 
f 996/996 2091/2091 2092/2092 
f 996/996 2092/2092 997/997 
f 2087/2087 994/994 2091/2091 
f 2092/2092 2091/2091 994/994 
f 994/994 2089/2089 2092/2092 
f 996/996 2094/2094 2093/2093 
f 2093/2093 2094/2094 328/328 
f 997/997 2094/2094 996/996 
f 2094/2094 2095/2095 328/328 
f 2094/2094 997/997 2095/2095 
f 2092/2092 2089/2089 2109/2109 
f 2092/2092 2109/2109 997/997 
f 2109/2109 2096/2096 997/997 
f 998/998 2095/2095 997/997 
f 997/997 2096/2096 998/998 
f 2098/2098 2097/2097 955/955 
f 2098/2098 2086/2086 2097/2097 
f 999/999 2099/2099 1001/1001 
f 999/999 1000/1000 2099/2099 
f 1000/1000 1003/1003 2099/2099 
f 2098/2098 2100/2100 2111/2111 
f 955/955 2100/2100 2098/2098 
f 955/955 1001/1001 2100/2100 
f 1001/1001 2099/2099 2100/2100 
f 2100/2100 2099/2099 1003/1003 
f 2100/2100 1002/1002 2111/2111 
f 2100/2100 1003/1003 1002/1002 
f 1002/1002 2101/2101 22/22 
f 310/310 1004/1004 2023/2023 
f 100/100 310/310 2022/2022 
f 310/310 1005/1005 1004/1004 
f 310/310 106/106 1005/1005 
f 2020/2020 2038/2038 312/312 
f 2038/2038 2040/2040 312/312 
f 100/100 312/312 1006/1006 
f 100/100 2020/2020 312/312 
f 965/965 2042/2042 312/312 
f 106/106 310/310 1006/1006 
f 310/310 100/100 1006/1006 
f 312/312 2042/2042 1006/1006 
f 1006/1006 2102/2102 106/106 
f 2102/2102 1007/1007 106/106 
f 1006/1006 2042/2042 2102/2102 
f 2102/2102 315/315 1007/1007 
f 1003/1003 2105/2105 1002/1002 
f 2101/2101 1002/1002 2105/2105 
f 2101/2101 2105/2105 2103/2103 
f 2023/2023 1004/1004 999/999 
f 999/999 1004/1004 1000/1000 
f 1000/1000 1004/1004 1005/1005 
f 1000/1000 1005/1005 2106/2106 
f 2105/2105 2106/2106 2103/2103 
f 2103/2103 2106/2106 2104/2104 
f 1003/1003 2106/2106 2105/2105 
f 1003/1003 1000/1000 2106/2106 
f 2106/2106 106/106 2104/2104 
f 2106/2106 1005/1005 106/106 
f 2104/2104 2108/2108 2103/2103 
f 2104/2104 106/106 1007/1007 
f 2104/2104 1007/1007 2107/2107 
f 1007/1007 315/315 2107/2107 
f 2101/2101 2115/2115 22/22 
f 2101/2101 329/329 2115/2115 
f 329/329 1008/1008 2115/2115 
f 2103/2103 329/329 2101/2101 
f 2103/2103 2108/2108 329/329 
f 329/329 1010/1010 1008/1008 
f 2104/2104 1009/1009 2108/2108 
f 2104/2104 2107/2107 1009/1009 
f 2107/2107 977/977 1009/1009 
f 329/329 2108/2108 1010/1010 
f 2108/2108 1009/1009 1010/1010 
f 1009/1009 318/318 1010/1010 
f 977/977 318/318 1009/1009 
f 1010/1010 318/318 1023/1023 
f 318/318 979/979 1023/1023 
f 998/998 330/330 2134/2134 
f 2134/2134 330/330 2116/2116 
f 2096/2096 330/330 998/998 
f 330/330 1013/1013 2116/2116 
f 2109/2109 2110/2110 2096/2096 
f 2089/2089 2110/2110 2109/2109 
f 2096/2096 2110/2110 330/330 
f 1013/1013 330/330 2110/2110 
f 1013/1013 2110/2110 1011/1011 
f 2110/2110 1014/1014 1011/1011 
f 1012/1012 2118/2118 1013/1013 
f 1011/1011 1014/1014 1012/1012 
f 1013/1013 1011/1011 1012/1012 
f 2088/2088 105/105 1015/1015 
f 2088/2088 1015/1015 995/995 
f 1015/1015 1016/1016 995/995 
f 2035/2035 2097/2097 2086/2086 
f 1015/1015 1017/1017 1016/1016 
f 1015/1015 105/105 1017/1017 
f 105/105 2086/2086 1017/1017 
f 2086/2086 2098/2098 1017/1017 
f 1017/1017 2098/2098 2111/2111 
f 1017/1017 331/331 1016/1016 
f 1017/1017 1018/1018 331/331 
f 1017/1017 2111/2111 1018/1018 
f 2111/2111 1002/1002 1018/1018 
f 1018/1018 1019/1019 331/331 
f 1018/1018 22/22 1019/1019 
f 1002/1002 22/22 1018/1018 
f 1012/1012 1020/1020 23/23 
f 1012/1012 2112/2112 1020/1020 
f 1012/1012 1014/1014 2112/2112 
f 2112/2112 1014/1014 332/332 
f 1014/1014 2110/2110 2114/2114 
f 2089/2089 995/995 2110/2110 
f 2110/2110 995/995 2114/2114 
f 2114/2114 995/995 1016/1016 
f 1014/1014 2113/2113 332/332 
f 332/332 2113/2113 1019/1019 
f 1014/1014 2114/2114 2113/2113 
f 2114/2114 1016/1016 2113/2113 
f 1016/1016 331/331 2113/2113 
f 2113/2113 331/331 1019/1019 
f 1019/1019 22/22 2115/2115 
f 2112/2112 332/332 1020/1020 
f 1020/1020 332/332 1021/1021 
f 332/332 107/107 1021/1021 
f 332/332 1019/1019 1022/1022 
f 1022/1022 1008/1008 333/333 
f 1019/1019 1008/1008 1022/1022 
f 1019/1019 2115/2115 1008/1008 
f 1008/1008 1010/1010 333/333 
f 332/332 1022/1022 107/107 
f 107/107 1022/1022 333/333 
f 333/333 1023/1023 107/107 
f 107/107 1023/1023 1027/1027 
f 333/333 1010/1010 1023/1023 
f 1013/1013 2117/2117 2116/2116 
f 2117/2117 2122/2122 2116/2116 
f 2116/2116 2122/2122 1024/1024 
f 1012/1012 1025/1025 2118/2118 
f 1012/1012 23/23 1025/1025 
f 2119/2119 2120/2120 1025/1025 
f 2122/2122 2117/2117 2120/2120 
f 1013/1013 2118/2118 2117/2117 
f 2117/2117 2121/2121 2120/2120 
f 2117/2117 2118/2118 2121/2121 
f 2118/2118 1025/1025 2121/2121 
f 2121/2121 1025/1025 2120/2120 
f 2122/2122 2123/2123 24/24 
f 2122/2122 2120/2120 2123/2123 
f 1020/1020 1021/1021 23/23 
f 107/107 334/334 1021/1021 
f 1021/1021 334/334 23/23 
f 23/23 334/334 1026/1026 
f 23/23 1026/1026 2127/2127 
f 107/107 1027/1027 323/323 
f 1023/1023 2124/2124 1027/1027 
f 1023/1023 979/979 2124/2124 
f 1027/1027 2124/2124 323/323 
f 334/334 1028/1028 1026/1026 
f 1026/1026 1028/1028 2125/2125 
f 334/334 323/323 1028/1028 
f 334/334 107/107 323/323 
f 1028/1028 987/987 2125/2125 
f 1028/1028 323/323 987/987 
f 1026/1026 2125/2125 2128/2128 
f 2128/2128 2125/2125 2129/2129 
f 2125/2125 987/987 2129/2129 
f 987/987 2077/2077 2129/2129 
f 24/24 2123/2123 335/335 
f 2120/2120 1029/1029 2123/2123 
f 1029/1029 2126/2126 2123/2123 
f 335/335 2123/2123 2126/2126 
f 1025/1025 23/23 2127/2127 
f 1025/1025 2127/2127 2119/2119 
f 2127/2127 1026/1026 2128/2128 
f 2126/2126 1029/1029 337/337 
f 1029/1029 336/336 337/337 
f 2120/2120 2119/2119 1029/1029 
f 2119/2119 2127/2127 1029/1029 
f 1029/1029 2127/2127 336/336 
f 2127/2127 2128/2128 336/336 
f 337/337 336/336 2129/2129 
f 336/336 2128/2128 2129/2129 
f 2129/2129 1030/1030 337/337 
f 2129/2129 2077/2077 1030/1030 
f 24/24 335/335 1045/1045 
f 2126/2126 1031/1031 335/335 
f 1031/1031 338/338 335/335 
f 1045/1045 335/335 1032/1032 
f 335/335 338/338 1032/1032 
f 337/337 1031/1031 2126/2126 
f 337/337 1033/1033 1031/1031 
f 1030/1030 1033/1033 337/337 
f 1030/1030 326/326 1033/1033 
f 1033/1033 326/326 1034/1034 
f 1032/1032 338/338 339/339 
f 338/338 1034/1034 339/339 
f 1031/1031 1033/1033 338/338 
f 338/338 1033/1033 1034/1034 
f 1034/1034 2084/2084 1035/1035 
f 1034/1034 1035/1035 339/339 
f 1035/1035 559/559 339/339 
f 2130/2130 1036/1036 1947/1947 
f 2093/2093 2131/2131 2130/2130 
f 2093/2093 2132/2132 2131/2131 
f 2093/2093 1038/1038 2132/2132 
f 1036/1036 2130/2130 2131/2131 
f 1036/1036 2131/2131 2132/2132 
f 1036/1036 2132/2132 891/891 
f 2132/2132 2133/2133 891/891 
f 1037/1037 2133/2133 2132/2132 
f 328/328 1038/1038 2093/2093 
f 328/328 2141/2141 1038/1038 
f 2095/2095 2136/2136 328/328 
f 328/328 2136/2136 2141/2141 
f 998/998 2135/2135 2136/2136 
f 998/998 2134/2134 2135/2135 
f 2136/2136 1039/1039 2141/2141 
f 2095/2095 998/998 2136/2136 
f 2136/2136 2135/2135 1039/1039 
f 1039/1039 2135/2135 2137/2137 
f 1039/1039 2138/2138 2141/2141 
f 1039/1039 2137/2137 340/340 
f 1039/1039 340/340 2138/2138 
f 2138/2138 340/340 2142/2142 
f 2132/2132 1040/1040 1037/1037 
f 1037/1037 1040/1040 2139/2139 
f 1040/1040 2140/2140 2139/2139 
f 2132/2132 1038/1038 2141/2141 
f 2132/2132 2141/2141 1040/1040 
f 1040/1040 2141/2141 2140/2140 
f 2141/2141 2138/2138 2140/2140 
f 2139/2139 284/284 1037/1037 
f 2139/2139 341/341 284/284 
f 2138/2138 2143/2143 2140/2140 
f 2138/2138 2142/2142 2143/2143 
f 2142/2142 2151/2151 2143/2143 
f 2151/2151 1041/1041 2143/2143 
f 2139/2139 2143/2143 341/341 
f 2140/2140 2143/2143 2139/2139 
f 341/341 2143/2143 1041/1041 
f 341/341 1041/1041 1963/1963 
f 2116/2116 343/343 2134/2134 
f 2116/2116 1024/1024 343/343 
f 1024/1024 2122/2122 342/342 
f 343/343 1024/1024 1042/1042 
f 1024/1024 342/342 1042/1042 
f 24/24 344/344 2122/2122 
f 24/24 2144/2144 344/344 
f 2144/2144 2147/2147 344/344 
f 1042/1042 1044/1044 2154/2154 
f 342/342 1043/1043 1042/1042 
f 1042/1042 1043/1043 1044/1044 
f 2122/2122 344/344 342/342 
f 1043/1043 344/344 1044/1044 
f 342/342 344/344 1043/1043 
f 344/344 2147/2147 1044/1044 
f 1044/1044 2147/2147 1051/1051 
f 1044/1044 1051/1051 2145/2145 
f 1045/1045 1032/1032 1046/1046 
f 339/339 559/559 1047/1047 
f 1032/1032 339/339 1046/1046 
f 339/339 1047/1047 1046/1046 
f 1048/1048 1046/1046 1047/1047 
f 1047/1047 2146/2146 1048/1048 
f 1046/1046 1048/1048 108/108 
f 2146/2146 556/556 1048/1048 
f 1048/1048 556/556 108/108 
f 1051/1051 2147/2147 1049/1049 
f 2144/2144 1050/1050 2147/2147 
f 24/24 1045/1045 2144/2144 
f 2144/2144 1045/1045 1050/1050 
f 1045/1045 1046/1046 1050/1050 
f 1050/1050 1046/1046 108/108 
f 1052/1052 1049/1049 108/108 
f 1049/1049 2147/2147 1050/1050 
f 1049/1049 1050/1050 108/108 
f 108/108 2148/2148 1052/1052 
f 108/108 556/556 2148/2148 
f 1049/1049 1052/1052 1051/1051 
f 1052/1052 2150/2150 2149/2149 
f 2148/2148 551/551 1052/1052 
f 1052/1052 551/551 2150/2150 
f 1041/1041 2151/2151 1053/1053 
f 2151/2151 2152/2152 1053/1053 
f 2152/2152 345/345 1053/1053 
f 340/340 1055/1055 2156/2156 
f 1054/1054 2153/2153 2156/2156 
f 2135/2135 2155/2155 2137/2137 
f 2134/2134 343/343 2135/2135 
f 2135/2135 343/343 2155/2155 
f 2155/2155 343/343 2154/2154 
f 343/343 1042/1042 2154/2154 
f 2156/2156 1055/1055 1054/1054 
f 2137/2137 2155/2155 340/340 
f 340/340 2155/2155 1055/1055 
f 1055/1055 2155/2155 1054/1054 
f 1054/1054 2155/2155 2154/2154 
f 1054/1054 2145/2145 2153/2153 
f 2154/2154 2145/2145 1054/1054 
f 2154/2154 1044/1044 2145/2145 
f 2145/2145 1051/1051 2153/2153 
f 2151/2151 2156/2156 2152/2152 
f 2142/2142 2156/2156 2151/2151 
f 2142/2142 340/340 2156/2156 
f 2152/2152 2156/2156 2153/2153 
f 345/345 2153/2153 2149/2149 
f 345/345 2152/2152 2153/2153 
f 2149/2149 2153/2153 1051/1051 
f 1051/1051 1052/1052 2149/2149 
f 345/345 2149/2149 2150/2150 
f 345/345 346/346 1053/1053 
f 345/345 1056/1056 346/346 
f 2150/2150 547/547 345/345 
f 348/348 346/346 1056/1056 
f 1056/1056 345/345 547/547 
f 1056/1056 347/347 348/348 
f 1056/1056 547/547 347/347 
f 348/348 39/39 898/898 
f 2157/2157 308/308 87/87 
f 2157/2157 2158/2158 308/308 
f 2158/2158 1057/1057 2159/2159 
f 308/308 2158/2158 1058/1058 
f 2158/2158 2159/2159 1058/1058 
f 1058/1058 2159/2159 2160/2160 
f 1058/1058 2161/2161 308/308 
f 1058/1058 2160/2160 2161/2161 
f 2161/2161 2160/2160 2173/2173 
f 2161/2161 2173/2173 947/947 
f 395/395 2162/2162 1059/1059 
f 395/395 2425/2425 2162/2162 
f 1060/1060 2169/2169 2425/2425 
f 2425/2425 2169/2169 109/109 
f 2425/2425 109/109 2162/2162 
f 109/109 1069/1069 2162/2162 
f 2431/2431 1061/1061 1060/1060 
f 2431/2431 2165/2165 1061/1061 
f 2163/2163 1062/1062 2164/2164 
f 2165/2165 2164/2164 349/349 
f 2163/2163 2164/2164 2165/2165 
f 349/349 2164/2164 2166/2166 
f 1061/1061 350/350 1064/1064 
f 1061/1061 2165/2165 350/350 
f 2165/2165 349/349 350/350 
f 350/350 349/349 2166/2166 
f 350/350 1065/1065 1064/1064 
f 2166/2166 2167/2167 350/350 
f 2166/2166 2283/2283 2167/2167 
f 350/350 2167/2167 1065/1065 
f 2167/2167 2168/2168 1065/1065 
f 2167/2167 2283/2283 2168/2168 
f 109/109 351/351 1069/1069 
f 109/109 2169/2169 351/351 
f 1060/1060 1061/1061 2169/2169 
f 1061/1061 1064/1064 2169/2169 
f 351/351 2169/2169 1063/1063 
f 1063/1063 2169/2169 1064/1064 
f 1064/1064 1065/1065 1063/1063 
f 1065/1065 2170/2170 1063/1063 
f 1065/1065 2168/2168 2170/2170 
f 351/351 2179/2179 1069/1069 
f 1063/1063 2171/2171 351/351 
f 351/351 2171/2171 2179/2179 
f 2171/2171 2182/2182 2179/2179 
f 2170/2170 1131/1131 1066/1066 
f 2171/2171 1066/1066 2182/2182 
f 1063/1063 2170/2170 2171/2171 
f 1066/1066 2171/2171 2170/2170 
f 1066/1066 2183/2183 2182/2182 
f 1066/1066 2172/2172 2183/2183 
f 1066/1066 1131/1131 2172/2172 
f 2173/2173 2176/2176 947/947 
f 2173/2173 2160/2160 2174/2174 
f 2160/2160 352/352 2174/2174 
f 2173/2173 2174/2174 2176/2176 
f 2174/2174 2177/2177 2175/2175 
f 2176/2176 2174/2174 2175/2175 
f 2175/2175 2187/2187 2176/2176 
f 2175/2175 354/354 2187/2187 
f 2159/2159 352/352 2160/2160 
f 2159/2159 1068/1068 352/352 
f 1057/1057 1068/1068 2159/2159 
f 1057/1057 1059/1059 1067/1067 
f 1059/1059 2162/2162 1067/1067 
f 1057/1057 1067/1067 1068/1068 
f 1067/1067 2162/2162 1068/1068 
f 1068/1068 1069/1069 353/353 
f 1068/1068 2162/2162 1069/1069 
f 2175/2175 1070/1070 354/354 
f 2177/2177 1070/1070 2175/2175 
f 2177/2177 353/353 1070/1070 
f 352/352 2177/2177 2174/2174 
f 352/352 1068/1068 2177/2177 
f 353/353 2177/2177 1068/1068 
f 1070/1070 2180/2180 354/354 
f 354/354 2180/2180 2178/2178 
f 353/353 2180/2180 1070/1070 
f 353/353 1069/1069 2179/2179 
f 353/353 2179/2179 2180/2180 
f 2178/2178 2180/2180 2181/2181 
f 2181/2181 2180/2180 2182/2182 
f 2180/2180 2179/2179 2182/2182 
f 2178/2178 2189/2189 1074/1074 
f 2181/2181 2189/2189 2178/2178 
f 2182/2182 2189/2189 2181/2181 
f 2182/2182 2183/2183 2189/2189 
f 947/947 2176/2176 4/4 
f 2176/2176 1071/1071 4/4 
f 4/4 1071/1071 98/98 
f 2187/2187 2184/2184 2176/2176 
f 1071/1071 2185/2185 98/98 
f 1071/1071 2184/2184 2185/2185 
f 2176/2176 2184/2184 1071/1071 
f 2184/2184 1072/1072 2185/2185 
f 2178/2178 2186/2186 354/354 
f 2178/2178 1074/1074 2186/2186 
f 354/354 2186/2186 2187/2187 
f 2186/2186 1074/1074 2188/2188 
f 2186/2186 2188/2188 2187/2187 
f 2189/2189 355/355 1074/1074 
f 2189/2189 1073/1073 355/355 
f 2189/2189 2183/2183 1073/1073 
f 1074/1074 1075/1075 2188/2188 
f 1074/1074 355/355 1075/1075 
f 1075/1075 356/356 2188/2188 
f 355/355 2190/2190 1075/1075 
f 1075/1075 2190/2190 356/356 
f 2190/2190 2191/2191 356/356 
f 2185/2185 1078/1078 1077/1077 
f 2185/2185 1072/1072 1078/1078 
f 2184/2184 2192/2192 1072/1072 
f 1072/1072 2192/2192 1078/1078 
f 2192/2192 1076/1076 1078/1078 
f 2184/2184 2187/2187 2193/2193 
f 2187/2187 2188/2188 2193/2193 
f 2192/2192 2184/2184 2193/2193 
f 2192/2192 2193/2193 2195/2195 
f 2193/2193 2188/2188 2195/2195 
f 2192/2192 2195/2195 1076/1076 
f 2195/2195 2194/2194 1076/1076 
f 1076/1076 2194/2194 2196/2196 
f 2188/2188 356/356 2195/2195 
f 2195/2195 356/356 2194/2194 
f 356/356 2191/2191 2194/2194 
f 1077/1077 1079/1079 950/950 
f 1077/1077 1078/1078 1079/1079 
f 950/950 1079/1079 99/99 
f 2191/2191 1080/1080 2194/2194 
f 2194/2194 1080/1080 2196/2196 
f 1078/1078 2196/2196 1079/1079 
f 1076/1076 2196/2196 1078/1078 
f 1079/1079 2196/2196 2197/2197 
f 2196/2196 1080/1080 2197/2197 
f 1080/1080 357/357 2197/2197 
f 2197/2197 99/99 1079/1079 
f 99/99 2197/2197 2038/2038 
f 2197/2197 357/357 2038/2038 
f 2198/2198 1082/1082 1081/1081 
f 2198/2198 2199/2199 1082/1082 
f 1082/1082 2200/2200 1083/1083 
f 1081/1081 1083/1083 2285/2285 
f 1081/1081 1082/1082 1083/1083 
f 1083/1083 2286/2286 2285/2285 
f 1085/1085 1084/1084 1083/1083 
f 1083/1083 1084/1084 2286/2286 
f 1084/1084 110/110 2286/2286 
f 2199/2199 2201/2201 2206/2206 
f 2201/2201 358/358 2206/2206 
f 2498/2498 2202/2202 2201/2201 
f 2201/2201 2203/2203 358/358 
f 2199/2199 2498/2498 2201/2201 
f 2201/2201 2202/2202 2203/2203 
f 2202/2202 1096/1096 2203/2203 
f 2203/2203 1096/1096 2204/2204 
f 1084/1084 2205/2205 110/110 
f 1084/1084 1085/1085 2205/2205 
f 2199/2199 2206/2206 1082/1082 
f 2200/2200 1082/1082 2206/2206 
f 2206/2206 358/358 2200/2200 
f 1085/1085 2207/2207 2205/2205 
f 2205/2205 2207/2207 2208/2208 
f 1083/1083 2200/2200 1085/1085 
f 1085/1085 2200/2200 2207/2207 
f 2200/2200 358/358 2207/2207 
f 2207/2207 1086/1086 2208/2208 
f 358/358 2203/2203 2207/2207 
f 2203/2203 2204/2204 2207/2207 
f 2207/2207 2204/2204 1086/1086 
f 2208/2208 2209/2209 2205/2205 
f 2205/2205 2209/2209 110/110 
f 110/110 2209/2209 1088/1088 
f 2209/2209 1087/1087 1088/1088 
f 1087/1087 2211/2211 1088/1088 
f 2208/2208 1086/1086 1089/1089 
f 2204/2204 2210/2210 1086/1086 
f 1086/1086 2210/2210 1089/1089 
f 2210/2210 359/359 1089/1089 
f 1087/1087 2212/2212 2211/2211 
f 2209/2209 1089/1089 1087/1087 
f 2208/2208 1089/1089 2209/2209 
f 1087/1087 1089/1089 2212/2212 
f 1089/1089 359/359 2212/2212 
f 359/359 1090/1090 2212/2212 
f 2212/2212 1090/1090 2211/2211 
f 2211/2211 1090/1090 2213/2213 
f 1090/1090 2216/2216 2213/2213 
f 2216/2216 1101/1101 2213/2213 
f 2222/2222 1091/1091 2202/2202 
f 2222/2222 1093/1093 2214/2214 
f 2222/2222 2214/2214 1091/1091 
f 2214/2214 360/360 1091/1091 
f 1091/1091 360/360 1092/1092 
f 1092/1092 360/360 111/111 
f 1093/1093 2215/2215 2214/2214 
f 2214/2214 2215/2215 360/360 
f 2215/2215 2236/2236 360/360 
f 2236/2236 1099/1099 360/360 
f 359/359 2217/2217 1090/1090 
f 2216/2216 2218/2218 2226/2226 
f 1090/1090 2217/2217 2216/2216 
f 2216/2216 2217/2217 2218/2218 
f 2210/2210 2219/2219 359/359 
f 2210/2210 1094/1094 2219/2219 
f 2210/2210 2204/2204 1094/1094 
f 1094/1094 1098/1098 2219/2219 
f 2218/2218 2220/2220 361/361 
f 2217/2217 2220/2220 2218/2218 
f 359/359 2219/2219 2217/2217 
f 2217/2217 2219/2219 2220/2220 
f 2220/2220 2221/2221 361/361 
f 2219/2219 2221/2221 2220/2220 
f 2219/2219 1098/1098 2221/2221 
f 1098/1098 1095/1095 2221/2221 
f 1095/1095 2225/2225 2221/2221 
f 2204/2204 1096/1096 1097/1097 
f 1096/1096 2223/2223 1097/1097 
f 2498/2498 2222/2222 2202/2202 
f 1096/1096 2202/2202 2223/2223 
f 2223/2223 1091/1091 1092/1092 
f 2223/2223 2202/2202 1091/1091 
f 2223/2223 111/111 1097/1097 
f 2223/2223 1092/1092 111/111 
f 1095/1095 1098/1098 2224/2224 
f 1094/1094 1097/1097 1098/1098 
f 2204/2204 1097/1097 1094/1094 
f 1098/1098 111/111 2224/2224 
f 111/111 1098/1098 1097/1097 
f 1095/1095 2224/2224 2225/2225 
f 2224/2224 1099/1099 2225/2225 
f 111/111 1099/1099 2224/2224 
f 360/360 1099/1099 111/111 
f 1099/1099 1104/1104 2225/2225 
f 2216/2216 2226/2226 1101/1101 
f 361/361 1100/1100 2218/2218 
f 2218/2218 1100/1100 2226/2226 
f 2226/2226 2227/2227 1101/1101 
f 1100/1100 2227/2227 2226/2226 
f 2221/2221 2228/2228 361/361 
f 2225/2225 1105/1105 2221/2221 
f 2221/2221 1105/1105 2228/2228 
f 1105/1105 2229/2229 2228/2228 
f 361/361 2228/2228 1100/1100 
f 2227/2227 2228/2228 1102/1102 
f 2227/2227 1100/1100 2228/2228 
f 2227/2227 1102/1102 1103/1103 
f 2228/2228 2229/2229 1102/1102 
f 1102/1102 2303/2303 1103/1103 
f 2225/2225 1104/1104 2231/2231 
f 2231/2231 1113/1113 2230/2230 
f 1102/1102 2229/2229 2232/2232 
f 2229/2229 2230/2230 2232/2232 
f 2225/2225 2231/2231 1105/1105 
f 2230/2230 2229/2229 2231/2231 
f 2229/2229 1105/1105 2231/2231 
f 1102/1102 2232/2232 2303/2303 
f 2230/2230 1112/1112 2232/2232 
f 416/416 2234/2234 362/362 
f 2502/2502 120/120 2233/2233 
f 2502/2502 2233/2233 2234/2234 
f 2234/2234 2233/2233 1106/1106 
f 2233/2233 254/254 1106/1106 
f 1107/1107 1106/1106 1108/1108 
f 1107/1107 2234/2234 1106/1106 
f 1108/1108 1109/1109 775/775 
f 1108/1108 1106/1106 1109/1109 
f 1108/1108 775/775 1110/1110 
f 1108/1108 1110/1110 2241/2241 
f 2241/2241 1110/1110 1111/1111 
f 1112/1112 365/365 2320/2320 
f 2230/2230 2242/2242 1112/1112 
f 1112/1112 2242/2242 365/365 
f 1104/1104 1113/1113 2231/2231 
f 1113/1113 1104/1104 2235/2235 
f 2230/2230 1113/1113 2242/2242 
f 2242/2242 1113/1113 2235/2235 
f 1099/1099 363/363 1104/1104 
f 1099/1099 2236/2236 363/363 
f 363/363 2236/2236 1108/1108 
f 2215/2215 362/362 2236/2236 
f 2215/2215 416/416 362/362 
f 2236/2236 1107/1107 1108/1108 
f 2236/2236 362/362 1107/1107 
f 362/362 2234/2234 1107/1107 
f 1104/1104 363/363 2235/2235 
f 2235/2235 363/363 2238/2238 
f 2242/2242 2235/2235 2237/2237 
f 2242/2242 2237/2237 112/112 
f 2235/2235 2238/2238 2237/2237 
f 364/364 2238/2238 363/363 
f 364/364 2237/2237 2238/2238 
f 363/363 2241/2241 364/364 
f 363/363 1108/1108 2241/2241 
f 2237/2237 2244/2244 112/112 
f 364/364 2239/2239 2237/2237 
f 2237/2237 2240/2240 2244/2244 
f 2237/2237 2239/2239 2240/2240 
f 2240/2240 2239/2239 1114/1114 
f 2239/2239 1111/1111 1114/1114 
f 364/364 2241/2241 2239/2239 
f 2239/2239 2241/2241 1111/1111 
f 1111/1111 2/2 1114/1114 
f 365/365 1115/1115 2243/2243 
f 2243/2243 1115/1115 1116/1116 
f 112/112 2249/2249 2242/2242 
f 2249/2249 2251/2251 365/365 
f 2242/2242 2249/2249 365/365 
f 365/365 2248/2248 1115/1115 
f 2251/2251 2248/2248 365/365 
f 2240/2240 2247/2247 2244/2244 
f 2247/2247 2245/2245 2244/2244 
f 1114/1114 1802/1802 2240/2240 
f 1114/1114 770/770 1802/1802 
f 2245/2245 2247/2247 2246/2246 
f 2240/2240 1802/1802 2247/2247 
f 2247/2247 1801/1801 2246/2246 
f 2247/2247 1802/1802 1801/1801 
f 2246/2246 1801/1801 1117/1117 
f 2249/2249 2250/2250 2251/2251 
f 112/112 2244/2244 2249/2249 
f 2249/2249 2244/2244 2250/2250 
f 2244/2244 2245/2245 2250/2250 
f 2245/2245 2246/2246 2250/2250 
f 2248/2248 2251/2251 1118/1118 
f 2251/2251 2246/2246 1118/1118 
f 2251/2251 2250/2250 2246/2246 
f 2246/2246 1117/1117 1118/1118 
f 1117/1117 66/66 1118/1118 
f 1118/1118 2252/2252 2248/2248 
f 1118/1118 66/66 2252/2252 
f 66/66 1792/1792 2252/2252 
f 2248/2248 2252/2252 2253/2253 
f 2253/2253 2252/2252 1792/1792 
f 1792/1792 766/766 2253/2253 
f 2253/2253 766/766 1119/1119 
f 1115/1115 2248/2248 1116/1116 
f 1116/1116 1121/1121 1120/1120 
f 1116/1116 2248/2248 1121/1121 
f 2248/2248 2253/2253 1121/1121 
f 1120/1120 1121/1121 1119/1119 
f 1121/1121 2253/2253 1119/1119 
f 1116/1116 1120/1120 1122/1122 
f 1120/1120 2254/2254 1122/1122 
f 1120/1120 1119/1119 2255/2255 
f 766/766 1787/1787 1119/1119 
f 1119/1119 1787/1787 2255/2255 
f 1787/1787 765/765 2255/2255 
f 2255/2255 765/765 2256/2256 
f 1120/1120 2255/2255 2254/2254 
f 2254/2254 1123/1123 2257/2257 
f 2254/2254 2255/2255 1123/1123 
f 2255/2255 2256/2256 1123/1123 
f 1123/1123 2256/2256 2257/2257 
f 2256/2256 249/249 2257/2257 
f 249/249 764/764 2257/2257 
f 2038/2038 357/357 2258/2258 
f 357/357 366/366 2258/2258 
f 2191/2191 2259/2259 1080/1080 
f 1080/1080 2259/2259 357/357 
f 366/366 357/357 2259/2259 
f 366/366 2259/2259 2260/2260 
f 2260/2260 1124/1124 366/366 
f 2260/2260 2261/2261 1124/1124 
f 1124/1124 2261/2261 25/25 
f 355/355 1125/1125 2190/2190 
f 2191/2191 2190/2190 1127/1127 
f 1127/1127 2190/2190 2263/2263 
f 355/355 1073/1073 1125/1125 
f 1073/1073 367/367 1125/1125 
f 367/367 2312/2312 2262/2262 
f 2190/2190 2262/2262 2263/2263 
f 2190/2190 1125/1125 2262/2262 
f 1125/1125 367/367 2262/2262 
f 2263/2263 2262/2262 1126/1126 
f 2262/2262 2312/2312 2264/2264 
f 2312/2312 2311/2311 2264/2264 
f 2262/2262 2264/2264 1126/1126 
f 25/25 2261/2261 368/368 
f 2259/2259 2266/2266 2260/2260 
f 2260/2260 2266/2266 2261/2261 
f 2261/2261 2265/2265 368/368 
f 368/368 2265/2265 1128/1128 
f 2259/2259 1127/1127 2266/2266 
f 2191/2191 1127/1127 2259/2259 
f 2261/2261 2266/2266 2265/2265 
f 2265/2265 2266/2266 2267/2267 
f 2267/2267 2266/2266 1127/1127 
f 2265/2265 2267/2267 1128/1128 
f 2268/2268 2270/2270 1128/1128 
f 1127/1127 2263/2263 2267/2267 
f 2263/2263 1126/1126 2267/2267 
f 1128/1128 2267/2267 2268/2268 
f 2267/2267 1126/1126 2268/2268 
f 1126/1126 2264/2264 2268/2268 
f 2268/2268 2264/2264 2271/2271 
f 368/368 2341/2341 25/25 
f 368/368 1128/1128 2273/2273 
f 368/368 2273/2273 2341/2341 
f 2273/2273 2269/2269 2341/2341 
f 2268/2268 2271/2271 2270/2270 
f 2271/2271 2305/2305 2270/2270 
f 2270/2270 2272/2272 1129/1129 
f 2270/2270 2305/2305 2272/2272 
f 2272/2272 2274/2274 1129/1129 
f 2269/2269 1129/1129 2276/2276 
f 1128/1128 2270/2270 2273/2273 
f 2273/2273 2270/2270 1129/1129 
f 2269/2269 2273/2273 1129/1129 
f 1129/1129 2274/2274 2276/2276 
f 2269/2269 2276/2276 2275/2275 
f 2275/2275 2276/2276 2277/2277 
f 2274/2274 1130/1130 2276/2276 
f 2276/2276 1130/1130 2277/2277 
f 1130/1130 5/5 2277/2277 
f 2183/2183 2172/2172 2278/2278 
f 2278/2278 2172/2172 2279/2279 
f 2172/2172 1133/1133 2279/2279 
f 2170/2170 1132/1132 1131/1131 
f 2168/2168 1132/1132 2170/2170 
f 1131/1131 1132/1132 2280/2280 
f 1132/1132 2296/2296 2280/2280 
f 2279/2279 1133/1133 1134/1134 
f 2172/2172 1131/1131 1133/1133 
f 1131/1131 2280/2280 1133/1133 
f 1133/1133 2280/2280 2281/2281 
f 2280/2280 2296/2296 2281/2281 
f 2296/2296 1138/1138 2281/2281 
f 1134/1134 2281/2281 2282/2282 
f 1133/1133 2281/2281 1134/1134 
f 2281/2281 1135/1135 2282/2282 
f 2282/2282 1135/1135 2313/2313 
f 2168/2168 2283/2283 1132/1132 
f 2283/2283 369/369 1132/1132 
f 2166/2166 1136/1136 2283/2283 
f 2283/2283 2288/2288 369/369 
f 2288/2288 2289/2289 369/369 
f 2289/2289 113/113 369/369 
f 2284/2284 1136/1136 2166/2166 
f 2164/2164 2284/2284 2166/2166 
f 2284/2284 2287/2287 1136/1136 
f 1062/1062 2285/2285 2164/2164 
f 1062/1062 1081/1081 2285/2285 
f 2164/2164 2285/2285 2284/2284 
f 2284/2284 2285/2285 2286/2286 
f 2284/2284 2286/2286 2287/2287 
f 2286/2286 2291/2291 2287/2287 
f 2286/2286 110/110 2291/2291 
f 2288/2288 1137/1137 2289/2289 
f 1137/1137 370/370 2289/2289 
f 2283/2283 1137/1137 2288/2288 
f 2283/2283 1136/1136 1137/1137 
f 1137/1137 2290/2290 370/370 
f 1137/1137 2287/2287 2290/2290 
f 1137/1137 1136/1136 2287/2287 
f 2290/2290 2291/2291 2292/2292 
f 2290/2290 2287/2287 2291/2291 
f 2289/2289 370/370 113/113 
f 370/370 371/371 113/113 
f 2290/2290 2292/2292 370/370 
f 2291/2291 110/110 2292/2292 
f 110/110 1088/1088 2292/2292 
f 1088/1088 2211/2211 2292/2292 
f 371/371 370/370 2293/2293 
f 370/370 2292/2292 2293/2293 
f 2292/2292 2211/2211 2293/2293 
f 2293/2293 2294/2294 371/371 
f 2293/2293 2211/2211 2294/2294 
f 2211/2211 2213/2213 2294/2294 
f 2213/2213 1101/1101 2294/2294 
f 2281/2281 1138/1138 1135/1135 
f 1135/1135 2297/2297 2295/2295 
f 1135/1135 1138/1138 2297/2297 
f 1139/1139 2297/2297 1138/1138 
f 369/369 1140/1140 2296/2296 
f 1132/1132 369/369 2296/2296 
f 369/369 113/113 1140/1140 
f 2297/2297 1139/1139 1141/1141 
f 1138/1138 2296/2296 1139/1139 
f 1139/1139 2296/2296 1140/1140 
f 1139/1139 1140/1140 1141/1141 
f 1140/1140 113/113 1141/1141 
f 2297/2297 2301/2301 2300/2300 
f 1141/1141 2298/2298 2297/2297 
f 2297/2297 2298/2298 2301/2301 
f 1141/1141 113/113 2298/2298 
f 2298/2298 2299/2299 2301/2301 
f 113/113 371/371 2298/2298 
f 371/371 2294/2294 2298/2298 
f 2299/2299 2298/2298 2294/2294 
f 2294/2294 1101/1101 2299/2299 
f 1135/1135 2295/2295 1155/1155 
f 2295/2295 2319/2319 1155/1155 
f 2297/2297 2300/2300 2295/2295 
f 2300/2300 1142/1142 2295/2295 
f 2295/2295 1142/1142 2319/2319 
f 1142/1142 1144/1144 2319/2319 
f 2301/2301 1143/1143 2300/2300 
f 1101/1101 2227/2227 2299/2299 
f 2299/2299 2227/2227 2301/2301 
f 2301/2301 1103/1103 1143/1143 
f 2227/2227 1103/1103 2301/2301 
f 1142/1142 2302/2302 1144/1144 
f 2302/2302 2303/2303 1144/1144 
f 2300/2300 1143/1143 1142/1142 
f 2302/2302 1143/1143 2303/2303 
f 1142/1142 1143/1143 2302/2302 
f 1143/1143 1103/1103 2303/2303 
f 1144/1144 2303/2303 1158/1158 
f 2303/2303 1145/1145 1158/1158 
f 2303/2303 2232/2232 1145/1145 
f 2232/2232 1112/1112 1145/1145 
f 5/5 1130/1130 1159/1159 
f 1130/1130 1146/1146 1159/1159 
f 1130/1130 2307/2307 1146/1146 
f 2305/2305 2274/2274 2272/2272 
f 2305/2305 2304/2304 2274/2274 
f 2305/2305 1147/1147 2304/2304 
f 2271/2271 1147/1147 2305/2305 
f 1147/1147 2306/2306 2304/2304 
f 1147/1147 1154/1154 2306/2306 
f 1154/1154 114/114 2306/2306 
f 2307/2307 2308/2308 2309/2309 
f 1130/1130 2274/2274 2307/2307 
f 2307/2307 2274/2274 2308/2308 
f 2308/2308 2306/2306 2309/2309 
f 2308/2308 2274/2274 2306/2306 
f 2274/2274 2304/2304 2306/2306 
f 2309/2309 2310/2310 2307/2307 
f 2306/2306 114/114 2309/2309 
f 114/114 372/372 2309/2309 
f 2309/2309 372/372 2310/2310 
f 2264/2264 1148/1148 2271/2271 
f 2264/2264 2311/2311 1148/1148 
f 1148/1148 2311/2311 1152/1152 
f 2311/2311 1150/1150 1152/1152 
f 1150/1150 1153/1153 1152/1152 
f 2312/2312 367/367 1149/1149 
f 1073/1073 2278/2278 367/367 
f 2183/2183 2278/2278 1073/1073 
f 367/367 2278/2278 1149/1149 
f 2278/2278 2279/2279 1149/1149 
f 2279/2279 1134/1134 1149/1149 
f 2312/2312 1149/1149 2311/2311 
f 2311/2311 1149/1149 1150/1150 
f 1150/1150 1149/1149 1134/1134 
f 1150/1150 2313/2313 1153/1153 
f 1134/1134 2313/2313 1150/1150 
f 2313/2313 1134/1134 2282/2282 
f 2310/2310 2316/2316 2314/2314 
f 2310/2310 372/372 2316/2316 
f 114/114 2315/2315 372/372 
f 2316/2316 372/372 2315/2315 
f 2315/2315 1151/1151 2316/2316 
f 2271/2271 1148/1148 1147/1147 
f 1147/1147 1148/1148 1152/1152 
f 1154/1154 1147/1147 1152/1152 
f 2315/2315 2317/2317 1151/1151 
f 1151/1151 2317/2317 2318/2318 
f 114/114 1154/1154 2315/2315 
f 2315/2315 1154/1154 2317/2317 
f 1154/1154 1152/1152 2317/2317 
f 1152/1152 1153/1153 2317/2317 
f 1151/1151 2318/2318 1155/1155 
f 1153/1153 2318/2318 2317/2317 
f 1153/1153 2313/2313 2318/2318 
f 2313/2313 1155/1155 2318/2318 
f 2313/2313 1135/1135 1155/1155 
f 2316/2316 374/374 2314/2314 
f 2316/2316 1156/1156 374/374 
f 2316/2316 373/373 1156/1156 
f 1155/1155 1157/1157 1151/1151 
f 1157/1157 1155/1155 2319/2319 
f 2319/2319 1158/1158 1157/1157 
f 2319/2319 1144/1144 1158/1158 
f 2316/2316 1158/1158 373/373 
f 1151/1151 1157/1157 2316/2316 
f 2316/2316 1157/1157 1158/1158 
f 373/373 1145/1145 1156/1156 
f 373/373 1158/1158 1145/1145 
f 1145/1145 2320/2320 1156/1156 
f 1145/1145 1112/1112 2320/2320 
f 2307/2307 2321/2321 1146/1146 
f 1159/1159 1160/1160 1179/1179 
f 1159/1159 2321/2321 1160/1160 
f 1146/1146 2321/2321 1159/1159 
f 2321/2321 115/115 1160/1160 
f 2310/2310 1161/1161 2307/2307 
f 2314/2314 1162/1162 2310/2310 
f 2310/2310 1162/1162 1161/1161 
f 2321/2321 2322/2322 115/115 
f 2307/2307 1161/1161 2321/2321 
f 2321/2321 1161/1161 2322/2322 
f 2322/2322 1161/1161 1162/1162 
f 2322/2322 1162/1162 2323/2323 
f 115/115 2322/2322 375/375 
f 2322/2322 2323/2323 2324/2324 
f 2322/2322 2324/2324 375/375 
f 2324/2324 2325/2325 375/375 
f 2314/2314 374/374 2326/2326 
f 374/374 1164/1164 2326/2326 
f 1163/1163 1164/1164 1156/1156 
f 2320/2320 1163/1163 1156/1156 
f 2320/2320 365/365 1163/1163 
f 365/365 2243/2243 1163/1163 
f 374/374 1156/1156 1164/1164 
f 1164/1164 1163/1163 2243/2243 
f 1164/1164 2243/2243 2326/2326 
f 2243/2243 1165/1165 2326/2326 
f 2243/2243 1116/1116 1165/1165 
f 2325/2325 376/376 2327/2327 
f 2324/2324 2323/2323 2325/2325 
f 2325/2325 2323/2323 376/376 
f 376/376 2328/2328 2327/2327 
f 1162/1162 2329/2329 2323/2323 
f 1162/1162 2314/2314 2329/2329 
f 2329/2329 2314/2314 2326/2326 
f 376/376 1166/1166 2328/2328 
f 376/376 2330/2330 1166/1166 
f 376/376 2323/2323 2329/2329 
f 376/376 2329/2329 2330/2330 
f 2329/2329 2326/2326 2330/2330 
f 2330/2330 2326/2326 1165/1165 
f 1166/1166 2330/2330 1165/1165 
f 1166/1166 1165/1165 1122/1122 
f 1165/1165 1116/1116 1122/1122 
f 2328/2328 2331/2331 2327/2327 
f 2327/2327 2331/2331 2332/2332 
f 2331/2331 2334/2334 2332/2332 
f 2334/2334 2363/2363 2332/2332 
f 1166/1166 2333/2333 2328/2328 
f 1166/1166 1122/1122 2333/2333 
f 1122/1122 2254/2254 2333/2333 
f 2328/2328 2333/2333 2331/2331 
f 2334/2334 2333/2333 2335/2335 
f 2331/2331 2333/2333 2334/2334 
f 2333/2333 2254/2254 2335/2335 
f 2334/2334 2336/2336 2363/2363 
f 2336/2336 1184/1184 2363/2363 
f 2254/2254 2257/2257 2335/2335 
f 2335/2335 2257/2257 2336/2336 
f 2334/2334 2335/2335 2336/2336 
f 2257/2257 764/764 2336/2336 
f 2258/2258 2040/2040 2038/2038 
f 366/366 377/377 2258/2258 
f 2258/2258 377/377 2337/2337 
f 2040/2040 2258/2258 2337/2337 
f 2337/2337 2039/2039 2040/2040 
f 2337/2337 966/966 2039/2039 
f 1124/1124 377/377 366/366 
f 1124/1124 2338/2338 377/377 
f 1168/1168 2348/2348 25/25 
f 1124/1124 2348/2348 2338/2338 
f 1124/1124 25/25 2348/2348 
f 2348/2348 1174/1174 2338/2338 
f 2337/2337 2339/2339 966/966 
f 377/377 2339/2339 2337/2337 
f 2339/2339 377/377 2338/2338 
f 2339/2339 2338/2338 1167/1167 
f 2339/2339 1167/1167 966/966 
f 2338/2338 1174/1174 1167/1167 
f 1167/1167 2353/2353 2340/2340 
f 2341/2341 1168/1168 25/25 
f 2341/2341 2343/2343 1168/1168 
f 2269/2269 2343/2343 2341/2341 
f 2343/2343 1169/1169 2349/2349 
f 2277/2277 2342/2342 2275/2275 
f 2342/2342 1173/1173 2275/2275 
f 5/5 2342/2342 2277/2277 
f 5/5 1170/1170 2342/2342 
f 2342/2342 1171/1171 1173/1173 
f 2342/2342 1170/1170 1171/1171 
f 2343/2343 2344/2344 1169/1169 
f 1169/1169 2344/2344 1172/1172 
f 2269/2269 2275/2275 2343/2343 
f 2343/2343 2275/2275 1173/1173 
f 2343/2343 1173/1173 2344/2344 
f 2344/2344 1173/1173 1171/1171 
f 1171/1171 2345/2345 2344/2344 
f 1172/1172 2345/2345 378/378 
f 1172/1172 2344/2344 2345/2345 
f 2345/2345 26/26 378/378 
f 378/378 26/26 2352/2352 
f 1167/1167 2346/2346 2353/2353 
f 1167/1167 1174/1174 2346/2346 
f 2353/2353 2346/2346 1175/1175 
f 1174/1174 2347/2347 2346/2346 
f 2346/2346 2347/2347 1175/1175 
f 1174/1174 1168/1168 2349/2349 
f 2348/2348 1168/1168 1174/1174 
f 1168/1168 2343/2343 2349/2349 
f 2347/2347 2350/2350 1176/1176 
f 2347/2347 1174/1174 2350/2350 
f 1174/1174 2349/2349 2350/2350 
f 2349/2349 1169/1169 2350/2350 
f 2350/2350 2351/2351 1176/1176 
f 1169/1169 1172/1172 2350/2350 
f 2350/2350 1172/1172 2351/2351 
f 1172/1172 378/378 2351/2351 
f 1176/1176 2352/2352 2356/2356 
f 1176/1176 2351/2351 2352/2352 
f 2351/2351 378/378 2352/2352 
f 2353/2353 2355/2355 2340/2340 
f 2347/2347 1177/1177 1175/1175 
f 1175/1175 1177/1177 2354/2354 
f 2353/2353 1175/1175 2355/2355 
f 1175/1175 2354/2354 2355/2355 
f 2355/2355 102/102 969/969 
f 2355/2355 2354/2354 102/102 
f 1176/1176 2356/2356 1177/1177 
f 26/26 2378/2378 2352/2352 
f 2352/2352 2378/2378 2356/2356 
f 2378/2378 1178/1178 2356/2356 
f 2356/2356 1178/1178 1177/1177 
f 2354/2354 379/379 102/102 
f 2347/2347 1176/1176 1177/1177 
f 2354/2354 1177/1177 379/379 
f 1177/1177 2357/2357 379/379 
f 1177/1177 1178/1178 2357/2357 
f 379/379 2044/2044 102/102 
f 379/379 2357/2357 2044/2044 
f 2044/2044 2357/2357 2376/2376 
f 2357/2357 1192/1192 2376/2376 
f 1159/1159 381/381 5/5 
f 1159/1159 1179/1179 381/381 
f 115/115 380/380 1160/1160 
f 1160/1160 380/380 1179/1179 
f 1179/1179 380/380 2359/2359 
f 1179/1179 1180/1180 381/381 
f 1179/1179 2359/2359 1180/1180 
f 375/375 380/380 115/115 
f 375/375 2358/2358 380/380 
f 2327/2327 2369/2369 2325/2325 
f 2325/2325 2369/2369 375/375 
f 375/375 2369/2369 2358/2358 
f 2358/2358 1186/1186 116/116 
f 2359/2359 1182/1182 1180/1180 
f 380/380 1181/1181 2359/2359 
f 2359/2359 1181/1181 1182/1182 
f 380/380 2358/2358 1181/1181 
f 1181/1181 116/116 2360/2360 
f 1181/1181 2358/2358 116/116 
f 1180/1180 1182/1182 2388/2388 
f 1181/1181 2360/2360 1182/1182 
f 1182/1182 2361/2361 2388/2388 
f 116/116 2368/2368 2360/2360 
f 2360/2360 2368/2368 1183/1183 
f 1182/1182 1183/1183 2361/2361 
f 1182/1182 2360/2360 1183/1183 
f 2332/2332 2364/2364 2362/2362 
f 2327/2327 2332/2332 2362/2362 
f 2362/2362 2365/2365 2370/2370 
f 1184/1184 382/382 2363/2363 
f 2336/2336 764/764 1184/1184 
f 764/764 1652/1652 1184/1184 
f 1652/1652 690/690 1184/1184 
f 1184/1184 690/690 382/382 
f 690/690 57/57 382/382 
f 2362/2362 2364/2364 2365/2365 
f 2332/2332 2363/2363 2364/2364 
f 2363/2363 382/382 2364/2364 
f 2364/2364 382/382 2365/2365 
f 2365/2365 382/382 57/57 
f 2365/2365 57/57 1648/1648 
f 2365/2365 1648/1648 2366/2366 
f 2371/2371 1183/1183 2367/2367 
f 1183/1183 1185/1185 2367/2367 
f 1183/1183 2368/2368 1185/1185 
f 1185/1185 2368/2368 1187/1187 
f 1185/1185 1187/1187 2367/2367 
f 1187/1187 1189/1189 2367/2367 
f 2369/2369 1186/1186 2358/2358 
f 2327/2327 2362/2362 2369/2369 
f 1186/1186 2369/2369 2370/2370 
f 2369/2369 2362/2362 2370/2370 
f 116/116 1186/1186 2368/2368 
f 2368/2368 1186/1186 1187/1187 
f 1186/1186 2370/2370 1187/1187 
f 1187/1187 2370/2370 1188/1188 
f 1187/1187 1188/1188 1189/1189 
f 2370/2370 2365/2365 1188/1188 
f 2365/2365 2366/2366 1188/1188 
f 1189/1189 2366/2366 222/222 
f 1189/1189 1188/1188 2366/2366 
f 2367/2367 1190/1190 2371/2371 
f 1189/1189 2372/2372 2367/2367 
f 2367/2367 2372/2372 1190/1190 
f 1190/1190 2372/2372 1191/1191 
f 1190/1190 1202/1202 2402/2402 
f 1190/1190 1191/1191 1202/1202 
f 1191/1191 2404/2404 1202/1202 
f 1189/1189 222/222 383/383 
f 1191/1191 2373/2373 2404/2404 
f 2373/2373 2375/2375 2404/2404 
f 1191/1191 2372/2372 2373/2373 
f 2372/2372 2374/2374 2373/2373 
f 2373/2373 2374/2374 2375/2375 
f 1189/1189 383/383 2372/2372 
f 2372/2372 383/383 2374/2374 
f 2374/2374 221/221 2375/2375 
f 383/383 221/221 2374/2374 
f 221/221 680/680 2375/2375 
f 2375/2375 681/681 1205/1205 
f 2375/2375 680/680 681/681 
f 2357/2357 2377/2377 1192/1192 
f 1192/1192 2381/2381 117/117 
f 26/26 2393/2393 2378/2378 
f 2378/2378 2393/2393 2380/2380 
f 1178/1178 2378/2378 2380/2380 
f 1178/1178 2380/2380 2379/2379 
f 2380/2380 1193/1193 2379/2379 
f 2380/2380 1199/1199 1193/1193 
f 1192/1192 2377/2377 2381/2381 
f 2381/2381 2377/2377 2382/2382 
f 2357/2357 1178/1178 2377/2377 
f 1178/1178 2379/2379 2377/2377 
f 2382/2382 2377/2377 1193/1193 
f 2377/2377 2379/2379 1193/1193 
f 1193/1193 2383/2383 2382/2382 
f 1199/1199 2383/2383 1193/1193 
f 2382/2382 2383/2383 2381/2381 
f 2381/2381 2383/2383 1194/1194 
f 1194/1194 1198/1198 1206/1206 
f 1171/1171 2386/2386 2345/2345 
f 2345/2345 2386/2386 2384/2384 
f 2393/2393 2385/2385 384/384 
f 26/26 2385/2385 2393/2393 
f 26/26 2345/2345 2385/2385 
f 2345/2345 2384/2384 2385/2385 
f 2385/2385 2384/2384 384/384 
f 384/384 2384/2384 2394/2394 
f 1171/1171 1170/1170 2386/2386 
f 1170/1170 385/385 2386/2386 
f 5/5 381/381 1170/1170 
f 385/385 1170/1170 381/381 
f 381/381 1196/1196 385/385 
f 1196/1196 381/381 1180/1180 
f 2384/2384 2387/2387 2394/2394 
f 2384/2384 1195/1195 2387/2387 
f 2384/2384 2386/2386 1195/1195 
f 1195/1195 2386/2386 1196/1196 
f 2386/2386 385/385 1196/1196 
f 1195/1195 1196/1196 2388/2388 
f 1196/1196 1180/1180 2388/2388 
f 1195/1195 2389/2389 2387/2387 
f 2389/2389 388/388 2387/2387 
f 1195/1195 2388/2388 2389/2389 
f 2389/2389 2388/2388 1197/1197 
f 2388/2388 2361/2361 1197/1197 
f 2389/2389 1197/1197 388/388 
f 2361/2361 1183/1183 1197/1197 
f 1197/1197 1183/1183 2371/2371 
f 1194/1194 2383/2383 1198/1198 
f 2383/2383 386/386 1198/1198 
f 2383/2383 1199/1199 2390/2390 
f 386/386 2383/2383 2390/2390 
f 2390/2390 2391/2391 386/386 
f 386/386 2391/2391 2392/2392 
f 2391/2391 2395/2395 2392/2392 
f 2380/2380 387/387 1199/1199 
f 2380/2380 2393/2393 387/387 
f 2393/2393 384/384 387/387 
f 387/387 384/384 2394/2394 
f 2391/2391 2396/2396 2395/2395 
f 2390/2390 1200/1200 2391/2391 
f 2391/2391 1200/1200 2396/2396 
f 2390/2390 1199/1199 1200/1200 
f 1199/1199 387/387 1200/1200 
f 2396/2396 1200/1200 2394/2394 
f 1200/1200 387/387 2394/2394 
f 2396/2396 1201/1201 2395/2395 
f 2396/2396 2397/2397 1201/1201 
f 2397/2397 388/388 1201/1201 
f 2394/2394 2397/2397 2396/2396 
f 2394/2394 2387/2387 2397/2397 
f 2387/2387 388/388 2397/2397 
f 1197/1197 2371/2371 388/388 
f 386/386 2398/2398 1198/1198 
f 386/386 2392/2392 2398/2398 
f 2392/2392 1203/1203 2398/2398 
f 2398/2398 2399/2399 2409/2409 
f 1203/1203 2399/2399 2398/2398 
f 388/388 2403/2403 1201/1201 
f 1201/1201 2403/2403 2395/2395 
f 2403/2403 2401/2401 2395/2395 
f 388/388 2402/2402 2403/2403 
f 2371/2371 2402/2402 388/388 
f 2371/2371 1190/1190 2402/2402 
f 2403/2403 2402/2402 1202/1202 
f 2403/2403 2404/2404 2401/2401 
f 2403/2403 1202/1202 2404/2404 
f 2399/2399 389/389 2400/2400 
f 2399/2399 1203/1203 389/389 
f 2392/2392 2401/2401 1203/1203 
f 2392/2392 2395/2395 2401/2401 
f 389/389 2401/2401 2405/2405 
f 389/389 1203/1203 2401/2401 
f 2401/2401 2404/2404 2405/2405 
f 389/389 1204/1204 2400/2400 
f 389/389 1205/1205 1204/1204 
f 2405/2405 1205/1205 389/389 
f 2404/2404 1205/1205 2405/2405 
f 2404/2404 2375/2375 1205/1205 
f 1204/1204 1205/1205 681/681 
f 2376/2376 1192/1192 2054/2054 
f 1192/1192 980/980 2054/2054 
f 1192/1192 117/117 980/980 
f 1194/1194 2406/2406 2381/2381 
f 1194/1194 1206/1206 2406/2406 
f 1206/1206 1209/1209 2406/2406 
f 2381/2381 2407/2407 2408/2408 
f 2381/2381 2406/2406 2407/2407 
f 1209/1209 2407/2407 2406/2406 
f 980/980 2408/2408 390/390 
f 117/117 2408/2408 980/980 
f 117/117 2381/2381 2408/2408 
f 2408/2408 2407/2407 390/390 
f 2407/2407 118/118 390/390 
f 2398/2398 2409/2409 1198/1198 
f 1198/1198 2410/2410 1206/1206 
f 2409/2409 2410/2410 1198/1198 
f 2399/2399 1207/1207 2409/2409 
f 2400/2400 1207/1207 2399/2399 
f 2410/2410 2409/2409 1207/1207 
f 1207/1207 2411/2411 2410/2410 
f 681/681 219/219 1204/1204 
f 219/219 1600/1600 1204/1204 
f 1204/1204 1600/1600 2412/2412 
f 1600/1600 1599/1599 2412/2412 
f 2400/2400 1204/1204 1207/1207 
f 1204/1204 2412/2412 1207/1207 
f 2411/2411 2412/2412 1599/1599 
f 2411/2411 1207/1207 2412/2412 
f 2411/2411 1599/1599 2413/2413 
f 1599/1599 671/671 2413/2413 
f 2057/2057 2414/2414 1208/1208 
f 118/118 2414/2414 390/390 
f 390/390 2414/2414 2057/2057 
f 2414/2414 1210/1210 1208/1208 
f 2407/2407 1209/1209 118/118 
f 1209/1209 2415/2415 118/118 
f 1206/1206 2410/2410 1209/1209 
f 1209/1209 2410/2410 2415/2415 
f 2410/2410 2411/2411 2415/2415 
f 2414/2414 118/118 1210/1210 
f 1210/1210 118/118 2415/2415 
f 1210/1210 2415/2415 2413/2413 
f 2413/2413 2415/2415 2411/2411 
f 1210/1210 2413/2413 1211/1211 
f 1211/1211 2413/2413 671/671 
f 2057/2057 1208/1208 2058/2058 
f 1208/1208 1212/1212 2058/2058 
f 1210/1210 1211/1211 1208/1208 
f 671/671 669/669 1211/1211 
f 1212/1212 1208/1208 1211/1211 
f 1211/1211 669/669 1212/1212 
f 669/669 626/626 1212/1212 
f 87/87 2416/2416 2157/2157 
f 391/391 1214/1214 2416/2416 
f 391/391 1213/1213 1214/1214 
f 87/87 391/391 2416/2416 
f 2416/2416 2158/2158 2157/2157 
f 2416/2416 1215/1215 2158/2158 
f 1214/1214 1219/1219 2416/2416 
f 1215/1215 1057/1057 2158/2158 
f 1215/1215 1059/1059 1057/1057 
f 882/882 2420/2420 1216/1216 
f 1217/1217 1216/1216 392/392 
f 1216/1216 2420/2420 392/392 
f 2420/2420 394/394 392/392 
f 392/392 2419/2419 1217/1217 
f 1959/1959 2421/2421 882/882 
f 888/888 393/393 1959/1959 
f 1959/1959 393/393 2421/2421 
f 889/889 2417/2417 888/888 
f 888/888 2417/2417 393/393 
f 2417/2417 1286/1286 393/393 
f 1286/1286 2418/2418 393/393 
f 392/392 394/394 2419/2419 
f 882/882 2421/2421 2420/2420 
f 394/394 2420/2420 2421/2421 
f 2421/2421 393/393 394/394 
f 394/394 2418/2418 2422/2422 
f 393/393 2418/2418 394/394 
f 394/394 1218/1218 2419/2419 
f 2419/2419 1218/1218 1221/1221 
f 394/394 2422/2422 1218/1218 
f 2418/2418 1289/1289 2422/2422 
f 1289/1289 2478/2478 2422/2422 
f 2478/2478 1282/1282 2422/2422 
f 2422/2422 2423/2423 1218/1218 
f 1218/1218 2423/2423 1221/1221 
f 2422/2422 1282/1282 2476/2476 
f 2423/2423 2422/2422 2476/2476 
f 1059/1059 1215/1215 1223/1223 
f 2416/2416 1219/1219 1215/1215 
f 1214/1214 2424/2424 1219/1219 
f 1215/1215 1219/1219 1223/1223 
f 2424/2424 2426/2426 1219/1219 
f 1219/1219 2426/2426 1223/1223 
f 1214/1214 1213/1213 2424/2424 
f 391/391 1216/1216 1213/1213 
f 1213/1213 1216/1216 1217/1217 
f 1213/1213 1217/1217 1220/1220 
f 2424/2424 1220/1220 2426/2426 
f 2424/2424 1213/1213 1220/1220 
f 2426/2426 1220/1220 2427/2427 
f 1217/1217 2419/2419 1220/1220 
f 1220/1220 2419/2419 1221/1221 
f 2427/2427 1221/1221 1222/1222 
f 1220/1220 1221/1221 2427/2427 
f 1221/1221 2423/2423 1222/1222 
f 1059/1059 1223/1223 395/395 
f 395/395 1224/1224 2425/2425 
f 1224/1224 1060/1060 2425/2425 
f 2426/2426 2427/2427 1227/1227 
f 2423/2423 2468/2468 1222/1222 
f 1222/1222 1275/1275 2427/2427 
f 2427/2427 2428/2428 1227/1227 
f 395/395 396/396 1224/1224 
f 1224/1224 396/396 1060/1060 
f 1223/1223 1227/1227 395/395 
f 2426/2426 1227/1227 1223/1223 
f 395/395 1226/1226 396/396 
f 395/395 1227/1227 1226/1226 
f 1227/1227 2428/2428 1226/1226 
f 2428/2428 1225/1225 1226/1226 
f 2430/2430 2165/2165 2431/2431 
f 1226/1226 2429/2429 396/396 
f 2429/2429 2462/2462 396/396 
f 1060/1060 396/396 2431/2431 
f 2431/2431 396/396 2430/2430 
f 396/396 1228/1228 2430/2430 
f 396/396 2462/2462 1228/1228 
f 2430/2430 2163/2163 2165/2165 
f 2430/2430 1228/1228 1229/1229 
f 1228/1228 397/397 1229/1229 
f 2430/2430 1229/1229 2163/2163 
f 1229/1229 1062/1062 2163/2163 
f 1229/1229 1230/1230 1062/1062 
f 2001/2001 1232/1232 1231/1231 
f 1231/1231 1232/1232 398/398 
f 1231/1231 398/398 2479/2479 
f 931/931 2435/2435 300/300 
f 300/300 2435/2435 1233/1233 
f 2435/2435 1234/1234 1233/1233 
f 1232/1232 1233/1233 398/398 
f 1232/1232 300/300 1233/1233 
f 398/398 1234/1234 2479/2479 
f 1234/1234 2480/2480 2479/2479 
f 1233/1233 1234/1234 398/398 
f 2007/2007 399/399 2435/2435 
f 937/937 1235/1235 935/935 
f 2007/2007 935/935 399/399 
f 937/937 2432/2432 1235/1235 
f 2443/2443 2441/2441 937/937 
f 937/937 2441/2441 2432/2432 
f 935/935 1235/1235 399/399 
f 399/399 1235/1235 2433/2433 
f 1235/1235 1253/1253 2433/2433 
f 1235/1235 2432/2432 1253/1253 
f 2432/2432 1254/1254 1253/1253 
f 2433/2433 1253/1253 1236/1236 
f 1236/1236 1253/1253 1237/1237 
f 1234/1234 1238/1238 27/27 
f 1234/1234 2434/2434 1238/1238 
f 2434/2434 1239/1239 2436/2436 
f 931/931 2007/2007 2435/2435 
f 1240/1240 2435/2435 399/399 
f 2434/2434 1240/1240 1239/1239 
f 1239/1239 1240/1240 1241/1241 
f 1234/1234 2435/2435 2434/2434 
f 2435/2435 1240/1240 2434/2434 
f 1240/1240 399/399 2433/2433 
f 2433/2433 1241/1241 1240/1240 
f 2433/2433 1236/1236 1241/1241 
f 1241/1241 1236/1236 1237/1237 
f 2434/2434 2436/2436 1238/1238 
f 2436/2436 2482/2482 1238/1238 
f 2436/2436 2437/2437 2482/2482 
f 1241/1241 1242/1242 1239/1239 
f 1241/1241 1237/1237 1242/1242 
f 1237/1237 1249/1249 1242/1242 
f 1242/1242 1249/1249 1248/1248 
f 2436/2436 2438/2438 2437/2437 
f 1239/1239 2438/2438 2436/2436 
f 1239/1239 1242/1242 2438/2438 
f 2437/2437 2438/2438 2439/2439 
f 2438/2438 1242/1242 1248/1248 
f 2438/2438 1248/1248 2439/2439 
f 2437/2437 1243/1243 2482/2482 
f 2437/2437 2439/2439 1243/1243 
f 2439/2439 2440/2440 1243/1243 
f 1243/1243 2440/2440 1296/1296 
f 2440/2440 1260/1260 1296/1296 
f 2443/2443 2444/2444 2441/2441 
f 944/944 2442/2442 2443/2443 
f 944/944 1244/1244 2442/2442 
f 2444/2444 2443/2443 2442/2442 
f 2442/2442 1245/1245 2444/2444 
f 307/307 20/20 1244/1244 
f 20/20 2445/2445 1244/1244 
f 2442/2442 1244/1244 1245/1245 
f 1245/1245 1244/1244 2445/2445 
f 2445/2445 1247/1247 1245/1245 
f 945/945 2446/2446 20/20 
f 458/458 868/868 1246/1246 
f 945/945 1246/1246 2446/2446 
f 1246/1246 868/868 2446/2446 
f 20/20 2446/2446 2445/2445 
f 2445/2445 2446/2446 1247/1247 
f 1247/1247 2446/2446 867/867 
f 1247/1247 2447/2447 2453/2453 
f 1247/1247 2448/2448 2447/2447 
f 2448/2448 2449/2449 2447/2447 
f 1247/1247 867/867 2448/2448 
f 2448/2448 867/867 2449/2449 
f 867/867 865/865 2449/2449 
f 2440/2440 2450/2450 1260/1260 
f 2450/2450 403/403 1260/1260 
f 2439/2439 2450/2450 2440/2440 
f 2439/2439 400/400 2450/2450 
f 2439/2439 1248/1248 400/400 
f 2450/2450 400/400 403/403 
f 400/400 1261/1261 403/403 
f 1250/1250 401/401 1237/1237 
f 1249/1249 401/401 2451/2451 
f 1249/1249 1237/1237 401/401 
f 1248/1248 2451/2451 400/400 
f 1248/1248 1249/1249 2451/2451 
f 400/400 2451/2451 1251/1251 
f 2451/2451 401/401 1251/1251 
f 400/400 1252/1252 404/404 
f 400/400 1251/1251 1252/1252 
f 1252/1252 2452/2452 404/404 
f 1237/1237 1253/1253 1250/1250 
f 1254/1254 402/402 1253/1253 
f 1253/1253 402/402 1250/1250 
f 2441/2441 1254/1254 2432/2432 
f 1254/1254 2441/2441 2444/2444 
f 402/402 1254/1254 1255/1255 
f 1255/1255 2444/2444 1245/1245 
f 1254/1254 2444/2444 1255/1255 
f 1245/1245 1247/1247 2453/2453 
f 2452/2452 1256/1256 2456/2456 
f 1252/1252 1256/1256 2452/2452 
f 1252/1252 1251/1251 1256/1256 
f 401/401 1257/1257 1251/1251 
f 401/401 1250/1250 1257/1257 
f 1250/1250 402/402 1257/1257 
f 1256/1256 1258/1258 2453/2453 
f 1251/1251 1258/1258 1256/1256 
f 1251/1251 1257/1257 1258/1258 
f 1258/1258 402/402 2453/2453 
f 1258/1258 1257/1257 402/402 
f 402/402 1255/1255 2453/2453 
f 1255/1255 1245/1245 2453/2453 
f 1256/1256 2454/2454 2456/2456 
f 1256/1256 2453/2453 2454/2454 
f 1259/1259 2456/2456 2454/2454 
f 2454/2454 2447/2447 1259/1259 
f 2453/2453 2447/2447 2454/2454 
f 2447/2447 2449/2449 1259/1259 
f 1259/1259 2449/2449 1266/1266 
f 1260/1260 1263/1263 2494/2494 
f 1260/1260 403/403 1263/1263 
f 404/404 1261/1261 400/400 
f 1261/1261 404/404 1264/1264 
f 404/404 1262/1262 1264/1264 
f 403/403 1261/1261 1264/1264 
f 1263/1263 1264/1264 2455/2455 
f 403/403 1264/1264 1263/1263 
f 1262/1262 2455/2455 1264/1264 
f 1263/1263 2455/2455 1315/1315 
f 2452/2452 2456/2456 404/404 
f 2456/2456 1265/1265 404/404 
f 1259/1259 2457/2457 2456/2456 
f 1265/1265 2456/2456 2457/2457 
f 2449/2449 3/3 1266/1266 
f 1265/1265 2457/2457 2458/2458 
f 2457/2457 1266/1266 2458/2458 
f 1259/1259 1266/1266 2457/2457 
f 2458/2458 1266/1266 852/852 
f 2455/2455 2460/2460 1315/1315 
f 2455/2455 1267/1267 2460/2460 
f 2455/2455 1262/1262 1267/1267 
f 1262/1262 404/404 2459/2459 
f 2459/2459 404/404 1265/1265 
f 1267/1267 852/852 1268/1268 
f 1262/1262 2459/2459 1267/1267 
f 1267/1267 2459/2459 852/852 
f 2459/2459 2458/2458 852/852 
f 1265/1265 2458/2458 2459/2459 
f 1267/1267 1268/1268 2460/2460 
f 1268/1268 1269/1269 2460/2460 
f 852/852 83/83 1268/1268 
f 1268/1268 83/83 1924/1924 
f 1268/1268 1924/1924 1269/1269 
f 1924/1924 1855/1855 1269/1269 
f 1229/1229 397/397 1230/1230 
f 397/397 2496/2496 1230/1230 
f 1228/1228 405/405 397/397 
f 2462/2462 405/405 1228/1228 
f 397/397 1270/1270 2496/2496 
f 397/397 405/405 1270/1270 
f 405/405 2461/2461 1270/1270 
f 2462/2462 2429/2429 2466/2466 
f 1225/1225 2463/2463 1226/1226 
f 1225/1225 2464/2464 2463/2463 
f 2429/2429 2463/2463 2466/2466 
f 2466/2466 2463/2463 2464/2464 
f 2429/2429 1226/1226 2463/2463 
f 1270/1270 2461/2461 2465/2465 
f 2461/2461 2467/2467 2465/2465 
f 405/405 2466/2466 2461/2461 
f 405/405 2462/2462 2466/2466 
f 2461/2461 2466/2466 2467/2467 
f 2466/2466 2464/2464 2467/2467 
f 2467/2467 2464/2464 1271/1271 
f 2467/2467 1271/1271 2465/2465 
f 2465/2465 1271/1271 1277/1277 
f 2428/2428 1272/1272 1225/1225 
f 2427/2427 1272/1272 2428/2428 
f 2427/2427 1273/1273 1272/1272 
f 1272/1272 1273/1273 1274/1274 
f 1222/1222 2468/2468 1275/1275 
f 2423/2423 2486/2486 2468/2468 
f 1273/1273 1276/1276 1274/1274 
f 2427/2427 1275/1275 1273/1273 
f 1273/1273 1275/1275 1276/1276 
f 1275/1275 2468/2468 1276/1276 
f 2468/2468 2469/2469 1276/1276 
f 1274/1274 1276/1276 2472/2472 
f 1276/1276 1302/1302 2472/2472 
f 1277/1277 1271/1271 1278/1278 
f 2464/2464 2470/2470 1271/1271 
f 1225/1225 1272/1272 2470/2470 
f 2464/2464 1225/1225 2470/2470 
f 1272/1272 1274/1274 2470/2470 
f 1278/1278 1271/1271 2471/2471 
f 1271/1271 2470/2470 2471/2471 
f 2470/2470 1274/1274 2471/2471 
f 1278/1278 2472/2472 1279/1279 
f 2471/2471 2472/2472 1278/1278 
f 2471/2471 1274/1274 2472/2472 
f 1277/1277 1278/1278 1279/1279 
f 1277/1277 1279/1279 2473/2473 
f 2473/2473 1279/1279 2474/2474 
f 2472/2472 1280/1280 1279/1279 
f 1279/1279 1281/1281 2474/2474 
f 1279/1279 1280/1280 1281/1281 
f 1281/1281 2475/2475 2474/2474 
f 1281/1281 1297/1297 2475/2475 
f 2476/2476 2486/2486 2423/2423 
f 2476/2476 2477/2477 2486/2486 
f 1282/1282 2477/2477 2476/2476 
f 1282/1282 406/406 2477/2477 
f 2478/2478 406/406 1282/1282 
f 2478/2478 1289/1289 406/406 
f 1289/1289 1284/1284 406/406 
f 2477/2477 1303/1303 1283/1283 
f 2477/2477 406/406 1303/1303 
f 406/406 1284/1284 1303/1303 
f 1284/1284 1292/1292 1303/1303 
f 1303/1303 1292/1292 1285/1285 
f 1292/1292 1304/1304 1285/1285 
f 2418/2418 1286/1286 1289/1289 
f 1289/1289 1286/1286 1287/1287 
f 1286/1286 2481/2481 1287/1287 
f 2417/2417 889/889 1231/1231 
f 1231/1231 2479/2479 2417/2417 
f 1286/1286 2479/2479 2481/2481 
f 1286/1286 2417/2417 2479/2479 
f 2479/2479 2480/2480 2481/2481 
f 2480/2480 27/27 2481/2481 
f 2480/2480 1234/1234 27/27 
f 1284/1284 1288/1288 1292/1292 
f 1284/1284 1289/1289 1290/1290 
f 1290/1290 1289/1289 1287/1287 
f 1288/1288 1290/1290 1293/1293 
f 1290/1290 1291/1291 1293/1293 
f 1284/1284 1290/1290 1288/1288 
f 1291/1291 1290/1290 1287/1287 
f 1287/1287 2481/2481 1291/1291 
f 1293/1293 1291/1291 407/407 
f 1291/1291 2481/2481 407/407 
f 407/407 2481/2481 27/27 
f 1288/1288 1294/1294 1292/1292 
f 1288/1288 1293/1293 1294/1294 
f 1293/1293 408/408 1294/1294 
f 1292/1292 1294/1294 1295/1295 
f 408/408 1295/1295 1294/1294 
f 407/407 2482/2482 1293/1293 
f 27/27 1238/1238 407/407 
f 407/407 1238/1238 2482/2482 
f 1295/1295 408/408 2483/2483 
f 1293/1293 2482/2482 408/408 
f 408/408 2482/2482 1243/1243 
f 408/408 1296/1296 2483/2483 
f 1243/1243 1296/1296 408/408 
f 1281/1281 1299/1299 1297/1297 
f 1280/1280 1299/1299 1281/1281 
f 1302/1302 1298/1298 2472/2472 
f 2472/2472 1298/1298 1280/1280 
f 1280/1280 1298/1298 1299/1299 
f 1298/1298 2488/2488 1299/1299 
f 1297/1297 2484/2484 2493/2493 
f 1297/1297 1299/1299 2484/2484 
f 2484/2484 1299/1299 2488/2488 
f 2484/2484 1300/1300 2493/2493 
f 2484/2484 2488/2488 1300/1300 
f 1276/1276 2469/2469 1302/1302 
f 2469/2469 2487/2487 1302/1302 
f 1302/1302 2485/2485 1298/1298 
f 1302/1302 2487/2487 2485/2485 
f 2468/2468 2486/2486 2469/2469 
f 2469/2469 2486/2486 2487/2487 
f 2486/2486 1283/1283 2487/2487 
f 2486/2486 2477/2477 1283/1283 
f 2485/2485 1305/1305 1307/1307 
f 2485/2485 2487/2487 1305/1305 
f 2487/2487 1303/1303 1305/1305 
f 2487/2487 1283/1283 1303/1303 
f 1307/1307 1305/1305 1304/1304 
f 1303/1303 1285/1285 1305/1305 
f 1305/1305 1285/1285 1304/1304 
f 1300/1300 1306/1306 1301/1301 
f 1300/1300 2488/2488 1306/1306 
f 1306/1306 2488/2488 2489/2489 
f 1307/1307 1298/1298 2485/2485 
f 2489/2489 1307/1307 1308/1308 
f 2488/2488 1307/1307 2489/2489 
f 2488/2488 1298/1298 1307/1307 
f 1308/1308 1307/1307 1304/1304 
f 1304/1304 1292/1292 1308/1308 
f 2489/2489 2490/2490 1306/1306 
f 2489/2489 1308/1308 2490/2490 
f 2490/2490 2491/2491 1306/1306 
f 1292/1292 1295/1295 1308/1308 
f 1308/1308 1295/1295 1309/1309 
f 2491/2491 2490/2490 2492/2492 
f 2490/2490 1308/1308 1309/1309 
f 1309/1309 2492/2492 2490/2490 
f 1309/1309 2483/2483 2492/2492 
f 1295/1295 2483/2483 1309/1309 
f 2492/2492 2483/2483 409/409 
f 2483/2483 1296/1296 409/409 
f 1296/1296 1260/1260 409/409 
f 1297/1297 2493/2493 1321/1321 
f 2493/2493 410/410 1321/1321 
f 1301/1301 1314/1314 1300/1300 
f 1300/1300 1314/1314 2493/2493 
f 410/410 2493/2493 1314/1314 
f 1314/1314 1313/1313 410/410 
f 1313/1313 412/412 410/410 
f 410/410 412/412 1310/1310 
f 1301/1301 1306/1306 1311/1311 
f 2491/2491 1311/1311 1306/1306 
f 2491/2491 1312/1312 1311/1311 
f 409/409 2494/2494 2492/2492 
f 2492/2492 2494/2494 2491/2491 
f 409/409 1260/1260 2494/2494 
f 1312/1312 2491/2491 2494/2494 
f 2494/2494 1263/1263 1312/1312 
f 1312/1312 1315/1315 411/411 
f 1312/1312 1263/1263 1315/1315 
f 1314/1314 1311/1311 411/411 
f 1314/1314 1301/1301 1311/1311 
f 1311/1311 1312/1312 411/411 
f 1313/1313 411/411 1316/1316 
f 1313/1313 1314/1314 411/411 
f 411/411 1317/1317 1316/1316 
f 1317/1317 411/411 1315/1315 
f 1313/1313 1316/1316 412/412 
f 412/412 1316/1316 2495/2495 
f 1316/1316 1318/1318 2495/2495 
f 1315/1315 2460/2460 1317/1317 
f 1317/1317 2460/2460 1269/1269 
f 1316/1316 1317/1317 1318/1318 
f 1317/1317 1269/1269 1318/1318 
f 1269/1269 1855/1855 1318/1318 
f 1230/1230 1081/1081 1062/1062 
f 2496/2496 1081/1081 1230/1230 
f 1270/1270 1319/1319 2496/2496 
f 2496/2496 1319/1319 1081/1081 
f 1319/1319 2198/2198 1081/1081 
f 1319/1319 2497/2497 2198/2198 
f 1270/1270 2465/2465 2497/2497 
f 1319/1319 1270/1270 2497/2497 
f 2198/2198 2497/2497 2199/2199 
f 2497/2497 2498/2498 2199/2199 
f 2473/2473 1320/1320 2497/2497 
f 2475/2475 413/413 2474/2474 
f 1297/1297 1327/1327 2475/2475 
f 413/413 2475/2475 1327/1327 
f 2474/2474 413/413 2473/2473 
f 2473/2473 413/413 1320/1320 
f 413/413 1327/1327 1320/1320 
f 2498/2498 2497/2497 2222/2222 
f 1277/1277 2473/2473 2465/2465 
f 2465/2465 2473/2473 2497/2497 
f 2222/2222 1320/1320 414/414 
f 2497/2497 1320/1320 2222/2222 
f 414/414 1093/1093 2222/2222 
f 1093/1093 416/416 2215/2215 
f 1321/1321 1327/1327 1297/1297 
f 1327/1327 1321/1321 1322/1322 
f 1327/1327 1322/1322 1323/1323 
f 410/410 1310/1310 2499/2499 
f 1322/1322 2499/2499 1323/1323 
f 1321/1321 2499/2499 1322/1322 
f 1321/1321 410/410 2499/2499 
f 2499/2499 415/415 1323/1323 
f 2499/2499 1310/1310 415/415 
f 412/412 2495/2495 1310/1310 
f 1855/1855 2495/2495 1318/1318 
f 1855/1855 1324/1324 2495/2495 
f 2495/2495 1324/1324 2500/2500 
f 415/415 1310/1310 119/119 
f 119/119 1310/1310 2500/2500 
f 1310/1310 2495/2495 2500/2500 
f 119/119 1852/1852 415/415 
f 1852/1852 1325/1325 415/415 
f 2500/2500 1852/1852 119/119 
f 1325/1325 1852/1852 76/76 
f 76/76 417/417 1325/1325 
f 1320/1320 1327/1327 1326/1326 
f 414/414 1320/1320 1326/1326 
f 414/414 1326/1326 1328/1328 
f 1326/1326 1323/1323 1328/1328 
f 1327/1327 1323/1323 1326/1326 
f 1323/1323 415/415 1328/1328 
f 1093/1093 1329/1329 418/418 
f 1093/1093 414/414 1328/1328 
f 1093/1093 1328/1328 1329/1329 
f 1328/1328 2501/2501 1329/1329 
f 1328/1328 415/415 2501/2501 
f 2501/2501 415/415 1325/1325 
f 1329/1329 2501/2501 417/417 
f 2501/2501 1325/1325 417/417 
f 418/418 416/416 1093/1093 
f 416/416 418/418 2502/2502 
f 416/416 2502/2502 2234/2234 
f 1329/1329 1330/1330 418/418 
f 1329/1329 417/417 1330/1330 
f 417/417 1847/1847 1330/1330 
f 2502/2502 1330/1330 120/120 
f 2502/2502 418/418 1330/1330 
