v 0.386337 0.670391 0.633498
v 0.0189107 -0.0330684 -0.999274
v 0.170368 0.983122 0.0666753
v -0.965621 -0.0774584 0.248145
v -0.44407 -0.717015 -0.537301
v 0.468258 0.279746 0.838139
v 0.359567 0.0644595 0.93089
v 0.166645 -0.299479 0.939437
v 0.354467 -0.384043 0.852563
v 0.151475 -0.785537 0.599989
v 0.971541 0.231995 0.0478076
v 0.531021 -0.833689 -0.15159
v 0.760325 -0.645477 -0.0725692
v 0.240685 -0.853361 -0.462434
v 0.200208 -0.585291 -0.785717
v 0.75364 -0.476617 -0.452618
v 0.573237 0.807658 0.138162
v -0.714049 0.425823 0.555705
v -0.507917 0.736735 0.446366
v 0.0353935 0.949806 0.310832
v -0.166964 -0.813689 0.556806
v -0.558592 -0.427299 0.710908
v -0.302442 -0.454566 0.837794
v -0.127972 -0.329374 0.935487
v -0.695429 -0.6901 -0.200349
v -0.389279 -0.884828 -0.256012
v -0.398164 0.916731 0.0327004
v 0.88539 0.194442 0.422229
v 0.3174 0.726387 0.609606
v 0.593605 0.641396 0.486049
v 0.443824 0.446297 0.777071
v 0.300984 0.539102 0.786624
v 0.472859 0.106057 0.874732
v 0.123732 0.343447 0.930986
v 0.197795 0.326807 0.924162
v 0.0709176 0.171537 0.982622
v 0.810287 -0.101133 0.57724
v 0.866047 -0.218161 0.449853
v 0.0466656 0.107274 0.993134
v 0.252668 -0.248938 0.93498
v 0.729471 -0.512974 0.452471
v 0.707202 -0.408382 0.57714
v 0.569543 -0.0951245 0.816439
v 0.600444 -0.198737 0.774577
v 0.478974 -0.395647 0.783612
v 0.425037 -0.307891 0.851203
v 0.511184 -0.798064 0.319036
v 0.285508 -0.767073 0.574529
v 0.968675 0.187344 0.163005
v 0.955902 0.244062 0.163356
v 0.985864 -0.113036 0.123672
v 0.725718 -0.687992 0.000980623
v 0.666374 -0.73943 -0.0958595
v 0.415287 -0.722765 -0.552402
v 0.365364 -0.921373 -0.132592
v 0.352083 -0.564774 -0.74637
v 0.0336186 -0.587069 -0.808838
v 0.565762 0.141725 -0.812298
v 0.515382 -0.148255 -0.844039
v 0.660051 -0.580983 -0.476226
v 0.36199 -0.279752 -0.889214
v 0.599908 -0.426309 -0.677031
v 0.459163 -0.496752 -0.736483
v 0.294335 -0.450005 -0.843127
v 0.271421 -0.0103096 -0.962405
v 0.00571155 -0.206469 -0.978436
v 0.108114 -0.0940045 -0.989684
v 0.946114 0.297082 0.128883
v 0.820625 0.362212 -0.442015
v 0.822748 0.545883 -0.158422
v 0.80359 0.548978 0.229927
v 0.717739 0.645717 0.260575
v 0.666077 0.408604 -0.624007
v 0.193966 0.40342 -0.89422
v 0.426019 0.609264 -0.668808
v 0.0662255 0.621516 -0.780597
v 0.572789 0.81952 -0.0173257
v 0.497222 0.867617 -0.0033565
v 0.697088 0.485167 -0.527902
v 0.555328 0.759339 -0.339138
v 0.458098 0.734414 -0.500782
v 0.463158 0.873268 0.151284
v 0.127108 0.955706 -0.265462
v 0.332084 0.921844 0.199812
v 0.253922 0.961207 0.107727
v 0.218218 0.96784 0.125167
v -0.900374 0.369428 0.229891
v -0.460199 0.2712 0.84538
v -0.102572 0.34507 0.932955
v -0.413606 0.612613 0.673525
v -0.207918 0.562924 0.799929
v -0.0335329 0.607398 0.79369
v -0.0716699 0.791514 0.606935
v -0.0299995 0.869571 0.492897
v 0.0558732 0.910591 0.409516
v -0.958862 0.0364298 0.281526
v -0.846138 0.264955 0.462439
v -0.942776 -0.187841 0.27548
v -0.861169 -0.456729 0.223129
v -0.790252 -0.496541 0.359095
v -0.657505 0.189353 0.729269
v -0.416519 -0.900273 0.126573
v -0.27825 -0.73065 0.62348
v 0.0116848 -0.686365 0.727164
v -0.593087 -0.212952 0.776465
v -0.680368 -0.54239 0.492861
v -0.384589 -0.525106 0.759181
v -0.0123017 -0.262789 0.964775
v -0.915652 0.189054 -0.354741
v -0.585634 0.154596 -0.795696
v -0.352702 0.180952 -0.918073
v -0.150438 -0.102408 -0.983301
v -0.644342 0.00895453 -0.764685
v -0.552128 -0.453294 -0.699771
v -0.315623 -0.627807 -0.711506
v -0.192141 -0.699655 -0.68816
v -0.19492 -0.980621 0.0197122
v -0.0677179 -0.997692 -0.00497439
v -0.0503511 0.72467 -0.687254
v 0.00715831 0.338437 -0.940962
v 0.681614 0.61223 0.40072
v 0.709197 0.37699 0.595749
v 0.612296 0.226719 0.757425
v 0.615898 0.166709 0.769986
v 0.454611 0.799643 0.392301
v 0.37632 0.862627 0.338019
v 0.417553 0.769646 0.483006
v 0.377272 0.78243 0.495448
v 0.391857 0.746324 0.538003
v 0.248494 0.85151 0.461715
v 0.573331 0.532185 0.622953
v 0.534543 0.562453 0.630801
v 0.554736 0.658418 0.508679
v 0.559856 0.615467 0.554763
v 0.421944 0.649692 0.632348
v 0.394481 0.494781 0.774323
v 0.501702 0.458839 0.733322
v 0.37804 0.587599 0.715411
v 0.341296 0.504455 0.793122
v 0.304495 0.47663 0.824686
v 0.399767 0.124653 0.908101
v 0.400673 0.185403 0.897266
v 0.328387 0.353769 0.875791
v 0.332754 0.123168 0.934936
v 0.0907332 0.418562 0.903644
v 0.141316 0.200659 0.969415
v 0.109689 0.167876 0.979687
v 0.821468 0.0880386 0.563418
v 0.771575 0.0487708 0.634266
v 0.715945 0.048088 0.696498
v 0.744335 -0.0144805 0.667649
v 0.683337 -0.146832 0.715186
v 0.953725 -0.0376252 0.298317
v 0.939131 -0.109911 0.325504
v 0.95117 -0.15931 0.264377
v 0.947526 -0.226603 0.225491
v 0.723747 -0.243241 0.645774
v 0.890615 -0.299906 0.34185
v 0.81455 -0.366188 0.449905
v 0.336592 -0.0383384 0.94087
v 0.37124 -0.161637 0.91436
v 0.0616606 0.122373 0.990567
v 0.291341 -0.138295 0.94657
v 0.278572 -0.101716 0.955014
v 0.254218 -0.0554268 0.965557
v 0.257399 -0.202468 0.944856
v 0.0628872 -0.204229 0.976901
v 0.0611964 -0.250655 0.96614
v 0.751334 -0.464287 0.468972
v 0.797471 -0.46235 0.387651
v 0.672761 -0.367436 0.642171
v 0.687494 -0.515843 0.511134
v 0.546122 -0.537723 0.642343
v 0.432947 -0.589784 0.681698
v 0.608972 -0.132887 0.781981
v 0.496253 -0.0669933 0.865589
v 0.45796 -0.0753858 0.88577
v 0.481853 -0.487479 0.728136
v 0.35531 -0.45775 0.814997
v 0.537114 -0.38481 0.75062
v 0.596955 -0.278741 0.752295
v 0.52942 -0.240972 0.813417
v 0.525926 -0.317481 0.789055
v 0.35868 -0.32609 0.874651
v 0.331441 -0.517405 0.788948
v 0.194031 -0.485675 0.852333
v 0.271703 -0.395254 0.877469
v 0.701065 -0.690207 0.179228
v 0.416626 -0.63825 0.647349
v 0.453289 -0.676691 0.580188
v 0.426634 -0.768586 0.476718
v 0.488309 -0.768512 0.413454
v 0.524724 -0.816278 0.241568
v 0.449391 -0.853814 0.262772
v 0.115669 -0.538447 0.834683
v 0.142822 -0.725287 0.673469
v 0.34893 -0.747969 0.564614
v 0.380921 -0.693785 0.611197
v 0.268322 -0.948829 0.166517
v 0.185125 -0.977054 0.105328
v 0.989433 0.13396 0.0554696
v 0.965127 0.234863 -0.115624
v 0.98015 -0.170777 0.100705
v 0.990434 -0.132584 0.0382399
v 0.974653 -0.203374 -0.0932187
v 0.98242 0.12488 -0.138767
v 0.82456 -0.0188156 -0.565461
v 0.778587 0.0738822 -0.623173
v 0.751143 -0.644284 0.143816
v 0.710726 -0.698317 0.0849762
v 0.406448 -0.907693 0.104376
v 0.553292 -0.685521 -0.473211
v 0.509274 -0.795508 -0.32834
v 0.419201 -0.802964 -0.423698
v 0.294301 -0.778944 -0.553745
v 0.423818 -0.89831 -0.115834
v 0.403882 -0.913918 -0.0404123
v 0.180983 -0.92546 -0.332819
v 0.115607 -0.944035 -0.308921
v 0.479096 -0.609828 -0.631329
v 0.148476 -0.813066 -0.562919
v 0.0475351 -0.694756 -0.717673
v 0.14733 -0.643908 -0.750784
v 0.171725 -0.720046 -0.672343
v 0.728922 0.0411449 -0.68336
v 0.52333 0.0726804 -0.849025
v 0.719675 -0.184651 -0.669307
v 0.561501 -0.151196 -0.813545
v 0.472917 -0.0452286 -0.879946
v 0.436738 -0.168007 -0.883761
v 0.786254 -0.482514 -0.385986
v 0.724479 -0.612496 -0.316194
v 0.822499 -0.279125 -0.495565
v 0.765907 -0.365016 -0.529292
v 0.564656 -0.383245 -0.730949
v 0.597854 -0.335432 -0.72805
v 0.209766 -0.308466 -0.927818
v 0.278798 -0.541796 -0.792924
v 0.152529 -0.408062 -0.900123
v 0.162659 -0.490059 -0.856379
v 0.0909747 -0.446749 -0.890022
v 0.421875 0.0879905 -0.902374
v 0.498507 0.159545 -0.852078
v 0.488067 0.242893 -0.838328
v 0.43728 0.256082 -0.862095
v 0.218601 -0.0376984 -0.975086
v 0.397737 0.269155 -0.877132
v 0.394782 0.34401 -0.851941
v 0.0427098 -0.441063 -0.896459
v 0.0825021 -0.390937 -0.916713
v 0.0763501 -0.275102 -0.958379
v 0.141399 -0.177174 -0.973969
v 0.151255 0.0549287 -0.986967
v 0.0377517 0.239863 -0.970072
v 0.851972 0.419259 -0.313634
v 0.786397 0.547981 -0.285126
v 0.770562 0.616425 -0.162032
v 0.846512 0.52982 0.0520346
v 0.608592 0.382334 -0.695296
v 0.102791 0.413345 -0.904754
v 0.368961 0.695343 -0.616738
v 0.195727 0.797681 -0.570435
v 0.165739 0.851458 -0.497544
v 0.535268 0.844127 0.0306126
v 0.653685 0.647729 -0.391335
v 0.493667 0.847235 -0.196178
v 0.533195 0.816626 -0.220965
v 0.607634 0.730144 -0.312523
v 0.420567 0.795714 -0.435846
v 0.591286 0.763244 0.26046
v 0.552969 0.787614 0.271826
v 0.497856 0.831907 0.245091
v 0.31003 0.946333 -0.0912963
v 0.253729 0.963489 -0.0854992
v 0.383386 0.898729 0.212839
v -0.597529 0.232794 0.767311
v -0.644259 0.430818 0.631923
v -0.696787 0.35383 0.623932
v -0.598534 0.393501 0.697792
v -0.719174 0.525073 0.455069
v -0.66966 0.503644 0.5458
v -0.743055 0.631817 0.220625
v -0.485657 0.233153 0.842483
v -0.258434 0.156402 0.953284
v 0.0225992 0.21534 0.976278
v 0.0434529 0.233854 0.9713
v -0.0181236 0.380414 0.924639
v -0.377501 0.80747 0.453305
v -0.27212 0.816227 0.509632
v -0.221427 0.795642 0.563848
v -0.440557 0.495303 0.748722
v -0.461871 0.346499 0.816464
v -0.336884 0.438526 0.833189
v -0.305394 0.693357 0.65268
v -0.273861 0.636971 0.720602
v -0.234187 0.615376 0.752641
v -0.368497 0.646622 0.6679
v -0.219555 0.516841 0.827449
v -0.335636 0.891118 0.305381
v -0.342986 0.916186 0.207276
v -0.190876 0.86895 0.456609
v -0.288615 0.905632 0.310696
v -0.0758325 0.71683 0.693112
v -0.0620986 0.836335 0.54469
v -0.0253348 0.762185 0.646864
v -0.0923684 0.868395 0.487194
v 0.0205825 0.933669 0.357546
v -0.950706 0.245234 0.189785
v -0.941674 0.148461 0.302009
v -0.751768 -0.476625 0.455712
v -0.768015 0.120639 0.628967
v -0.766603 -0.570356 0.294981
v -0.578432 -0.789267 0.206091
v -0.65973 -0.658754 0.361661
v -0.605551 -0.671171 0.427594
v -0.354808 -0.864465 0.356106
v -0.364473 -0.81334 0.453472
v -0.453569 -0.630341 0.630036
v -0.0294495 -0.96329 0.266843
v 0.0138429 -0.914007 0.405462
v -0.267229 -0.771957 0.576777
v -0.133961 -0.923454 0.359564
v -0.316929 -0.583684 0.747576
v -0.150931 -0.729076 0.667584
v 0.00929623 -0.788381 0.615117
v -0.0222684 -0.527118 0.8495
v -0.63742 -0.0822979 0.766109
v -0.357991 -0.0187661 0.933536
v -0.539479 -0.507558 0.671824
v -0.326458 -0.217602 0.919823
v -0.527569 -0.352028 0.773141
v -0.412328 -0.431995 0.802101
v -0.445782 -0.531466 0.720294
v -0.314446 -0.518658 0.795058
v -0.100143 -0.390747 0.915034
v -0.187371 -0.490425 0.851102
v -0.132018 -0.486713 0.863529
v -0.054149 -0.430581 0.900926
v -0.00161008 -0.402254 0.915526
v -0.212507 -0.0519137 0.97578
v -0.215708 0.124099 0.96854
v -0.17332 -0.254072 0.951529
v -0.223008 -0.183995 0.957295
v -0.139991 -0.267547 0.953321
v -0.0350306 -0.0166084 0.999248
v -0.0175022 0.100105 0.994823
v 0.0644423 0.0690204 0.995532
v 0.0296713 0.0922437 0.995294
v -0.756357 0.198853 -0.623202
v -0.7907 0.1712 -0.587778
v -0.91428 0.113007 -0.389001
v -0.993019 0.111844 -0.0374851
v -0.976941 0.0548656 -0.206341
v -0.985828 -0.0911524 -0.140837
v -0.922655 -0.26532 -0.279846
v -0.934733 -0.336042 -0.115542
v -0.838564 -0.542268 0.0525064
v -0.51258 0.259258 -0.818564
v -0.489532 0.108387 -0.865223
v -0.292208 0.235266 -0.926965
v -0.438672 0.0368709 -0.897891
v -0.153047 0.262502 -0.952717
v -0.175743 0.067194 -0.98214
v -0.129062 0.00919438 -0.991594
v -0.198516 -0.219167 -0.955279
v -0.791389 -0.611066 -0.0173578
v -0.84977 -0.300363 -0.433212
v -0.715439 -0.639279 -0.281904
v -0.700159 0.0138135 -0.713854
v -0.631358 0.0643833 -0.772814
v -0.603271 0.0292495 -0.797
v -0.502162 -0.437181 -0.746128
v -0.412289 -0.273212 -0.869122
v -0.341743 -0.358471 -0.868741
v -0.253365 -0.613325 -0.74809
v -0.199092 -0.495731 -0.845348
v -0.734549 -0.677824 0.0314977
v -0.432871 -0.866097 -0.249999
v -0.399254 -0.91553 0.049005
v -0.281559 -0.671734 -0.685199
v -0.372773 -0.741768 -0.557513
v 0.00169967 -0.553194 -0.833051
v 0.0710923 -0.757234 -0.649263
v -0.313476 -0.895714 -0.315325
v -0.374511 -0.777396 -0.505369
v -0.149419 -0.958253 -0.243773
v -0.282371 -0.920045 -0.271633
v -0.184384 -0.858003 -0.47941
v -0.0218602 -0.944127 -0.328858
v -0.109488 -0.992077 0.0616133
v -0.833805 0.519596 0.186518
v -0.72652 0.685411 0.0487838
v -0.586449 0.801882 0.11429
v -0.663683 0.747672 0.0226067
v -0.872675 0.363023 -0.326576
v -0.800338 0.35721 -0.481518
v -0.684041 0.367395 -0.630165
v -0.401518 0.902999 0.152891
v -0.240733 0.95329 0.182444
v -0.151046 0.985853 -0.0726509
v -0.146776 0.988132 0.0453018
v -0.101504 0.987075 0.124013
v -0.166053 0.97242 -0.163784
v -0.0688167 0.992651 -0.0995369
v -0.696508 0.412373 -0.587219
v -0.54989 0.820172 -0.15792
v -0.400053 0.916127 -0.025877
v -0.353991 0.921727 -0.158463
v -0.281983 0.929557 -0.237506
v -0.203786 0.785342 -0.58456
v -0.168859 0.884922 -0.434051
v -0.121542 0.819847 -0.559534
v -0.42668 0.608315 -0.669251
v -0.301609 0.498319 -0.812841
v -0.114433 0.664897 -0.738117
v -0.145989 0.332187 -0.931847
v -0.00511956 0.533881 -0.845544
v -0.115777 0.400351 -0.909019
v 0.901578 0.296329 0.315191
v 0.831841 0.359213 0.423091
v 0.916766 0.228334 0.327724
v 0.868731 0.27548 0.411604
v 0.819051 0.479214 0.315452
v 0.741141 0.594595 0.311715
v 0.728221 0.570166 0.380269
v 0.760665 0.524553 0.382405
v 0.692612 0.638385 0.335787
v 0.709261 0.596304 0.375993
v 0.65156 0.67934 0.337589
v 0.697725 0.562531 0.443552
v 0.706377 0.464972 0.533698
v 0.695927 0.503516 0.512014
v 0.781556 0.252927 0.570262
v 0.809524 0.294875 0.50766
v 0.76438 0.301904 0.569718
v 0.722466 0.323573 0.611018
v 0.875908 0.346688 0.335548
v 0.849041 0.413584 0.328751
v 0.739909 0.465527 0.485612
v 0.663702 0.409329 0.626059
v 0.737168 0.260476 0.623487
v 0.764379 0.208268 0.610205
v 0.629694 0.468753 0.61948
v 0.670456 0.274754 0.689202
v 0.710782 0.198506 0.674821
v 0.606044 0.285134 0.74257
v 0.615707 0.674183 0.407899
v 0.530108 0.718987 0.449492
v 0.535027 0.686213 0.492806
v 0.444994 0.825725 0.346639
v 0.365963 0.838949 0.402784
v 0.392811 0.804695 0.445157
v 0.505755 0.705236 0.496845
v 0.470961 0.701511 0.534863
v 0.435556 0.734322 0.520636
v 0.420615 0.696346 0.581537
v 0.300281 0.877519 0.373886
v 0.105392 0.926069 0.362337
v 0.18107 0.86944 0.459661
v 0.133352 0.837803 0.529436
v 0.110838 0.894544 0.43302
v 0.273783 0.761354 0.587693
v 0.349961 0.813873 0.46383
v 0.303559 0.826928 0.473332
v 0.324372 0.848727 0.417667
v 0.275062 0.806072 0.524012
v 0.333094 0.666129 0.667323
v 0.280708 0.710142 0.645679
v 0.140046 0.711901 0.688174
v 0.520053 0.282481 0.806071
v 0.621646 0.351724 0.69989
v 0.561698 0.318099 0.763747
v 0.607386 0.423216 0.672287
v 0.481177 0.39644 0.781859
v 0.449646 0.34391 0.824345
v 0.606654 0.518235 0.602829
v 0.586625 0.562508 0.582628
v 0.612191 0.720772 0.325131
v 0.567252 0.684208 0.458349
v 0.516204 0.663007 0.542177
v 0.468396 0.649254 0.599228
v 0.394805 0.424526 0.814805
v 0.50698 0.515397 0.690896
v 0.413865 0.563545 0.714936
v 0.456434 0.507185 0.731048
v 0.474186 0.56011 0.679282
v 0.39033 0.62259 0.678251
v 0.312441 0.417593 0.853227
v 0.350529 0.453334 0.819523
v 0.356054 0.557993 0.74958
v 0.307757 0.603831 0.735306
v 0.252168 0.501875 0.827365
v 0.241846 0.585374 0.773853
v 0.217145 0.634596 0.741711
v 0.52923 0.126802 0.83895
v 0.503147 0.16419 0.84846
v 0.451521 0.182137 0.873473
v 0.363922 0.169171 0.915938
v 0.418889 0.238741 0.87609
v 0.264996 0.163502 0.950286
v 0.276725 0.0969678 0.956044
v 0.209399 0.435679 0.875406
v 0.0935031 0.540503 0.83613
v 0.101927 0.475712 0.873676
v 0.182029 0.176873 0.967255
v 0.131073 0.271927 0.95335
v 0.184035 0.23754 0.953785
v 0.148566 0.127998 0.980584
v 0.0954943 0.118358 0.988368
v 0.956373 0.139103 0.256908
v 0.921117 0.144542 0.361457
v 0.970221 0.0462865 0.237757
v 0.757752 0.130099 0.639442
v 0.808446 -0.00851077 0.588509
v 0.665929 0.117244 0.736744
v 0.583707 0.110704 0.804382
v 0.764154 -0.0732051 0.640867
v 0.690999 -0.0174829 0.722644
v 0.632939 -0.060063 0.771869
v 0.703947 -0.0840919 0.705257
v 0.901895 -0.00942272 0.431852
v 0.908451 0.0663584 0.412691
v 0.875461 0.121797 0.46769
v 0.886116 -0.0704457 0.458078
v 0.865759 0.036052 0.499161
v 0.962252 -0.0931495 0.255722
v 0.891296 -0.173232 0.419026
v 0.913177 -0.128758 0.38669
v 0.923984 -0.226647 0.308034
v 0.923605 -0.272224 0.269904
v 0.815796 -0.196858 0.543805
v 0.83125 -0.233925 0.504285
v 0.910868 -0.316369 0.265009
v 0.85134 -0.282841 0.441839
v 0.887348 -0.357823 0.290818
v 0.819492 -0.485814 0.304002
v 0.826128 -0.507205 0.245471
v 0.415072 0.0427811 0.908782
v 0.315493 0.0624362 0.946871
v 0.389223 -0.0166465 0.920993
v 0.394509 -0.0777743 0.915595
v 0.290915 -0.053874 0.955231
v 0.380216 -0.126237 0.916242
v 0.332807 -0.120206 0.935302
v 0.118346 0.0529659 0.991559
v 0.260589 -0.15139 0.953506
v 0.0758704 -0.0475452 0.995983
v 0.226828 -0.175336 0.958022
v 0.185714 -0.182876 0.965436
v 0.175666 -0.24762 0.952799
v 0.0405011 -0.154157 0.987216
v 0.127334 -0.271103 0.954091
v 0.136207 -0.204298 0.969387
v 0.0921136 -0.16209 0.982467
v 0.136134 -0.381872 0.914134
v 0.0316027 -0.276755 0.960421
v 0.104423 -0.353578 0.929558
v 0.0661263 -0.345622 0.936041
v 0.04687 -0.390439 0.919435
v 0.785218 -0.536812 0.308651
v 0.772928 -0.423353 0.472603
v 0.65777 -0.58423 0.475409
v 0.731431 -0.351879 0.584115
v 0.717348 -0.481154 0.503888
v 0.578115 -0.587712 0.566019
v 0.562784 -0.4826 0.671097
v 0.520166 -0.501577 0.691265
v 0.592952 -0.551041 0.587164
v 0.495704 -0.606127 0.622003
v 0.581756 -0.0523216 0.811679
v 0.549894 -0.161544 0.819464
v 0.532208 0.0114858 0.846536
v 0.503553 -0.111594 0.856727
v 0.537694 -0.049804 0.841668
v 0.489946 -0.0290763 0.871268
v 0.426842 -0.142525 0.893024
v 0.483109 -0.18609 0.855556
v 0.392065 -0.221815 0.892795
v 0.37041 -0.555725 0.744289
v 0.435608 -0.515072 0.738205
v 0.531754 -0.453891 0.714997
v 0.391589 -0.500986 0.771797
v 0.44018 -0.423387 0.791824
v 0.403466 -0.453161 0.794896
v 0.608319 -0.348065 0.713301
v 0.56703 -0.332825 0.753461
v 0.394053 -0.360495 0.845438
v 0.459368 -0.24808 0.852899
v 0.409044 -0.25247 0.876893
v 0.379552 -0.280052 0.881766
v 0.374127 -0.246432 0.894036
v 0.336373 -0.593434 0.731225
v 0.353836 -0.418675 0.836368
v 0.250517 -0.476282 0.842851
v 0.322998 -0.212912 0.922139
v 0.290256 -0.232141 0.928365
v 0.279279 -0.283528 0.917396
v 0.316944 -0.420417 0.850174
v 0.232761 -0.43116 0.871736
v 0.129368 -0.446201 0.885533
v 0.797796 -0.55485 0.23593
v 0.779791 -0.595202 0.194065
v 0.655226 -0.630532 0.416062
v 0.577886 -0.618517 0.532434
v 0.478282 -0.719793 0.503134
v 0.611436 -0.68832 0.390336
v 0.417509 -0.809275 0.413231
v 0.63909 -0.740492 0.207934
v 0.455832 -0.816855 0.353505
v 0.406276 -0.843563 0.351199
v 0.34075 -0.642544 0.686314
v 0.0815341 -0.767516 0.635823
v 0.378634 -0.800386 0.464778
v 0.378646 -0.77094 0.512132
v 0.412117 -0.731456 0.54326
v 0.307251 -0.712649 0.630658
v 0.249734 -0.737228 0.627796
v 0.18241 -0.84307 0.505924
v 0.270037 -0.845033 0.461518
v 0.113217 -0.867898 0.483668
v 0.0146152 -0.861468 0.507601
v 0.240198 -0.916238 0.320644
v 0.169917 -0.930007 0.325907
v 0.0603307 -0.939184 0.338074
v 0.134296 -0.9675 0.214262
v 0.124807 -0.982908 0.135336
v 0.993134 0.0470152 0.10712
v 0.979756 0.169579 0.106403
v 0.985203 0.162851 -0.0534241
v 0.969737 -0.170641 0.174619
v 0.972658 -0.115852 0.201285
v 0.93751 -0.330937 0.107498
v 0.823111 -0.54364 0.164148
v 0.856529 -0.481743 0.185152
v 0.862722 -0.495098 0.102899
v 0.918529 -0.393575 0.0374503
v 0.98547 -0.165948 -0.0361849
v 0.963163 -0.237804 0.125565
v 0.962761 -0.269284 0.0240137
v 0.943357 -0.331767 0.00286523
v 0.994118 -0.101182 -0.0386307
v 0.963491 -0.207533 -0.169162
v 0.94462 -0.258031 -0.202763
v 0.998245 -0.0442709 0.039338
v 0.957239 -0.0232912 -0.288359
v 0.944128 0.257417 -0.205811
v 0.932342 0.129906 -0.337435
v 0.91315 0.196419 -0.35718
v 0.944181 -0.089584 -0.317011
v 0.918378 -0.186599 -0.348946
v 0.927251 -0.0159793 -0.374099
v 0.9103 0.0659094 -0.408669
v 0.875171 -0.00311738 -0.483804
v 0.812984 0.151443 -0.562248
v 0.748826 0.242314 -0.616882
v 0.69238 0.231898 -0.683252
v 0.670918 -0.729665 0.132129
v 0.443544 -0.882735 0.155075
v 0.669915 -0.737882 0.0821229
v 0.667067 -0.744972 0.00623528
v 0.622057 -0.770062 -0.141599
v 0.659277 -0.733629 -0.16475
v 0.705996 -0.69301 -0.145972
v 0.655749 -0.701063 -0.280185
v 0.572165 -0.797827 -0.189995
v 0.601664 -0.733558 -0.316059
v 0.609301 -0.651342 -0.452223
v 0.355863 -0.934509 0.0073239
v 0.114155 -0.990188 0.0805972
v 0.229116 -0.973397 0.00200988
v 0.136224 -0.990466 -0.0204899
v 0.552924 -0.758687 -0.344484
v 0.471005 -0.793727 -0.384905
v 0.237138 -0.805431 -0.543181
v 0.472858 -0.86787 -0.152338
v 0.461029 -0.884808 -0.0675845
v 0.393853 -0.881374 -0.260881
v 0.445909 -0.864215 -0.233017
v 0.411563 -0.892457 -0.184759
v 0.165887 -0.878135 -0.448732
v 0.100741 -0.920656 -0.377151
v 0.362348 -0.695172 -0.620838
v 0.423544 -0.631928 -0.649059
v 0.359827 -0.624076 -0.69358
v 0.304661 -0.65774 -0.688883
v 0.25805 -0.62157 -0.739635
v 0.236276 -0.728316 -0.643218
v 0.129222 -0.574474 -0.808258
v 0.0741692 -0.501235 -0.862127
v 0.0511677 -0.533456 -0.844279
v 0.592562 0.164302 -0.788591
v 0.543369 0.0866469 -0.83501
v 0.534749 0.121067 -0.836293
v 0.787924 -0.0554568 -0.613271
v 0.866601 -0.16652 -0.470397
v 0.831903 -0.21935 -0.509728
v 0.715889 -0.124575 -0.687011
v 0.84061 -0.0889863 -0.534281
v 0.517106 0.00756022 -0.855888
v 0.511349 -0.0767001 -0.855944
v 0.735934 -0.0274949 -0.676495
v 0.623781 -0.0723148 -0.778247
v 0.562754 -0.105332 -0.819886
v 0.606301 -0.145104 -0.781885
v 0.45637 -0.0936013 -0.884853
v 0.576841 -0.186692 -0.795236
v 0.34056 -0.194599 -0.919864
v 0.922882 -0.263139 -0.281152
v 0.923399 -0.319057 -0.213392
v 0.852707 -0.322604 -0.410874
v 0.865941 -0.499984 0.0127196
v 0.896842 -0.441656 -0.0248048
v 0.866721 -0.492761 -0.0773419
v 0.825253 -0.561915 0.056646
v 0.857575 -0.484773 -0.171932
v 0.830494 -0.543326 -0.122785
v 0.789513 -0.594901 -0.150869
v 0.762764 -0.56934 -0.306663
v 0.677048 -0.625097 -0.388407
v 0.563809 -0.241334 -0.789859
v 0.487624 -0.293575 -0.822214
v 0.419466 -0.340805 -0.841368
v 0.867874 -0.241317 -0.434235
v 0.807449 -0.337586 -0.4838
v 0.550471 -0.310692 -0.774889
v 0.607252 -0.285471 -0.741452
v 0.630666 -0.373611 -0.680202
v 0.733952 -0.430365 -0.525453
v 0.454145 -0.426182 -0.782382
v 0.50067 -0.461558 -0.732321
v 0.653535 -0.484515 -0.581496
v 0.522033 -0.514814 -0.680036
v 0.528197 -0.619745 -0.580451
v 0.293093 -0.266277 -0.918256
v 0.327928 -0.342545 -0.880412
v 0.245537 -0.270392 -0.930913
v 0.40852 -0.47523 -0.779274
v 0.352225 -0.498343 -0.792207
v 0.368379 -0.41986 -0.829466
v 0.201638 -0.464857 -0.86212
v 0.209778 -0.517003 -0.82988
v 0.167415 -0.446976 -0.87874
v 0.499232 0.118643 -0.858307
v 0.532168 0.228791 -0.815139
v 0.519667 0.188737 -0.833262
v 0.491635 0.201347 -0.847204
v 0.453203 0.216381 -0.864747
v 0.473254 0.283608 -0.834025
v 0.432756 0.298871 -0.850529
v 0.424118 -0.0293664 -0.90513
v 0.461255 0.0559115 -0.885504
v 0.378236 0.0475204 -0.924489
v 0.343697 0.139668 -0.928636
v 0.332772 0.087695 -0.938921
v 0.273959 0.0700283 -0.959188
v 0.342822 0.271822 -0.899214
v 0.250851 0.139608 -0.957906
v 0.242284 0.211668 -0.946834
v 0.219024 -0.144962 -0.964891
v 0.210311 -0.193567 -0.95828
v 0.212147 -0.164028 -0.963373
v 0.141555 -0.348325 -0.926624
v 0.114899 -0.389603 -0.913788
v 0.0294027 -0.469549 -0.882417
v 0.0557166 -0.378851 -0.923779
v 0.0377092 -0.298778 -0.953577
v 0.131192 -0.133363 -0.982346
v 0.0625256 -0.201617 -0.977467
v 0.0916561 -0.0630285 -0.993794
v 0.0168801 -0.0866273 -0.996098
v 0.163251 0.259776 -0.95177
v 0.188965 0.151668 -0.970201
v 0.109131 0.155979 -0.981713
v 0.134559 -0.0753333 -0.988038
v -0.0180799 0.118609 -0.992776
v 0.912503 0.375969 0.161198
v 0.902946 0.428466 0.0332295
v 0.859152 0.247877 -0.447678
v 0.775508 0.279789 -0.565955
v 0.707411 0.273201 -0.651867
v 0.773864 0.322664 -0.544998
v 0.759888 0.360578 -0.540882
v 0.863247 0.458512 0.21112
v 0.878697 0.471737 -0.0731873
v 0.742283 0.657677 -0.12836
v 0.766297 0.64116 0.0412655
v 0.715755 0.695542 0.0625822
v 0.790786 0.601088 0.115546
v 0.712046 0.679042 0.178587
v 0.672022 0.713261 0.199113
v 0.645591 0.704728 0.29423
v 0.56717 0.316102 -0.760524
v 0.3924 0.398713 -0.828885
v 0.558439 0.446366 -0.699216
v 0.50772 0.535426 -0.674937
v 0.0459846 0.395865 -0.917157
v 0.126362 0.46337 -0.877109
v 0.319179 0.607713 -0.727193
v 0.388218 0.508745 -0.768418
v 0.269498 0.509637 -0.817093
v 0.176774 0.504155 -0.845327
v 0.456917 0.667729 -0.587677
v 0.296165 0.742268 -0.601103
v 0.268539 0.784277 -0.559281
v 0.677265 0.724144 0.130102
v 0.640514 0.759419 0.114127
v 0.663112 0.737815 -0.126141
v 0.644978 0.759031 -0.0887424
v 0.629046 0.775485 0.0540805
v 0.557247 0.817687 -0.144444
v 0.514199 0.851956 -0.0988443
v 0.521965 0.839803 -0.149274
v 0.714083 0.378162 -0.589134
v 0.756707 0.44172 -0.481952
v 0.670408 0.360192 -0.648702
v 0.703842 0.629486 -0.329171
v 0.683093 0.606472 -0.40691
v 0.7796 0.5172 -0.353167
v 0.743477 0.5077 -0.435297
v 0.592809 0.667324 -0.450841
v 0.52298 0.668858 -0.528319
v 0.583423 0.600292 -0.547053
v 0.479148 0.841042 -0.251129
v 0.534769 0.791283 -0.296468
v 0.489891 0.817285 -0.303401
v 0.64496 0.743999 -0.174622
v 0.630936 0.762615 -0.142612
v 0.619239 0.760828 -0.194123
v 0.472324 0.776099 -0.417829
v 0.449724 0.866992 -0.214647
v 0.416461 0.823867 -0.384452
v 0.38419 0.894234 -0.22966
v 0.309953 0.915513 -0.256448
v 0.455656 0.809344 -0.370594
v 0.363003 0.836983 -0.409497
v 0.350794 0.780331 -0.517713
v 0.343305 0.879449 -0.329713
v 0.424377 0.849466 -0.313548
v 0.309029 0.865015 -0.395285
v 0.227442 0.941984 -0.246851
v 0.150677 0.882072 -0.44637
v 0.201481 0.878977 -0.432209
v 0.531434 0.81167 0.242424
v 0.433611 0.901092 0.00366785
v 0.449407 0.89056 0.070254
v 0.418814 0.852063 0.313981
v 0.426674 0.871253 0.242626
v 0.34208 0.920514 -0.188773
v 0.293943 0.940159 -0.172332
v 0.276622 0.952604 -0.126592
v 0.180849 0.974701 -0.131345
v 0.0675389 0.982721 -0.172333
v 0.226973 0.972367 0.0546386
v 0.323071 0.919115 0.225508
v 0.387496 0.910316 0.145505
v 0.357603 0.928242 0.102403
v 0.409782 0.910679 0.0523708
v 0.390712 0.920433 -0.012108
v 0.29399 0.955662 -0.0167477
v 0.348376 0.92205 0.168693
v 0.279211 0.958327 0.0604191
v 0.244607 0.969548 -0.0120124
v 0.279118 0.907461 0.314019
v 0.231177 0.942714 0.240514
v 0.174667 0.969514 0.171853
v 0.168917 0.947031 0.273127
v 0.105661 0.971314 0.213037
v 0.116928 0.945217 0.304784
v -0.860854 0.355998 0.363587
v -0.783776 0.224022 0.579231
v -0.769734 0.338898 0.540978
v -0.729553 0.280525 0.623745
v -0.595257 0.324678 0.73502
v -0.641343 0.357574 0.678837
v -0.533041 0.391747 0.749934
v -0.55179 0.508026 0.661391
v -0.706133 0.644035 0.294269
v -0.722233 0.584819 0.369278
v -0.818395 0.422938 0.389041
v -0.767357 0.439694 0.466725
v -0.718875 0.475048 0.507492
v -0.69311 0.692287 0.20084
v -0.641675 0.606566 0.469394
v -0.640286 0.706821 0.300728
v -0.653688 0.646339 0.393622
v -0.58167 0.757189 0.297196
v -0.50105 0.770513 0.394028
v -0.535146 0.809986 0.23988
v -0.486453 0.847584 0.212051
v -0.392748 0.296556 0.870519
v -0.347202 0.210262 0.913915
v -0.331871 0.366476 0.869228
v -0.218133 0.171072 0.960808
v -0.141512 0.143689 0.979453
v -0.199709 0.211226 0.956818
v -0.308541 0.287676 0.906667
v -0.185289 0.407597 0.894166
v 0.0313263 0.147723 0.988532
v -0.00933149 0.175325 0.984466
v -0.0957718 0.420518 0.902215
v -0.186454 0.323996 0.927503
v -0.178257 0.258774 0.949347
v -0.10296 0.215542 0.971052
v -0.110738 0.165509 0.979971
v -0.0217308 0.238388 0.970927
v -0.123029 0.284296 0.95081
v -0.109424 0.506245 0.855419
v 0.0469808 0.473486 0.879547
v -0.431786 0.840149 0.328194
v -0.48786 0.651224 0.581292
v -0.437029 0.80478 0.401666
v -0.420343 0.774605 0.472546
v -0.436625 0.722601 0.535917
v -0.332131 0.792176 0.512001
v -0.285649 0.765706 0.576281
v -0.528268 0.570481 0.628875
v -0.396585 0.392768 0.829731
v -0.397929 0.523546 0.75336
v -0.456562 0.43227 0.777621
v -0.340207 0.510874 0.789473
v -0.23034 0.670662 0.705093
v -0.460607 0.611941 0.642938
v -0.281041 0.569749 0.77227
v -0.179508 0.629668 0.75584
v -0.162728 0.698984 0.696377
v -0.0906608 0.535714 0.839519
v -0.0641781 0.650101 0.757133
v -0.371062 0.85153 0.370419
v -0.253956 0.857235 0.447944
v -0.173026 0.829556 0.530941
v -0.307381 0.918164 0.249983
v -0.252738 0.906432 0.338384
v -0.292915 0.879987 0.373931
v -0.228596 0.891416 0.391307
v -0.217952 0.943757 0.248636
v -0.136321 0.89366 0.427538
v -0.158582 0.950082 0.268693
v -0.145843 0.93204 0.331708
v -0.149525 0.774931 0.614104
v 0.022908 0.761965 0.647213
v -0.00464709 0.813859 0.581043
v 0.0808491 0.788139 0.610164
v -0.0725174 0.90883 0.410815
v -0.0326468 0.936339 0.349577
v 0.0661915 0.934929 0.348606
v -0.907067 0.260318 0.330854
v -0.983417 0.00915565 0.181128
v -0.91393 0.0644749 0.400718
v -0.897118 -0.21386 0.386578
v -0.88681 -0.380357 0.262483
v -0.841644 -0.438953 0.314572
v -0.830624 -0.34797 0.434719
v -0.855267 -0.192483 0.481112
v -0.751586 -0.216451 0.623112
v -0.702732 -0.276325 0.655601
v -0.799689 0.0667193 0.596696
v -0.831697 0.0193194 0.554894
v -0.881431 -0.0220999 0.471796
v -0.748622 -0.00335361 0.662989
v -0.691234 -0.0820862 0.717954
v -0.678184 -0.0316249 0.734211
v -0.678084 0.0220165 0.734655
v -0.718996 0.200361 0.665507
v -0.60423 0.128132 0.78644
v -0.728046 -0.625012 0.281618
v -0.661179 -0.729187 0.176431
v -0.625065 -0.735247 0.262118
v -0.620257 -0.707864 0.33795
v -0.455369 -0.874324 0.167918
v -0.460127 -0.837046 0.296038
v -0.306893 -0.889905 0.337471
v -0.35774 -0.842291 0.403197
v -0.564611 -0.730678 0.383828
v -0.412153 -0.828241 0.379668
v -0.448613 -0.724969 0.522653
v -0.376142 -0.756754 0.534641
v -0.489001 -0.671679 0.55653
v -0.416725 -0.693343 0.587891
v -0.381761 -0.651561 0.655535
v -0.179457 -0.980477 0.0803718
v -0.197637 -0.948874 0.246125
v -0.120761 -0.97475 0.187829
v -0.0442234 -0.927937 0.370104
v -0.297729 -0.803302 0.515813
v -0.104983 -0.883573 0.456373
v -0.211588 -0.711034 0.670568
v -0.221944 -0.61671 0.755255
v -0.0513125 -0.775757 0.628941
v -0.0648909 -0.641369 0.764483
v -0.0972877 -0.743455 0.661671
v -0.500384 0.0450493 0.864631
v -0.63026 -0.0120829 0.77629
v -0.588425 -0.142857 0.795831
v -0.516545 -0.139821 0.844767
v -0.491616 -0.23138 0.83951
v -0.431083 -0.0586246 0.900406
v -0.39268 -0.112059 0.912823
v -0.329473 -0.135449 0.934399
v -0.746039 -0.379915 0.546892
v -0.70348 -0.428997 0.566637
v -0.742625 -0.310128 0.593573
v -0.611748 -0.405045 0.679487
v -0.662417 -0.417793 0.621814
v -0.738845 -0.432574 0.516708
v -0.706939 -0.474517 0.524472
v -0.731284 -0.555093 0.396352
v -0.625831 -0.60878 0.487568
v -0.493713 -0.496566 0.713912
v -0.525669 -0.60565 0.597378
v -0.489639 -0.56009 0.668247
v -0.36308 -0.32098 0.874725
v -0.333318 -0.377562 0.863913
v -0.317366 -0.301654 0.899046
v -0.40207 -0.349693 0.8462
v -0.545785 -0.247228 0.800623
v -0.512782 -0.298472 0.804966
v -0.582804 -0.294803 0.757252
v -0.56767 -0.375572 0.732596
v -0.502648 -0.425531 0.752508
v -0.355067 -0.427748 0.831239
v -0.353692 -0.472768 0.807089
v -0.448117 -0.483441 0.751981
v -0.411913 -0.586086 0.697732
v -0.204016 -0.242875 0.948361
v -0.26462 -0.403224 0.876006
v -0.260227 -0.510394 0.819622
v -0.366965 -0.577998 0.728873
v -0.268006 -0.557144 0.78598
v -0.184405 -0.436158 0.880773
v -0.0826756 -0.558985 0.825046
v -0.0971214 -0.445856 0.88982
v -0.0513042 -0.379289 0.923855
v -0.0661408 -0.488005 0.870331
v -0.00914386 -0.471209 0.881974
v 0.057582 -0.453517 0.889385
v -0.434002 0.190597 0.88052
v -0.293389 0.119945 0.948439
v -0.359695 0.0323909 0.932508
v -0.261874 -0.049078 0.963853
v -0.293801 0.0783229 0.952652
v -0.168482 0.100944 0.980522
v -0.177113 -0.215152 0.960386
v -0.156037 -0.23669 0.958974
v -0.136348 -0.207234 0.968743
v -0.0771828 -0.335542 0.938858
v -0.0240754 -0.332609 0.942758
v 0.0228619 -0.350004 0.936469
v 0.0113298 -0.3084 0.951189
v -0.0539219 -0.229494 0.971815
v -0.0604071 -0.283486 0.957072
v -0.0837922 -0.173328 0.981293
v -0.0180756 -0.18055 0.9834
v -0.10086 0.08718 0.991074
v -0.159736 -0.105617 0.981494
v -0.18441 -0.0786118 0.9797
v 0.0235007 0.0390596 0.99896
v -0.960345 0.264547 -0.0880445
v -0.977211 0.191295 0.0920097
v -0.929348 0.320797 -0.182763
v -0.842581 0.271353 -0.465215
v -0.822006 0.21898 -0.525694
v -0.689046 0.283876 -0.666806
v -0.86805 0.102599 -0.48576
v -0.836953 0.158051 -0.523956
v -0.818932 0.105992 -0.564018
v -0.876218 -0.064426 -0.477589
v -0.953364 0.248753 -0.170939
v -0.975666 0.163678 -0.145895
v -0.950063 0.133992 -0.281827
v -0.988927 -0.0136824 -0.147768
v -0.971218 -0.158186 0.178082
v -0.958081 -0.263439 0.112611
v -0.894415 -0.237362 -0.379053
v -0.95522 -0.210361 -0.208092
v -0.939156 -0.28597 -0.190284
v -0.941216 -0.335143 0.0423221
v -0.921161 -0.328635 0.208475
v -0.939007 -0.321521 0.122026
v -0.903718 -0.393057 0.169703
v -0.888216 -0.459392 0.00560337
v -0.627411 0.309868 -0.714378
v -0.567775 0.296775 -0.767826
v -0.597955 0.242965 -0.763817
v -0.585502 0.196941 -0.786385
v -0.560705 0.217964 -0.798813
v -0.499381 0.171955 -0.849146
v -0.538322 0.120738 -0.834045
v -0.563437 0.123154 -0.816928
v -0.513463 0.139034 -0.846773
v -0.508829 0.0795244 -0.857187
v -0.356298 0.286861 -0.889249
v -0.347461 0.234252 -0.907963
v -0.222455 0.414088 -0.882635
v -0.439015 0.151343 -0.885642
v -0.370111 0.0929057 -0.92433
v -0.434565 0.230683 -0.870597
v -0.412954 0.186509 -0.89145
v -0.396123 0.128329 -0.909185
v -0.280408 0.127546 -0.951369
v -0.458646 0.0151078 -0.888491
v -0.514273 0.0193411 -0.857408
v -0.433029 -0.0711189 -0.89857
v -0.485471 -0.0879928 -0.869813
v -0.262212 0.0333896 -0.964432
v -0.370048 0.014358 -0.928902
v -0.0523358 0.221269 -0.973808
v -0.11579 0.218093 -0.969035
v -0.0875693 0.139362 -0.986362
v -0.0172268 0.171365 -0.985057
v -0.0398748 0.0771157 -0.996224
v -0.0241198 0.0145654 -0.999603
v -0.295536 -0.160764 -0.941708
v -0.259732 -0.0340001 -0.965082
v -0.0289479 -0.0484122 -0.998408
v -0.153911 -0.281496 -0.947138
v -0.119897 -0.331116 -0.935942
v -0.0176623 -0.174074 -0.984574
v -0.0481179 -0.204225 -0.977741
v -0.00446246 -0.328573 -0.944468
v -0.0511685 -0.360207 -0.931468
v -0.0556683 -0.311703 -0.948547
v -0.103318 -0.398774 -0.911211
v 0.00591322 -0.40871 -0.912645
v -0.734141 -0.672815 -0.0914118
v -0.885335 -0.31294 -0.343876
v -0.805786 -0.460691 -0.37212
v -0.853045 -0.479079 -0.206877
v -0.735654 -0.580039 -0.349811
v -0.625113 -0.621752 -0.471866
v -0.486747 -0.652271 -0.58105
v -0.816063 -0.069872 -0.573723
v -0.76777 -0.00519437 -0.640705
v -0.785756 -0.143827 -0.601582
v -0.747297 -0.219342 -0.627246
v -0.653758 -0.173725 -0.736492
v -0.699136 0.128416 -0.703362
v -0.675474 0.0887018 -0.732029
v -0.673399 -0.10817 -0.731322
v -0.661626 -0.0672336 -0.746813
v -0.67121 -0.0291176 -0.740695
v -0.636967 -0.0412789 -0.769785
v -0.528913 -0.161624 -0.833144
v -0.510867 -0.1249 -0.850538
v -0.496091 -0.183003 -0.848766
v -0.37998 -0.209819 -0.900884
v -0.436469 -0.630171 -0.642167
v -0.653242 -0.474784 -0.589792
v -0.715776 -0.432977 -0.5479
v -0.795112 -0.283333 -0.536209
v -0.722042 -0.306911 -0.62005
v -0.562029 -0.322475 -0.761665
v -0.678891 -0.386851 -0.624062
v -0.664693 -0.322591 -0.673883
v -0.607409 -0.430083 -0.667894
v -0.594994 -0.244763 -0.765554
v -0.34947 -0.291197 -0.890547
v -0.522785 -0.274556 -0.807041
v -0.465901 -0.237085 -0.852483
v -0.40076 -0.676683 -0.61765
v -0.342614 -0.660051 -0.668542
v -0.390192 -0.551383 -0.737378
v -0.339774 -0.50635 -0.792568
v -0.268574 -0.277925 -0.922294
v -0.286848 -0.327256 -0.900345
v -0.176979 -0.386722 -0.905055
v -0.151816 -0.443689 -0.883228
v -0.607566 -0.791254 0.0691393
v -0.628131 -0.749466 -0.209169
v -0.525292 -0.810035 -0.260598
v -0.416285 -0.76694 -0.488376
v -0.448104 -0.794212 -0.410402
v -0.474783 -0.840861 -0.259874
v -0.505938 -0.768423 -0.391857
v -0.595207 -0.798068 -0.0938897
v -0.494751 -0.868788 0.0207047
v -0.458191 -0.878192 -0.137257
v -0.427186 -0.903295 -0.0396246
v -0.346869 -0.931811 -0.106816
v -0.330468 -0.704335 -0.628254
v -0.303518 -0.749942 -0.587762
v -0.234244 -0.705935 -0.66842
v -0.239749 -0.749911 -0.616566
v -0.17499 -0.766998 -0.617327
v 0.0169431 -0.507465 -0.861506
v -0.132301 -0.743326 -0.655715
v -0.154813 -0.676928 -0.719584
v -0.100517 -0.710298 -0.696687
v -0.0462913 -0.672096 -0.739016
v -0.0182889 -0.727522 -0.685841
v -0.0819871 -0.827882 -0.554878
v -0.0389634 -0.848253 -0.528157
v -0.247437 -0.968315 0.0337737
v -0.258016 -0.954775 -0.147758
v -0.148686 -0.981653 -0.119372
v -0.30029 -0.827247 -0.474856
v -0.332444 -0.785243 -0.522374
v -0.205673 -0.809166 -0.550408
v -0.116944 -0.976638 -0.180283
v -0.244818 -0.944454 -0.219249
v -0.226914 -0.928916 -0.292617
v -0.171465 -0.89445 -0.412988
v -0.0773704 -0.862491 -0.500124
v -0.0712231 -0.948924 -0.30736
v 0.048943 -0.954972 -0.29263
v 0.023344 -0.921103 -0.388619
v -0.108627 -0.986993 -0.118508
v -0.00754082 -0.975581 -0.21951
v -0.00197611 -0.996021 0.0891022
v -0.0864803 -0.993658 -0.0718651
v -0.00731716 -0.99991 0.0112606
v 0.0585224 -0.997405 0.0419437
v 0.0651463 -0.988292 0.13797
v -0.813003 0.580549 0.0445989
v -0.860796 0.507013 0.0443626
v -0.92856 0.365909 -0.0623462
v -0.761476 0.635071 0.129763
v -0.765666 0.642877 0.0215569
v -0.678505 0.729492 -0.0864407
v -0.882949 0.466765 -0.0503219
v -0.785176 0.614305 -0.0782765
v -0.719687 0.679569 -0.142256
v -0.695404 0.683025 -0.223359
v -0.887213 0.426558 -0.175784
v -0.853549 0.31467 -0.415256
v -0.735416 0.527048 -0.425892
v -0.791126 0.45823 -0.405147
v -0.825738 0.491213 -0.27725
v -0.734885 0.362771 -0.573011
v -0.713483 0.32151 -0.622554
v -0.672574 0.328767 -0.66299
v -0.441134 0.876029 0.194868
v -0.383585 0.899913 0.207411
v -0.362391 0.917203 0.165566
v -0.37497 0.922018 0.0963384
v -0.18793 0.961881 0.198662
v -0.189034 0.975662 0.111128
v -0.176718 0.981266 0.0767257
v -0.354875 0.934726 0.018707
v -0.256827 0.965159 0.0500788
v -0.256626 0.959484 0.116336
v -0.216311 0.972375 0.087733
v -0.211664 0.976724 0.034775
v -0.293205 0.949165 -0.114528
v -0.00350731 0.953872 0.300194
v -0.0240711 0.973248 0.228494
v 0.0897592 0.941495 0.324854
v 0.0353286 0.979755 0.197059
v -0.196207 0.980399 -0.017931
v -0.177383 0.983778 0.0267572
v -0.139488 0.986035 0.0909862
v -0.114647 0.993313 0.0136081
v -0.0896708 0.995368 -0.0346726
v -0.15737 0.977182 0.142656
v -0.110987 0.975326 0.190842
v -0.0689624 0.98091 0.181825
v -0.0572507 0.998081 0.0235756
v -0.116987 0.990779 0.0683487
v -0.084463 0.993948 0.0702337
v 0.042522 0.998728 0.0270832
v -0.231008 0.952029 -0.20069
v -0.12447 0.983529 -0.131065
v -0.0578228 0.981288 -0.18366
v -0.169121 0.952109 -0.254727
v -0.112414 0.976761 -0.182488
v -0.00332673 0.996622 -0.0820532
v 0.104208 0.993978 -0.03388
v -0.0147282 0.973089 -0.22996
v 0.0380773 0.955478 -0.292595
v 0.00817749 0.920625 -0.390363
v -0.634427 0.416045 -0.651467
v -0.637677 0.557732 -0.531322
v -0.718725 0.588034 -0.371013
v -0.693876 0.638586 -0.332782
v -0.6597 0.631181 -0.40793
v -0.687883 0.668106 -0.283641
v -0.637042 0.68885 -0.345924
v -0.575967 0.576049 -0.580026
v -0.592229 0.612607 -0.523428
v -0.52739 0.636737 -0.562517
v -0.499616 0.699902 -0.510413
v -0.453032 0.682141 -0.573973
v -0.58371 0.797875 -0.150596
v -0.56476 0.789583 -0.24001
v -0.50033 0.851078 -0.159173
v -0.486493 0.833172 -0.262963
v -0.514997 0.856362 0.0377219
v -0.483847 0.87442 -0.0358061
v -0.451674 0.87873 -0.154352
v -0.538889 0.838568 -0.0800148
v -0.472767 0.875671 -0.0984461
v -0.443231 0.894978 -0.0506016
v -0.455557 0.860888 -0.226582
v -0.41228 0.905 -0.104881
v -0.413015 0.89352 -0.176182
v -0.387278 0.892948 -0.229477
v -0.290798 0.939311 -0.182021
v -0.370726 0.717079 -0.59022
v -0.49545 0.7543 -0.430768
v -0.432571 0.740565 -0.514243
v -0.321435 0.815789 -0.480799
v -0.287023 0.844447 -0.452247
v -0.56696 0.738751 -0.364423
v -0.524695 0.819532 -0.230354
v -0.46207 0.837979 -0.290313
v -0.501014 0.812479 -0.298099
v -0.326578 0.852375 -0.408416
v -0.454671 0.81616 -0.356591
v -0.40838 0.862317 -0.299391
v -0.35662 0.89215 -0.277291
v -0.102211 0.763696 -0.637433
v -0.253846 0.872993 -0.416468
v -0.208846 0.913911 -0.348066
v -0.168107 0.839962 -0.515949
v -0.244211 0.834461 -0.494
v -0.126081 0.932037 -0.33972
v -0.0990332 0.86471 -0.492411
v -0.0760147 0.908792 -0.410267
v -0.025269 0.884208 -0.466409
v -0.60241 0.373245 -0.705542
v -0.400646 0.53573 -0.743287
v -0.281178 0.722693 -0.63139
v -0.265315 0.681646 -0.681884
v -0.237136 0.642455 -0.72871
v 0.0397441 0.826507 -0.561522
v -0.0288692 0.618988 -0.784869
v -0.296774 0.57778 -0.760326
v -0.338327 0.646237 -0.684041
v -0.19823 0.55498 -0.8079
v -0.111067 0.485801 -0.866984
v -0.0275557 0.423973 -0.905255
v 0.88369 0.388309 0.261359
v 0.90323 0.339793 0.26214
v 0.825877 0.197056 0.528296
v 0.798289 0.438459 0.412902
v 0.724673 0.514708 0.458175
v 0.658358 0.644768 0.388379
v 0.645667 0.615786 0.451578
v 0.650789 0.572734 0.498447
v 0.66573 0.539627 0.515371
v 0.651529 0.507768 0.563633
v 0.677313 0.46402 0.570905
v 0.764651 0.375233 0.523936
v 0.711497 0.426728 0.558278
v 0.678497 0.347707 0.647103
v 0.655973 0.196938 0.728639
v 0.559207 0.18208 0.808786
v 0.524022 0.757944 0.388486
v 0.488475 0.785169 0.380659
v 0.569767 0.720873 0.394599
v 0.412699 0.826355 0.383168
v 0.474322 0.753509 0.45524
v 0.430799 0.791531 0.433464
v 0.336403 0.870222 0.359926
v 0.214318 0.889626 0.40328
v 0.258815 0.885327 0.386279
v 0.160331 0.915688 0.368523
v 0.364321 0.71464 0.597127
v 0.287485 0.858833 0.423979
v 0.213739 0.808622 0.548129
v 0.332557 0.7743 0.538392
v 0.0499618 0.8647 0.499798
v 0.257898 0.659551 0.706032
v 0.158216 0.77844 0.607452
v 0.0610031 0.719457 0.691853
v 0.218819 0.731731 0.645514
v 0.20074 0.672706 0.712159
v 0.0873991 0.649394 0.755413
v 0.560986 0.253392 0.788091
v 0.503685 0.225081 0.83405
v 0.459794 0.230901 0.857481
v 0.550972 0.397012 0.734038
v 0.505844 0.336608 0.794239
v 0.417858 0.299574 0.857701
v 0.391722 0.356856 0.848061
v 0.432085 0.393511 0.811451
v 0.355351 0.401065 0.844318
v 0.629445 0.549515 0.549393
v 0.611923 0.593722 0.522536
v 0.486992 0.599994 0.634701
v 0.51364 0.618552 0.594616
v 0.565517 0.485863 0.666429
v 0.443046 0.608148 0.658685
v 0.269037 0.442042 0.855697
v 0.353137 0.607826 0.711226
v 0.184588 0.526883 0.829651
v 0.167289 0.619943 0.766606
v 0.361553 0.279206 0.889564
v 0.281065 0.287908 0.915484
v 0.371997 0.214249 0.90317
v 0.317278 0.200437 0.926909
v 0.297058 0.14539 0.943726
v 0.262756 0.219882 0.939474
v 0.214984 0.124179 0.968691
v 0.266714 0.377911 0.886593
v 0.083549 0.477061 0.87489
v 0.152351 0.398727 0.904326
v 0.139082 0.466852 0.87333
v 0.0456304 0.29871 0.953252
v 0.222808 0.195675 0.955022
v 0.229468 0.253383 0.939756
v 0.0930714 0.222543 0.97047
v 0.0597431 0.224732 0.972587
v 0.0456145 0.198286 0.979082
v 0.947019 0.21201 0.241261
v 0.936985 0.181671 0.29842
v 0.941313 0.074557 0.329197
v 0.927195 0.0279745 0.373533
v 0.946491 0.0199655 0.322111
v 0.9823 -0.0442844 0.182005
v 0.612445 0.0596673 0.788258
v 0.652604 0.024016 0.757318
v 0.589057 -0.00265862 0.808087
v 0.931148 -0.0134639 0.364393
v 0.918775 -0.0699475 0.388534
v 0.857489 -0.0437772 0.512637
v 0.855971 -0.109425 0.505312
v 0.827602 -0.148892 0.541208
v 0.795815 -0.165545 0.582472
v 0.920965 -0.17119 0.350024
v 0.888533 -0.120536 0.442697
v 0.855571 -0.171723 0.488374
v 0.743693 -0.156871 0.649855
v 0.802751 -0.237264 0.547081
v 0.776005 -0.223457 0.589817
v 0.753031 -0.266492 0.601602
v 0.785877 -0.295232 0.543355
v 0.893229 -0.228957 0.386938
v 0.908208 -0.359921 0.213576
v 0.85449 -0.331538 0.399911
v 0.854299 -0.376463 0.358398
v 0.860354 -0.433874 0.267477
v 0.437538 -0.0214491 0.898944
v 0.23163 0.0532691 0.971345
v 0.280748 0.00840955 0.959745
v 0.365508 0.0142575 0.930699
v 0.330828 0.0216999 0.943442
v 0.308509 -0.0792633 0.947913
v 0.336235 -0.177154 0.924966
v 0.178272 0.0559167 0.982391
v 0.29834 -0.176923 0.937919
v 0.214599 -0.109965 0.970492
v 0.209262 -0.016745 0.977716
v 0.157918 -0.0621718 0.985493
v 0.147662 -0.00408472 0.989029
v 0.143622 -0.128987 0.981191
v 0.219371 -0.226362 0.949019
v 0.220769 -0.296604 0.929132
v 0.0944113 -0.22817 0.969033
v 0.0883742 -0.272327 0.958138
v 0.134526 -0.328625 0.934831
v 0.0636756 -0.296215 0.952997
v 0.0971255 -0.311934 0.945126
v 0.749478 -0.540006 0.382984
v 0.702029 -0.571967 0.424274
v 0.688057 -0.547526 0.476228
v 0.759562 -0.381547 0.526771
v 0.667597 -0.293227 0.684348
v 0.724051 -0.303587 0.619343
v 0.656162 -0.433652 0.617574
v 0.659714 -0.550901 0.511161
v 0.643414 -0.527348 0.554908
v 0.732845 -0.439006 0.519819
v 0.681285 -0.471963 0.559555
v 0.613421 -0.491254 0.618372
v 0.599379 -0.424621 0.678558
v 0.55238 -0.579109 0.59959
v 0.476859 -0.542924 0.691259
v 0.667711 -0.212198 0.713537
v 0.654711 -0.117448 0.746699
v 0.643165 -0.161931 0.74841
v 0.568874 0.0499928 0.820904
v 0.527868 0.0722852 0.846245
v 0.479376 0.0300252 0.877096
v 0.427126 -0.207302 0.880107
v 0.39463 -0.189409 0.899106
v 0.395833 -0.581656 0.710628
v 0.419305 -0.553377 0.719692
v 0.48519 -0.43666 0.757574
v 0.439699 -0.470137 0.765268
v 0.442158 -0.370394 0.816887
v 0.391889 -0.410411 0.823398
v 0.491203 -0.360147 0.793103
v 0.472998 -0.32965 0.81707
v 0.482359 -0.28948 0.826759
v 0.334308 -0.264202 0.904674
v 0.360292 -0.211004 0.908662
v 0.403773 -0.531594 0.744564
v 0.316436 -0.56362 0.763021
v 0.297304 -0.476844 0.827182
v 0.273393 -0.440668 0.855025
v 0.313372 -0.364207 0.877013
v 0.310476 -0.316093 0.896487
v 0.269875 -0.338708 0.901357
v 0.182442 -0.412075 0.892698
v 0.225614 -0.371505 0.900601
v 0.177416 -0.349273 0.920072
v 0.0899502 -0.396146 0.913771
v 0.736191 -0.636059 0.231194
v 0.720678 -0.608707 0.331812
v 0.765855 -0.587392 0.261604
v 0.660924 -0.666491 0.344917
v 0.683101 -0.67901 0.268922
v 0.624284 -0.717427 0.309139
v 0.618946 -0.578146 0.531651
v 0.61586 -0.621466 0.484249
v 0.5468 -0.610291 0.573197
v 0.390594 -0.610423 0.689072
v 0.551652 -0.701028 0.451929
v 0.527312 -0.657017 0.538768
v 0.562526 -0.743697 0.361221
v 0.603064 -0.659653 0.448521
v 0.575987 -0.652335 0.492645
v 0.574728 -0.771913 0.271733
v 0.573288 -0.798748 0.182601
v 0.359929 -0.880538 0.308389
v 0.366686 -0.597202 0.713366
v 0.287685 -0.604685 0.742694
v 0.256204 -0.542356 0.800131
v 0.241979 -0.604652 0.758843
v 0.231757 -0.67211 0.703247
v 0.199947 -0.742537 0.639265
v 0.189391 -0.541481 0.819103
v 0.112807 -0.650789 0.750831
v 0.191848 -0.594098 0.78118
v 0.0761638 -0.716189 0.693738
v 0.0767916 -0.833251 0.547537
v 0.0306549 -0.741428 0.670332
v 0.291444 -0.888622 0.354134
v 0.282884 -0.867954 0.408205
v 0.221662 -0.783 0.581186
v 0.225539 -0.887616 0.401585
v 0.342671 -0.845202 0.410134
v 0.324104 -0.800501 0.504138
v 0.257376 -0.80973 0.527347
v 0.367632 -0.909468 0.194204
v 0.29221 -0.918391 0.266779
v 0.218577 -0.943854 0.247717
v 0.202019 -0.961851 0.184477
v 0.0568574 -0.889646 0.453096
v 0.13538 -0.897135 0.420501
v 0.98033 0.121396 0.155613
v 0.895398 -0.422854 0.13949
v 0.890601 -0.451541 0.0542281
v 0.979014 -0.200388 0.0371041
v 0.973811 -0.224934 -0.0331063
v 0.935 -0.291195 0.202435
v 0.982686 -0.132892 -0.129108
v 0.953346 -0.285149 -0.0990977
v 0.959221 -0.150178 -0.239461
v 0.944733 -0.213335 -0.248932
v 0.9973 0.0646987 -0.034751
v 0.974567 0.179225 -0.134531
v 0.987799 0.0535027 -0.146252
v 0.968427 0.093244 -0.231202
v 0.993796 -0.0308938 -0.106841
v 0.975951 0.0117787 -0.217673
v 0.973647 -0.0690892 -0.217345
v 0.954596 0.189782 -0.229627
v 0.90733 0.289911 -0.304472
v 0.949383 0.0442294 -0.31099
v 0.900867 -0.0920175 -0.42423
v 0.82616 0.042142 -0.561858
v 0.782204 0.0095885 -0.622949
v 0.887612 0.1521 -0.434753
v 0.912017 0.160602 -0.377403
v 0.863488 0.0837613 -0.497365
v 0.804045 0.241045 -0.543515
v 0.83471 0.187541 -0.517772
v 0.844993 0.136681 -0.517016
v 0.818693 0.104443 -0.564653
v 0.776636 0.134807 -0.615356
v 0.785662 0.189955 -0.588771
v 0.726781 0.177013 -0.663669
v 0.792416 -0.597692 0.121823
v 0.770326 -0.63599 0.0459926
v 0.506461 -0.846265 0.165324
v 0.555486 -0.825505 0.0998816
v 0.581575 -0.813491 0.00155888
v 0.624739 -0.777978 -0.0667147
v 0.478157 -0.877202 0.0433846
v 0.519171 -0.851637 -0.0719514
v 0.707317 -0.704225 -0.0613955
v 0.625372 -0.773562 0.102528
v 0.576999 -0.810139 -0.10367
v 0.748547 -0.640782 -0.170517
v 0.6723 -0.709196 -0.212261
v 0.562596 -0.779691 -0.274896
v 0.622809 -0.748874 -0.226488
v 0.68209 -0.658302 -0.318422
v 0.634756 -0.683192 -0.361018
v 0.57057 -0.716113 -0.402035
v 0.559512 -0.649051 -0.51544
v 0.33866 -0.937019 0.0854655
v 0.265123 -0.961376 0.0739316
v 0.300394 -0.953785 0.00762365
v 0.273843 -0.959465 -0.0666109
v 0.209118 -0.973858 -0.0887101
v 0.153875 -0.979732 -0.128245
v 0.0899446 -0.987751 -0.127507
v 0.131738 -0.964775 -0.227715
v 0.507977 -0.680347 -0.528288
v 0.514356 -0.723646 -0.46019
v 0.457385 -0.693416 -0.556752
v 0.506706 -0.828733 -0.237594
v 0.438925 -0.837713 -0.324934
v 0.357098 -0.768529 -0.530891
v 0.464483 -0.72594 -0.507216
v 0.468118 -0.763331 -0.445187
v 0.419421 -0.763728 -0.490719
v 0.515375 -0.76024 -0.395505
v 0.388317 -0.789641 -0.475055
v 0.385353 -0.838397 -0.385479
v 0.342606 -0.85442 -0.390624
v 0.356697 -0.819448 -0.448634
v 0.298426 -0.81522 -0.496344
v 0.397629 -0.916657 0.0403771
v 0.307979 -0.943857 -0.119509
v 0.33531 -0.940355 -0.0574483
v 0.300801 -0.852805 -0.426899
v 0.261651 -0.877855 -0.401135
v 0.366592 -0.868864 -0.332695
v 0.244991 -0.902032 -0.355412
v 0.301958 -0.885501 -0.353142
v 0.33249 -0.902506 -0.273741
v 0.362332 -0.907994 -0.210385
v 0.245889 -0.946477 -0.209095
v 0.305352 -0.931738 -0.196532
v 0.257606 -0.955627 -0.142886
v 0.219077 -0.889224 -0.401604
v 0.260142 -0.923401 -0.282236
v 0.200756 -0.963994 -0.174391
v 0.204214 -0.947459 -0.246207
v 0.471125 -0.653755 -0.592153
v 0.426386 -0.680349 -0.596088
v 0.400447 -0.584192 -0.705947
v 0.313504 -0.743354 -0.590881
v 0.263837 -0.756698 -0.598162
v 0.287993 -0.711879 -0.640538
v 0.244458 -0.683032 -0.688264
v 0.311204 -0.602726 -0.734761
v 0.198278 -0.839129 -0.506506
v 0.204922 -0.651747 -0.730228
v 0.211936 -0.766303 -0.606516
v 0.102361 -0.690916 -0.715651
v 0.168282 -0.537688 -0.82618
v 0.13714 -0.523206 -0.841099
v 0.071575 -0.631724 -0.771882
v 0.0226756 -0.622167 -0.782556
v 0.077456 -0.570032 -0.817963
v 0.0986495 -0.524661 -0.845576
v 0.124374 -0.492492 -0.861384
v 0.0520292 -0.491895 -0.869098
v 0.0720063 -0.482128 -0.873136
v 0.639382 0.230886 -0.733404
v 0.677947 0.13774 -0.722091
v 0.664711 0.188387 -0.722959
v 0.63222 0.155256 -0.759074
v 0.616813 0.193432 -0.762972
v 0.728324 0.107692 -0.676717
v 0.639755 0.116829 -0.759647
v 0.602596 0.128034 -0.787709
v 0.615765 0.083201 -0.783525
v 0.671907 0.0775832 -0.736561
v 0.640145 0.0504804 -0.766594
v 0.572098 0.104726 -0.813472
v 0.573663 0.0660247 -0.816426
v 0.609781 0.036569 -0.791726
v 0.56048 0.0243334 -0.827811
v 0.543367 0.0593495 -0.837395
v 0.521422 0.0462926 -0.852042
v 0.492415 0.0378104 -0.869539
v 0.745895 -0.0895767 -0.660013
v 0.814524 -0.167494 -0.555425
v 0.786291 -0.118156 -0.606454
v 0.770317 -0.169712 -0.614663
v 0.748256 -0.137306 -0.649045
v 0.63955 -0.216715 -0.737571
v 0.470843 0.00366657 -0.882209
v 0.504867 -0.0296376 -0.862688
v 0.603163 -0.00900846 -0.797567
v 0.5553 -0.0373309 -0.830812
v 0.665323 0.00296084 -0.74655
v 0.694036 -0.0746482 -0.71606
v 0.668179 -0.136655 -0.731343
v 0.547799 -0.170133 -0.819128
v 0.540605 -0.194255 -0.818542
v 0.269828 -0.10339 -0.957342
v 0.894008 -0.269158 -0.358194
v 0.919711 -0.364511 -0.14582
v 0.892312 -0.32893 -0.309169
v 0.855651 -0.384863 -0.346037
v 0.802391 -0.408197 -0.435366
v 0.924998 -0.375512 -0.0580445
v 0.895189 -0.42937 -0.119488
v 0.835282 -0.548517 -0.0378407
v 0.805529 -0.587108 -0.0801684
v 0.801817 -0.59732 -0.0172705
v 0.830254 -0.449577 -0.329483
v 0.838272 -0.482518 -0.253924
v 0.795586 -0.52091 -0.309348
v 0.881724 -0.40765 -0.237456
v 0.811522 -0.542367 -0.217416
v 0.784725 -0.558601 -0.268647
v 0.73595 -0.549449 -0.39558
v 0.76411 -0.598959 -0.239549
v 0.710123 -0.661428 -0.241327
v 0.425583 -0.25103 -0.869404
v 0.50017 -0.224022 -0.836447
v 0.525347 -0.26764 -0.8077
v 0.702656 -0.263322 -0.661012
v 0.775869 -0.240145 -0.583402
v 0.734845 -0.320411 -0.597779
v 0.783067 -0.30908 -0.5397
v 0.499624 -0.362971 -0.786529
v 0.55092 -0.449481 -0.703174
v 0.653095 -0.283657 -0.702144
v 0.633807 -0.321733 -0.703404
v 0.680639 -0.38082 -0.625865
v 0.678286 -0.328648 -0.657205
v 0.703784 -0.352264 -0.616927
v 0.650611 -0.432925 -0.623925
v 0.69525 -0.415895 -0.586223
v 0.720164 -0.378097 -0.581726
v 0.68695 -0.454366 -0.567144
v 0.514483 -0.417274 -0.749126
v 0.597885 -0.487886 -0.636004
v 0.696282 -0.504169 -0.510887
v 0.629875 -0.537993 -0.560197
v 0.511381 -0.574408 -0.639175
v 0.593895 -0.601487 -0.534325
v 0.565465 -0.55778 -0.607561
v 0.268382 -0.31277 -0.911124
v 0.264392 -0.375405 -0.888351
v 0.199184 -0.382837 -0.902088
v 0.458444 -0.56479 -0.686178
v 0.405831 -0.531582 -0.743453
v 0.191067 -0.425976 -0.884329
v 0.232833 -0.430022 -0.872278
v 0.313969 -0.39697 -0.86246
v 0.243925 -0.48077 -0.842236
v 0.123643 -0.415018 -0.901373
v 0.127015 -0.44932 -0.884296
v 0.0936219 -0.479272 -0.872659
v 0.0647385 -0.462284 -0.884366
v 0.662441 0.274508 -0.697006
v 0.604171 0.268536 -0.750244
v 0.562685 0.17095 -0.808803
v 0.578944 0.194255 -0.791889
v 0.547652 0.193431 -0.814041
v 0.563578 0.216817 -0.797101
v 0.594919 0.224647 -0.771755
v 0.569694 0.241452 -0.785589
v 0.558184 0.266681 -0.785692
v 0.518199 0.0950365 -0.849963
v 0.514955 0.139862 -0.84573
v 0.49655 0.0755039 -0.864718
v 0.46462 0.101658 -0.879656
v 0.472108 0.13706 -0.870821
v 0.462848 0.170659 -0.869855
v 0.441593 0.134627 -0.887058
v 0.521146 0.27648 -0.807443
v 0.534161 0.159537 -0.830193
v 0.425268 0.174582 -0.88807
v 0.46132 0.249645 -0.851388
v 0.39816 0.00801326 -0.917281
v 0.370085 -0.013963 -0.928893
v 0.324487 0.0233017 -0.945603
v 0.375215 -0.0922826 -0.922333
v 0.321998 -0.0396781 -0.945909
v 0.410199 0.21872 -0.885381
v 0.380467 0.171286 -0.908794
v 0.371527 0.224833 -0.900787
v 0.408122 0.13587 -0.90276
v 0.425216 0.0288618 -0.904631
v 0.376905 0.111549 -0.91951
v 0.302065 0.135292 -0.943638
v 0.336846 0.332109 -0.881044
v 0.283229 0.182203 -0.941586
v 0.273873 0.304001 -0.912456
v 0.330809 0.19392 -0.923559
v 0.294 0.232505 -0.927095
v 0.0974795 -0.417878 -0.903258
v 0.0686316 -0.430013 -0.90021
v 0.0713125 -0.40766 -0.910345
v 0.0635049 -0.39537 -0.916324
v 0.088703 -0.360728 -0.928443
v 0.0463241 -0.343094 -0.938158
v 0.208796 -0.153192 -0.965886
v 0.134099 -0.270833 -0.95324
v 0.0879684 -0.316056 -0.944653
v 0.0862271 -0.24129 -0.966615
v 0.0332177 -0.24931 -0.967854
v 0.0752176 -0.102201 -0.991916
v 0.100701 -0.171182 -0.98008
v 0.0824881 -0.140866 -0.986586
v 0.0626209 -0.163257 -0.984594
v 0.122852 -0.209549 -0.97005
v 0.0417837 -0.132767 -0.990266
v 0.0534988 -0.0621807 -0.99663
v 0.0241509 -0.168749 -0.985363
v -0.0122031 -0.132885 -0.991056
v -0.0314913 -0.0920046 -0.99526
v 0.216608 0.0883285 -0.972255
v 0.219884 0.0276295 -0.975135
v 0.188655 0.00280819 -0.982039
v 0.195152 -0.109475 -0.974644
v 0.167033 -0.0309994 -0.985464
v 0.076428 0.0296785 -0.996633
v 0.114189 -0.0184985 -0.993287
v 0.0310868 0.0105662 -0.999461
v 0.0643107 -0.0232665 -0.997659
v 0.0348191 0.140197 -0.989511
v 0.0781487 0.0892241 -0.992941
v 0.0197609 0.0681662 -0.997478
v 0.939974 0.339282 0.0365504
v 0.930149 0.286196 0.23003
v 0.935708 0.308919 -0.170353
v 0.873016 0.362907 -0.325792
v 0.897864 0.371938 -0.235589
v 0.808493 0.292015 -0.510946
v 0.738934 0.296334 -0.605114
v 0.753721 0.395615 -0.524779
v 0.871009 0.450989 -0.194813
v 0.822558 0.492762 -0.283874
v 0.885318 0.450422 0.115463
v 0.951411 0.30211 -0.0595495
v 0.917949 0.385037 -0.0954786
v 0.788348 0.613077 -0.0514149
v 0.80043 0.598111 0.039699
v 0.75567 0.6223 0.204219
v 0.750434 0.649746 0.121161
v 0.677428 0.686051 0.265378
v 0.693082 0.31683 -0.6475
v 0.635182 0.32079 -0.702593
v 0.510286 0.318475 -0.798863
v 0.527362 0.372919 -0.763427
v 0.464621 0.341144 -0.817159
v 0.448228 0.425008 -0.786422
v 0.624086 0.440907 -0.645071
v 0.663983 0.454978 -0.593399
v 0.338271 0.408453 -0.847785
v 0.391537 0.417775 -0.819855
v 0.391026 0.440096 -0.80834
v 0.619235 0.506443 -0.600053
v 0.501058 0.618649 -0.605156
v 0.0918396 0.342659 -0.93496
v 0.05727 0.461361 -0.885362
v 0.102178 0.533274 -0.839749
v 0.258082 0.691378 -0.674826
v 0.23098 0.749943 -0.619866
v 0.190828 0.603888 -0.773889
v 0.00319149 0.691381 -0.722483
v 0.133995 0.724341 -0.676295
v 0.104136 0.812663 -0.573353
v 0.0731718 0.878169 -0.472721
v 0.638324 0.730311 0.243285
v 0.6488 0.74089 0.173613
v 0.610428 0.771898 0.177625
v 0.735704 0.676024 -0.0415954
v 0.71603 0.676785 -0.171065
v 0.681464 0.730579 -0.0431413
v 0.605879 0.789537 0.0976873
v 0.572617 0.817234 0.0650976
v 0.663904 0.74622 0.0488555
v 0.602499 0.797361 0.0347912
v 0.62673 0.778802 -0.026005
v 0.61722 0.779965 -0.10341
v 0.538849 0.835798 0.105274
v 0.586844 0.804485 -0.0917475
v 0.591353 0.789333 -0.165092
v 0.547709 0.831697 -0.0910781
v 0.527214 0.848701 -0.0418618
v 0.490236 0.868818 -0.0694614
v 0.728849 0.651248 -0.211318
v 0.72195 0.637561 -0.268893
v 0.75606 0.602403 -0.255897
v 0.735737 0.569895 -0.365937
v 0.668049 0.666641 -0.330605
v 0.799426 0.459219 -0.387344
v 0.709842 0.428588 -0.558961
v 0.730756 0.338059 -0.593053
v 0.701657 0.348974 -0.621204
v 0.675216 0.559486 -0.480685
v 0.639225 0.61798 -0.457704
v 0.480308 0.865904 -0.139691
v 0.505207 0.785072 -0.358368
v 0.668373 0.722842 -0.175433
v 0.701206 0.701203 -0.128933
v 0.688052 0.69386 -0.212471
v 0.63981 0.732973 -0.231074
v 0.695607 0.663879 -0.274583
v 0.655727 0.69766 -0.288605
v 0.626741 0.689728 -0.36259
v 0.58479 0.77083 -0.252667
v 0.573863 0.719292 -0.391536
v 0.517793 0.749092 -0.413222
v 0.534367 0.709526 -0.459374
v 0.429173 0.890642 -0.150222
v 0.26589 0.840906 -0.471359
v 0.26116 0.895444 -0.36052
v 0.561738 0.75991 0.327089
v 0.541048 0.823737 0.16948
v 0.563712 0.798738 0.210349
v 0.538975 0.816498 0.206972
v 0.512844 0.799438 0.312874
v 0.495643 0.86524 0.0754776
v 0.508928 0.847579 0.15034
v 0.468128 0.883388 0.0219545
v 0.456438 0.884729 -0.0944358
v 0.461279 0.886518 -0.0361583
v 0.420865 0.899751 0.115417
v 0.473319 0.810074 0.346048
v 0.463645 0.836878 0.290978
v 0.518691 0.830709 0.202192
v 0.49126 0.848938 0.194852
v 0.46514 0.857069 0.221533
v 0.444492 0.87332 0.199347
v 0.421619 0.889033 0.178489
v 0.384512 0.881255 0.274846
v 0.380225 0.913638 -0.143858
v 0.33868 0.931018 -0.136017
v 0.364285 0.927868 -0.0797298
v 0.161373 0.913914 -0.372451
v 0.0819718 0.928725 -0.361595
v 0.247181 0.95672 -0.153589
v 0.218262 0.973856 -0.0629759
v 0.191678 0.98125 -0.0202098
v 0.335514 0.89783 0.285188
v 0.363051 0.897524 0.250289
v 0.347899 0.910284 0.224384
v 0.289996 0.927326 0.236575
v 0.389695 0.916314 0.0922249
v 0.417557 0.905656 -0.0737153
v 0.327897 0.943505 0.0477725
v 0.370513 0.927778 0.0441251
v 0.343692 0.938905 -0.0182398
v 0.284125 0.950396 0.126574
v 0.308267 0.934504 0.177969
v 0.318183 0.941113 0.11431
v 0.221214 0.958922 0.177574
v 0.258706 0.950736 0.170797
v 0.313121 0.88885 0.334515
v 0.21958 0.917224 0.332393
v -0.816023 0.366392 0.447061
v -0.845329 0.437636 0.306421
v -0.665181 0.278486 0.692806
v -0.524015 0.183513 0.831704
v -0.573331 0.455771 0.680856
v -0.598011 0.510339 0.61801
v -0.778215 0.594321 0.202889
v -0.765445 0.583039 0.272323
v -0.681818 0.586658 0.436986
v -0.787502 0.505794 0.352156
v -0.665481 0.561898 0.491331
v -0.608763 0.579177 0.542182
v -0.548892 0.63175 0.547366
v -0.592535 0.649746 0.476164
v -0.569381 0.721398 0.394194
v -0.618352 0.755902 0.215065
v -0.535787 0.776603 0.331392
v -0.463959 0.845813 0.26333
v -0.238403 0.20427 0.949441
v -0.181551 0.159476 0.970364
v -0.148052 0.205711 0.967349
v -0.282468 0.214947 0.934885
v -0.236106 0.267147 0.934284
v -0.296195 0.411734 0.861826
v -0.258248 0.364219 0.894792
v -0.138263 0.356903 0.923853
v -0.062159 0.175683 0.982482
v -0.0727404 0.24637 0.966442
v -0.0553823 0.317205 0.946739
v -0.0629108 0.503853 0.861496
v -0.0165621 0.454912 0.890382
v -0.00130723 0.538372 0.842706
v 0.0300442 0.406015 0.913372
v 0.0269603 0.614398 0.788536
v -0.485317 0.810763 0.327309
v -0.482227 0.72961 0.484898
v -0.519595 0.694839 0.497211
v -0.464768 0.758419 0.456936
v -0.384323 0.769812 0.509593
v -0.354343 0.742572 0.568355
v -0.226124 0.736413 0.637623
v -0.505904 0.489559 0.710207
v -0.445979 0.557074 0.70055
v -0.524393 0.284802 0.802434
v -0.395136 0.466945 0.791094
v -0.259713 0.474075 0.841309
v -0.424891 0.65886 0.620783
v -0.378354 0.695194 0.611191
v -0.319279 0.627359 0.710269
v -0.367365 0.580475 0.726699
v -0.241339 0.531728 0.811801
v -0.172326 0.495992 0.851056
v -0.127578 0.570234 0.811516
v -0.0657068 0.561457 0.824893
v -0.114823 0.647616 0.753265
v -0.0806178 0.608158 0.789712
v -0.0187481 0.665022 0.746588
v -0.398148 0.875211 0.274745
v -0.353558 0.901661 0.249005
v -0.317051 0.837004 0.445984
v -0.221935 0.835348 0.50293
v -0.255289 0.924138 0.284246
v -0.199714 0.922748 0.32962
v -0.265794 0.937129 0.226146
v -0.181926 0.900014 0.396078
v -0.156386 0.915027 0.371845
v -0.000241574 0.718134 0.695905
v 0.0317948 0.674384 0.737696
v -0.120905 0.920374 0.371879
v -0.140934 0.859633 0.49109
v -0.114607 0.828927 0.54749
v -0.000949616 0.906783 0.421597
v 0.0852446 0.917197 0.389208
v -0.894169 0.163044 0.416988
v -0.929418 -0.128548 0.345916
v -0.890442 -0.119461 0.439138
v -0.818405 -0.503338 0.277243
v -0.862136 -0.364609 0.351826
v -0.8126 -0.422225 0.401755
v -0.781216 -0.398747 0.480315
v -0.909722 -0.290997 0.296185
v -0.871856 -0.298643 0.388175
v -0.794591 -0.325742 0.512365
v -0.845561 -0.270757 0.460126
v -0.805347 -0.239569 0.542239
v -0.84012 0.128715 0.526908
v -0.929087 -0.041305 0.367548
v -0.882055 0.104281 0.459461
v -0.872446 0.0592426 0.485106
v -0.819381 -0.114467 0.561704
v -0.729584 -0.133052 0.670824
v -0.653958 -0.158721 0.739694
v -0.690874 0.102293 0.715702
v -0.635945 0.0543047 0.769821
v -0.817878 -0.544941 0.184702
v -0.704914 -0.68038 0.200448
v -0.74665 -0.630657 0.211627
v -0.684547 -0.67587 0.273121
v -0.708934 -0.618018 0.339804
v -0.418472 -0.879936 0.22493
v -0.361245 -0.927873 0.0924931
v -0.339301 -0.923351 0.179715
v -0.399933 -0.862828 0.309162
v -0.349613 -0.8937 0.281196
v -0.496853 -0.843554 0.203848
v -0.522957 -0.805589 0.278465
v -0.500405 -0.783073 0.369313
v -0.570519 -0.761301 0.308105
v -0.438294 -0.77407 0.456852
v -0.518017 -0.717739 0.465306
v -0.239013 -0.958148 0.157564
v -0.150644 -0.946953 0.283876
v -0.0961269 -0.950561 0.295285
v -0.0601876 -0.991688 0.113721
v -0.0175758 -0.98502 0.17154
v 0.0426769 -0.972903 0.227241
v -0.0180817 -0.890898 0.453843
v -0.302692 -0.662792 0.684897
v -0.345477 -0.710845 0.612654
v -0.313167 -0.756226 0.574499
v -0.227443 -0.759845 0.60902
v -0.219431 -0.803599 0.553244
v -0.298529 -0.858363 0.417245
v -0.256997 -0.898948 0.354747
v -0.271501 -0.923697 0.270318
v -0.202763 -0.924256 0.323479
v -0.239028 -0.841914 0.483784
v -0.202365 -0.886237 0.416693
v -0.174745 -0.845234 0.505019
v -0.113757 -0.826931 0.550676
v -0.0448735 -0.853303 0.51948
v -0.16049 -0.77438 0.612029
v -0.135167 -0.681934 0.718816
v -0.135379 -0.611809 0.779335
v -0.0487923 -0.812184 0.581357
v -0.0942106 -0.787919 0.608529
v 0.00157448 -0.831292 0.555834
v -0.062298 -0.700657 0.710774
v -0.0264211 -0.741071 0.670907
v 0.0146822 -0.592227 0.805638
v 0.031391 -0.51818 0.854696
v -0.535369 0.0995306 0.838734
v -0.634871 -0.234908 0.736041
v -0.574936 -0.064828 0.815626
v -0.547381 -0.19538 0.813757
v -0.455293 -0.182305 0.871477
v -0.570209 0.0301177 0.820947
v -0.496933 -0.0401717 0.866859
v -0.451584 -0.117382 0.884473
v -0.42205 0.0260793 0.906197
v -0.39178 -0.0481154 0.9188
v -0.356499 -0.0758834 0.931209
v -0.37272 -0.177602 0.910789
v -0.689075 -0.218398 0.690998
v -0.651159 -0.286362 0.702843
v -0.706383 -0.377459 0.598788
v -0.672464 -0.346258 0.654139
v -0.576075 -0.46192 0.674365
v -0.670819 -0.611265 0.419948
v -0.590834 -0.505899 0.628475
v -0.60071 -0.565617 0.565
v -0.619528 -0.456286 0.638739
v -0.653982 -0.486251 0.579541
v -0.562856 -0.642886 0.51951
v -0.549884 -0.550253 0.62837
v -0.414537 -0.16863 0.894272
v -0.401035 -0.251074 0.880984
v -0.617923 -0.342509 0.707714
v -0.375104 -0.397552 0.837406
v -0.469605 -0.360766 0.805803
v -0.455776 -0.29929 0.838268
v -0.534098 -0.464518 0.706373
v -0.256827 -0.252505 0.932888
v -0.25387 -0.327595 0.910072
v -0.284326 -0.356171 0.890113
v -0.224899 -0.420683 0.878889
v -0.219037 -0.377885 0.89957
v -0.254665 -0.366891 0.894727
v -0.191921 -0.304922 0.932839
v -0.159523 -0.379086 0.911508
v -0.356056 -0.613635 0.704752
v -0.227319 -0.550279 0.803442
v -0.134354 -0.42866 0.89342
v -0.234193 -0.462284 0.855247
v -0.215825 -0.513238 0.830666
v -0.171947 -0.548707 0.818141
v -0.473751 0.109172 0.873866
v -0.42118 0.108039 0.90052
v -0.354735 0.105336 0.929014
v -0.306885 0.161568 0.937933
v -0.279776 -0.181855 0.942684
v -0.264214 -0.116006 0.957462
v -0.312591 -0.0633167 0.947775
v -0.235637 -0.0827757 0.96831
v -0.241915 0.00413036 0.970289
v -0.255787 0.0980591 0.961747
v -0.261724 0.0511568 0.963786
v -0.305801 0.017436 0.951936
v -0.197215 -0.000108408 0.98036
v -0.214053 0.0586496 0.97506
v -0.0999606 -0.292584 0.951001
v -0.130957 -0.147825 0.980305
v 0.0389387 -0.316085 0.947931
v -0.09558 -0.243045 0.965295
v 0.0275348 -0.222301 0.974589
v -0.0475582 -0.112904 0.992467
v 0.00311871 -0.103173 0.994659
v -0.158755 0.0328542 0.986771
v -0.111867 -0.00564884 0.993707
v -0.104304 -0.0869416 0.990738
v -0.172127 -0.162595 0.971563
v -0.207179 -0.112095 0.97186
v -0.161114 -0.0426378 0.986014
v -0.933889 0.330127 0.137362
v -0.956475 0.287798 0.0482517
v -0.981683 0.190122 -0.0123437
v -0.991864 0.114464 0.0557081
v -0.978234 0.113202 0.173907
v -0.93325 0.242137 -0.265357
v -0.732263 0.276095 -0.622545
v -0.72078 0.225375 -0.655501
v -0.771209 0.240271 -0.589497
v -0.739013 0.157056 -0.655128
v -0.775595 0.115486 -0.620576
v -0.788923 0.0636196 -0.61119
v -0.873518 0.188898 -0.448648
v -0.838851 0.0225716 -0.543893
v -0.901826 0.0238423 -0.431441
v -0.842164 -0.142576 -0.520031
v -0.993788 0.0411204 0.103417
v -0.999307 0.0356468 0.0107187
v -0.99778 -0.0393341 -0.0537325
v -0.993575 -0.0681758 0.0903352
v -0.993908 0.052496 -0.0969066
v -0.966501 -0.130882 -0.220785
v -0.946926 0.0357242 -0.319462
v -0.969676 -0.0453265 -0.240155
v -0.953896 -0.103038 -0.281898
v -0.931777 -0.0677427 -0.356653
v -0.893935 -0.150816 -0.42206
v -0.975889 -0.201645 0.0835459
v -0.950215 -0.251562 0.183869
v -0.975888 -0.165429 -0.142395
v -0.987931 -0.150011 -0.0385849
v -0.964775 -0.241872 -0.103471
v -0.936414 -0.167379 -0.308404
v -0.896791 -0.370068 -0.242518
v -0.89676 -0.428354 -0.111063
v -0.959192 -0.277133 0.0561118
v -0.97192 -0.235268 -0.00460013
v -0.92583 -0.37736 -0.0209521
v -0.953157 -0.30153 -0.0238832
v -0.916144 -0.393958 0.0740093
v -0.875799 -0.46762 0.119616
v -0.571529 0.349215 -0.742565
v -0.527699 0.335211 -0.780492
v -0.548063 0.253072 -0.797234
v -0.491713 0.295568 -0.819059
v -0.429581 0.292212 -0.854443
v -0.475586 0.247204 -0.844221
v -0.465236 0.19224 -0.864059
v -0.553762 0.1838 -0.812136
v -0.529632 0.288017 -0.797832
v -0.518043 0.212314 -0.828585
v -0.525978 0.171263 -0.833076
v -0.546638 0.148882 -0.824027
v -0.475386 0.144723 -0.867792
v -0.550272 0.0854299 -0.830604
v -0.519687 0.106702 -0.847668
v -0.525201 0.0528072 -0.849338
v -0.294703 0.326058 -0.89824
v -0.217212 0.294495 -0.93064
v -0.49496 0.0484647 -0.867563
v -0.474757 0.0749317 -0.876921
v -0.46549 0.0434122 -0.883988
v -0.446282 0.105085 -0.888701
v -0.445248 0.0646053 -0.893073
v -0.403447 0.0629655 -0.912834
v -0.379328 0.395058 -0.836684
v -0.389198 0.235303 -0.890594
v -0.346987 0.118376 -0.93037
v -0.336115 0.0630329 -0.939709
v -0.48322 0.020538 -0.875258
v -0.485188 -0.0237233 -0.874088
v -0.423076 -0.00144491 -0.906093
v -0.370779 -0.0441308 -0.927672
v -0.305356 -0.0782396 -0.949019
v -0.317468 -0.00781712 -0.948237
v -0.374224 -0.11929 -0.919634
v -0.0346233 0.283439 -0.958365
v -0.0953654 0.27651 -0.956267
v -0.201803 -0.0143355 -0.979321
v -0.189729 0.192632 -0.962754
v -0.139577 -0.0512664 -0.988883
v -0.161056 0.00208524 -0.986943
v -0.0807598 -0.0173241 -0.996583
v -0.0744347 -0.0730797 -0.994545
v -0.0895104 0.0479304 -0.994832
v -0.212484 -0.101218 -0.971908
v -0.21013 -0.317038 -0.924842
v -0.106988 -0.110147 -0.98814
v -0.0811468 -0.133047 -0.987782
v -0.0604767 -0.156946 -0.985754
v -0.0607118 -0.116687 -0.991311
v -0.0899991 -0.257794 -0.961999
v -0.145449 -0.145214 -0.978651
v -0.099518 -0.147094 -0.984103
v -0.106637 -0.188815 -0.976206
v -0.0224994 -0.239852 -0.970549
v -0.0163976 -0.281077 -0.959545
v -0.0360607 -0.413495 -0.909792
v 0.00873079 -0.377287 -0.926055
v 0.0408181 -0.409334 -0.911471
v 0.00593495 -0.439125 -0.898406
v -0.779647 -0.61805 0.100822
v -0.843644 -0.53026 -0.0841979
v -0.789021 -0.603327 -0.115942
v -0.753801 -0.628426 -0.192004
v -0.842179 -0.384566 -0.377946
v -0.843304 -0.445057 -0.301268
v -0.773314 -0.432033 -0.46404
v -0.764404 -0.587939 -0.264601
v -0.804531 -0.561063 -0.194777
v -0.798809 -0.520721 -0.301253
v -0.755093 -0.512087 -0.409391
v -0.605363 -0.687189 -0.401629
v -0.686022 -0.568554 -0.454006
v -0.708265 -0.495319 -0.503011
v -0.635235 -0.578582 -0.511585
v -0.673114 -0.635411 -0.378378
v -0.576415 -0.5802 -0.575424
v -0.538154 -0.72434 -0.430955
v -0.558271 -0.664543 -0.496705
v -0.502241 -0.703048 -0.503465
v -0.851127 -0.220492 -0.47641
v -0.807184 -0.202579 -0.554451
v -0.7626 -0.0842921 -0.641355
v -0.721587 -0.141437 -0.677723
v -0.700677 -0.197269 -0.685665
v -0.732265 0.0776869 -0.676574
v -0.685707 0.179032 -0.705517
v -0.659919 0.238249 -0.712562
v -0.62884 0.184374 -0.755359
v -0.658575 0.137902 -0.739772
v -0.694649 0.0569823 -0.717088
v -0.669552 0.0467639 -0.741292
v -0.637064 0.107119 -0.763331
v -0.621637 0.138101 -0.771035
v -0.597221 0.105351 -0.795128
v -0.588348 0.0632241 -0.806132
v -0.559191 0.0308126 -0.828466
v -0.581006 -0.169498 -0.796054
v -0.710296 -0.0603271 -0.701313
v -0.613575 -0.0974335 -0.783602
v -0.591982 -0.0219179 -0.805653
v -0.538517 -0.0131905 -0.842511
v -0.555402 -0.124952 -0.822141
v -0.541079 -0.0707164 -0.837993
v -0.497458 -0.154601 -0.853601
v -0.456305 -0.148894 -0.877278
v -0.615678 -0.524784 -0.587828
v -0.647711 -0.538634 -0.538836
v -0.581285 -0.501766 -0.640577
v -0.472393 -0.571626 -0.670887
v -0.537225 -0.539313 -0.648484
v -0.514619 -0.498779 -0.697414
v -0.43431 -0.480607 -0.761834
v -0.751949 -0.367875 -0.547029
v -0.805903 -0.355107 -0.473729
v -0.674945 -0.253231 -0.693053
v -0.352337 -0.427286 -0.832638
v -0.550601 -0.394113 -0.735876
v -0.452538 -0.352231 -0.819233
v -0.616281 -0.360668 -0.700083
v -0.623791 -0.301404 -0.721139
v -0.532337 -0.212156 -0.819516
v -0.29857 -0.232412 -0.925657
v -0.383135 -0.615098 -0.689102
v -0.316586 -0.574693 -0.754653
v -0.267711 -0.529662 -0.804854
v -0.262577 -0.569664 -0.778805
v -0.214724 -0.561342 -0.799243
v -0.265239 -0.389479 -0.882017
v -0.139375 -0.540351 -0.829817
v -0.13422 -0.487077 -0.862984
v -0.273073 -0.465233 -0.842015
v -0.212838 -0.436488 -0.874173
v -0.0971664 -0.500751 -0.86012
v -0.0745523 -0.532618 -0.843066
v -0.0870105 -0.455664 -0.885889
v -0.054457 -0.49024 -0.869884
v -0.0354704 -0.454974 -0.889798
v -0.0100054 -0.479702 -0.877374
v -0.721078 -0.679672 0.13451
v -0.674744 -0.73775 -0.0211208
v -0.68283 -0.726277 0.0791531
v -0.543241 -0.829017 0.132742
v -0.651132 -0.697182 -0.299941
v -0.477105 -0.747626 -0.46198
v -0.567596 -0.759 -0.318988
v -0.491051 -0.806111 -0.330233
v -0.413738 -0.847564 -0.33235
v -0.551252 -0.834338 -0.00105996
v -0.509552 -0.857468 -0.0714514
v -0.668828 -0.733113 -0.123346
v -0.56897 -0.794352 -0.212786
v -0.515644 -0.838164 -0.17774
v -0.46136 -0.86338 -0.20426
v -0.42027 -0.886099 -0.19545
v -0.538039 -0.840221 0.0674039
v -0.446061 -0.893351 0.0543463
v -0.485947 -0.866868 0.111337
v -0.405506 -0.904235 -0.133883
v -0.339222 -0.940675 0.00773214
v -0.213838 -0.664599 -0.715947
v -0.278034 -0.717054 -0.639164
v -0.199926 -0.729067 -0.654593
v -0.221208 -0.779978 -0.585406
v -0.0906709 -0.584859 -0.806051
v -0.0265156 -0.520153 -0.853661
v -0.042523 -0.560138 -0.827307
v -0.0259371 -0.611711 -0.790656
v 0.00890815 -0.660763 -0.750542
v -0.0954325 -0.773596 -0.626451
v -0.159044 -0.721558 -0.673838
v -0.166446 -0.614154 -0.771434
v -0.0972765 -0.646172 -0.756967
v -0.144249 -0.816737 -0.558689
v -0.0140903 -0.804212 -0.594175
v 0.00843084 -0.850103 -0.52655
v 0.0565883 -0.822898 -0.565364
v 0.0680321 -0.875602 -0.478218
v -0.306482 -0.947106 0.095175
v -0.273745 -0.959066 -0.0725041
v -0.368615 -0.909986 -0.189863
v -0.296933 -0.946151 -0.128951
v -0.305984 -0.93308 -0.189037
v -0.190166 -0.980207 -0.0550522
v -0.229414 -0.967075 -0.110161
v -0.192733 -0.96717 -0.165641
v -0.326444 -0.864233 -0.382799
v -0.356922 -0.881463 -0.309239
v -0.374638 -0.812119 -0.447335
v -0.255658 -0.863447 -0.434853
v -0.264222 -0.792198 -0.550099
v -0.242561 -0.831545 -0.499697
v -0.19798 -0.948952 -0.245548
v -0.172778 -0.936997 -0.303618
v -0.118031 -0.943632 -0.309237
v -0.337016 -0.906094 -0.25576
v -0.260639 -0.898503 -0.353213
v -0.142332 -0.918848 -0.368049
v -0.1987 -0.912497 -0.357586
v -0.214726 -0.886956 -0.408903
v -0.0945319 -0.962516 -0.254217
v -0.0446757 -0.962526 -0.267486
v -0.00663324 -0.960602 -0.277849
v -0.0751666 -0.924762 -0.373049
v -0.120829 -0.852067 -0.509295
v -0.114847 -0.888398 -0.444476
v -0.0292641 -0.889739 -0.45553
v -0.0260372 -0.921357 -0.387846
v -0.132208 -0.988219 -0.0771052
v -0.124859 -0.991943 -0.0214216
v -0.160289 -0.986915 0.0174841
v -0.0644753 -0.974804 -0.213543
v -0.0566645 -0.987978 -0.143836
v 0.0164358 -0.990721 -0.134915
v 0.0558199 -0.977951 -0.201237
v 0.0445333 -0.997793 -0.0492611
v -0.0496144 -0.997273 0.0546428
v -0.0264862 -0.997493 -0.0656239
v -0.908488 0.410735 0.0771147
v -0.503307 0.850935 0.150305
v -0.586534 0.809924 -0.00100816
v -0.7265 0.686214 -0.0361742
v -0.702655 0.703449 0.106939
v -0.655562 0.743483 0.132181
v -0.613253 0.783965 -0.0965344
v -0.654657 0.73534 -0.175213
v -0.839544 0.542005 -0.0373759
v -0.886332 0.262831 -0.381229
v -0.835998 0.52904 -0.145683
v -0.75437 0.608221 -0.246968
v -0.76884 0.536888 -0.347327
v -0.758833 0.43287 -0.486618
v -0.761043 0.307093 -0.571408
v -0.801626 0.279748 -0.528334
v -0.145992 0.966906 0.209235
v -0.20784 0.968145 0.139636
v -0.309046 0.948136 0.0743549
v -0.308137 0.936921 0.165019
v -0.299533 0.954085 0.00165348
v -0.283505 0.957428 -0.0543684
v -0.24696 0.968957 -0.0115041
v -0.233055 0.969245 -0.0790545
v -0.25118 0.95729 -0.143194
v -0.11723 0.962376 0.245132
v -0.0460854 0.956724 0.287324
v -0.0961735 0.944466 0.314222
v -0.0768561 0.967317 0.24164
v 0.0228 0.964247 0.264021
v 0.0679269 0.957249 0.281175
v 0.0354262 0.99335 0.109546
v 0.0700331 0.98535 0.155504
v 0.101123 0.989658 0.10174
v -0.206673 0.969303 -0.133181
v -0.156994 0.987598 -0.00172547
v -0.057647 0.997748 -0.0342893
v -0.0336788 0.991764 0.123573
v -0.00546834 0.998639 0.0518689
v -0.0873975 0.963278 -0.253885
v -0.0163985 0.999607 -0.0227435
v 0.0336806 0.998539 -0.0422538
v 0.0395522 0.994585 -0.0961034
v -0.00609015 0.989401 -0.145083
v -0.0431114 0.945826 -0.321799
v -0.663617 0.458701 -0.590936
v -0.741906 0.405589 -0.533922
v -0.740272 0.479693 -0.471054
v -0.696884 0.517191 -0.496855
v -0.604997 0.502587 -0.617564
v -0.710571 0.458938 -0.533352
v -0.664256 0.499829 -0.555818
v -0.648795 0.714398 -0.26211
v -0.603762 0.738116 -0.301092
v -0.682228 0.573535 -0.453455
v -0.632032 0.611239 -0.476364
v -0.579731 0.675324 -0.455906
v -0.507776 0.563327 -0.651787
v -0.466643 0.630674 -0.620077
v -0.412224 0.65795 -0.630217
v -0.606591 0.776098 -0.172391
v -0.572906 0.795152 -0.198776
v -0.572243 0.810894 -0.122431
v -0.443475 0.890539 0.10134
v -0.415336 0.907619 0.0610158
v -0.443698 0.89602 0.0167279
v -0.343465 0.937023 -0.0633932
v -0.330408 0.915413 -0.229892
v -0.365937 0.772405 -0.519115
v -0.516214 0.781733 -0.34988
v -0.602499 0.762632 -0.235344
v -0.555737 0.779193 -0.289854
v -0.399686 0.802563 -0.442881
v -0.388169 0.843901 -0.370346
v -0.345919 0.877057 -0.333332
v -0.282631 0.89403 -0.347606
v -0.308099 0.907345 -0.286005
v -0.299206 0.777328 -0.553387
v -0.247609 0.927234 -0.28094
v -0.0318905 0.834228 -0.550497
v -0.644989 0.359432 -0.674387
v -0.527317 0.428365 -0.733785
v -0.472676 0.350249 -0.808643
v -0.201794 0.713061 -0.671434
v 0.0137467 0.772559 -0.634794
v -0.0922148 0.573684 -0.813869
v -0.0690211 0.342676 -0.936915
# 2502 vertices
vt 0 0
vt 0 0
vt 0 0
vt 0 0
vt 0 0
vt 0 0
vt 0 0
vt 0 0
vt 0 0
vt 0 0
vt 0 0
vt 0 0
vt 0 0
vt 0 0
vt 0 0
vt 0 0
vt 0 0
vt 0 0
vt 0 0
vt 0 0
vt 0 0
vt 0 0
vt 0 0
vt 0 0
vt 0 0
vt 0 0
vt 0 0
vt 0 0
vt 0 0
vt 0 0
vt 0 0
vt 0 0
vt 0 0
vt 0 0
vt 0 0
vt 0 0
vt 0 0
vt 0 0
vt 0 0
vt 0 0
vt 0 0
vt 0 0
vt 0 0
vt 0 0
vt 0 0
vt 0 0
vt 0 0
vt 0 0
vt 0 0
vt 0 0
vt 0 0
vt 0 0
vt 0 0
vt 0 0
vt 0 0
vt 0 0
vt 0 0
vt 0 0
vt 0 0
vt 0 0
vt 0 0
vt 0 0
vt 0 0
vt 0 0
vt 0 0
vt 0 0
vt 0 0
vt 0 0
vt 0 0
vt 0 0
vt 0 0
vt 0 0
vt 0 0
vt 0 0
vt 0 0
vt 0 0
vt 0 0
vt 0 0
vt 0 0
vt 0 0
vt 0 0
vt 0 0
vt 0 0
vt 0 0
vt 0 0
vt 0 0
vt 0 0
vt 0 0
vt 0 0
vt 0 0
vt 0 0
vt 0 0
vt 0 0
vt 0 0
vt 0 0
vt 0 0
vt 0 0
vt 0 0
vt 0 0
vt 0 0
vt 0 0
vt 0 0
vt 0 0
vt 0 0
vt 0 0
vt 0 0
vt 0 0
vt 0 0
vt 0 0
vt 0 0
vt 0 0
vt 0 0
vt 0 0
vt 0 0
vt 0 0
vt 0 0
vt 0 0
vt 0 0
vt 0 0
vt 0 0
vt 0 0
vt 0 0
vt 0 0
vt 0 0
vt 0 0
vt 0 0
vt 0 0
vt 0 0
vt 0 0
vt 0 0
vt 0 0
vt 0 0
vt 0 0
vt 0 0
vt 0 0
vt 0 0
vt 0 0
vt 0 0
vt 0 0
vt 0 0
vt 0 0
vt 0 0
vt 0 0
vt 0 0
vt 0 0
vt 0 0
vt 0 0
vt 0 0
vt 0 0
vt 0 0
vt 0 0
vt 0 0
vt 0 0
vt 0 0
vt 0 0
vt 0 0
vt 0 0
vt 0 0
vt 0 0
vt 0 0
vt 0 0
vt 0 0
vt 0 0
vt 0 0
vt 0 0
vt 0 0
vt 0 0
vt 0 0
vt 0 0
vt 0 0
vt 0 0
vt 0 0
vt 0 0
vt 0 0
vt 0 0
vt 0 0
vt 0 0
vt 0 0
vt 0 0
vt 0 0
vt 0 0
vt 0 0
vt 0 0
vt 0 0
vt 0 0
vt 0 0
vt 0 0
vt 0 0
vt 0 0
vt 0 0
vt 0 0
vt 0 0
vt 0 0
vt 0 0
vt 0 0
vt 0 0
vt 0 0
vt 0 0
vt 0 0
vt 0 0
vt 0 0
vt 0 0
vt 0 0
vt 0 0
vt 0 0
vt 0 0
vt 0 0
vt 0 0
vt 0 0
vt 0 0
vt 0 0
vt 0 0
vt 0 0
vt 0 0
vt 0 0
vt 0 0
vt 0 0
vt 0 0
vt 0 0
vt 0 0
vt 0 0
vt 0 0
vt 0 0
vt 0 0
vt 0 0
vt 0 0
vt 0 0
vt 0 0
vt 0 0
vt 0 0
vt 0 0
vt 0 0
vt 0 0
vt 0 0
vt 0 0
vt 0 0
vt 0 0
vt 0 0
vt 0 0
vt 0 0
vt 0 0
vt 0 0
vt 0 0
vt 0 0
vt 0 0
vt 0 0
vt 0 0
vt 0 0
vt 0 0
vt 0 0
vt 0 0
vt 0 0
vt 0 0
vt 0 0
vt 0 0
vt 0 0
vt 0 0
vt 0 0
vt 0 0
vt 0 0
vt 0 0
vt 0 0
vt 0 0
vt 0 0
vt 0 0
vt 0 0
vt 0 0
vt 0 0
vt 0 0
vt 0 0
vt 0 0
vt 0 0
vt 0 0
vt 0 0
vt 0 0
vt 0 0
vt 0 0
vt 0 0
vt 0 0
vt 0 0
vt 0 0
vt 0 0
vt 0 0
vt 0 0
vt 0 0
vt 0 0
vt 0 0
vt 0 0
vt 0 0
vt 0 0
vt 0 0
vt 0 0
vt 0 0
vt 0 0
vt 0 0
vt 0 0
vt 0 0
vt 0 0
vt 0 0
vt 0 0
vt 0 0
vt 0 0
vt 0 0
vt 0 0
vt 0 0
vt 0 0
vt 0 0
vt 0 0
vt 0 0
vt 0 0
vt 0 0
vt 0 0
vt 0 0
vt 0 0
vt 0 0
vt 0 0
vt 0 0
vt 0 0
vt 0 0
vt 0 0
vt 0 0
vt 0 0
vt 0 0
vt 0 0
vt 0 0
vt 0 0
vt 0 0
vt 0 0
vt 0 0
vt 0 0
vt 0 0
vt 0 0
vt 0 0
vt 0 0
vt 0 0
vt 0 0
vt 0 0
vt 0 0
vt 0 0
vt 0 0
vt 0 0
vt 0 0
vt 0 0
vt 0 0
vt 0 0
vt 0 0
vt 0 0
vt 0 0
vt 0 0
vt 0 0
vt 0 0
vt 0 0
vt 0 0
vt 0 0
vt 0 0
vt 0 0
vt 0 0
vt 0 0
vt 0 0
vt 0 0
vt 0 0
vt 0 0
vt 0 0
vt 0 0
vt 0 0
vt 0 0
vt 0 0
vt 0 0
vt 0 0
vt 0 0
vt 0 0
vt 0 0
vt 0 0
vt 0 0
vt 0 0
vt 0 0
vt 0 0
vt 0 0
vt 0 0
vt 0 0
vt 0 0
vt 0 0
vt 0 0
vt 0 0
vt 0 0
vt 0 0
vt 0 0
vt 0 0
vt 0 0
vt 0 0
vt 0 0
vt 0 0
vt 0 0
vt 0 0
vt 0 0
vt 0 0
vt 0 0
vt 0 0
vt 0 0
vt 0 0
vt 0 0
vt 0 0
vt 0 0
vt 0 0
vt 0 0
vt 0 0
vt 0 0
vt 0 0
vt 0 0
vt 0 0
vt 0 0
vt 0 0
vt 0 0
vt 0 0
vt 0 0
vt 0 0
vt 0 0
vt 0 0
vt 0 0
vt 0 0
vt 0 0
vt 0 0
vt 0 0
vt 0 0
vt 0 0
vt 0 0
vt 0 0
vt 0 0
vt 0 0
vt 0 0
vt 0 0
vt 0 0
vt 0 0
vt 0 0
vt 0 0
vt 0 0
vt 0 0
vt 0 0
vt 0 0
vt 0 0
vt 0 0
vt 0 0
vt 0 0
vt 0 0
vt 0 0
vt 0 0
vt 0 0
vt 0 0
vt 0 0
vt 0 0
vt 0 0
vt 0 0
vt 0 0
vt 0 0
vt 0 0
vt 0 0
vt 0 0
vt 0 0
vt 0 0
vt 0 0
vt 0 0
vt 0 0
vt 0 0
vt 0 0
vt 0 0
vt 0 0
vt 0 0
vt 0 0
vt 0 0
vt 0 0
vt 0 0
vt 0 0
vt 0 0
vt 0 0
vt 0 0
vt 0 0
vt 0 0
vt 0 0
vt 0 0
vt 0 0
vt 0 0
vt 0 0
vt 0 0
vt 0 0
vt 0 0
vt 0 0
vt 0 0
vt 0 0
vt 0 0
vt 0 0
vt 0 0
vt 0 0
vt 0 0
vt 0 0
vt 0 0
vt 0 0
vt 0 0
vt 0 0
vt 0 0
vt 0 0
vt 0 0
vt 0 0
vt 0 0
vt 0 0
vt 0 0
vt 0 0
vt 0 0
vt 0 0
vt 0 0
vt 0 0
vt 0 0
vt 0 0
vt 0 0
vt 0 0
vt 0 0
vt 0 0
vt 0 0
vt 0 0
vt 0 0
vt 0 0
vt 0 0
vt 0 0
vt 0 0
vt 0 0
vt 0 0
vt 0 0
vt 0 0
vt 0 0
vt 0 0
vt 0 0
vt 0 0
vt 0 0
vt 0 0
vt 0 0
vt 0 0
vt 0 0
vt 0 0
vt 0 0
vt 0 0
vt 0 0
vt 0 0
vt 0 0
vt 0 0
vt 0 0
vt 0 0
vt 0 0
vt 0 0
vt 0 0
vt 0 0
vt 0 0
vt 0 0
vt 0 0
vt 0 0
vt 0 0
vt 0 0
vt 0 0
vt 0 0
vt 0 0
vt 0 0
vt 0 0
vt 0 0
vt 0 0
vt 0 0
vt 0 0
vt 0 0
vt 0 0
vt 0 0
vt 0 0
vt 0 0
vt 0 0
vt 0 0
vt 0 0
vt 0 0
vt 0 0
vt 0 0
vt 0 0
vt 0 0
vt 0 0
vt 0 0
vt 0 0
vt 0 0
vt 0 0
vt 0 0
vt 0 0
vt 0 0
vt 0 0
vt 0 0
vt 0 0
vt 0 0
vt 0 0
vt 0 0
vt 0 0
vt 0 0
vt 0 0
vt 0 0
vt 0 0
vt 0 0
vt 0 0
vt 0 0
vt 0 0
vt 0 0
vt 0 0
vt 0 0
vt 0 0
vt 0 0
vt 0 0
vt 0 0
vt 0 0
vt 0 0
vt 0 0
vt 0 0
vt 0 0
vt 0 0
vt 0 0
vt 0 0
vt 0 0
vt 0 0
vt 0 0
vt 0 0
vt 0 0
vt 0 0
vt 0 0
vt 0 0
vt 0 0
vt 0 0
vt 0 0
vt 0 0
vt 0 0
vt 0 0
vt 0 0
vt 0 0
vt 0 0
vt 0 0
vt 0 0
vt 0 0
vt 0 0
vt 0 0
vt 0 0
vt 0 0
vt 0 0
vt 0 0
vt 0 0
vt 0 0
vt 0 0
vt 0 0
vt 0 0
vt 0 0
vt 0 0
vt 0 0
vt 0 0
vt 0 0
vt 0 0
vt 0 0
vt 0 0
vt 0 0
vt 0 0
vt 0 0
vt 0 0
vt 0 0
vt 0 0
vt 0 0
vt 0 0
vt 0 0
vt 0 0
vt 0 0
vt 0 0
vt 0 0
vt 0 0
vt 0 0
vt 0 0
vt 0 0
vt 0 0
vt 0 0
vt 0 0
vt 0 0
vt 0 0
vt 0 0
vt 0 0
vt 0 0
vt 0 0
vt 0 0
vt 0 0
vt 0 0
vt 0 0
vt 0 0
vt 0 0
vt 0 0
vt 0 0
vt 0 0
vt 0 0
vt 0 0
vt 0 0
vt 0 0
vt 0 0
vt 0 0
vt 0 0
vt 0 0
vt 0 0
vt 0 0
vt 0 0
vt 0 0
vt 0 0
vt 0 0
vt 0 0
vt 0 0
vt 0 0
vt 0 0
vt 0 0
vt 0 0
vt 0 0
vt 0 0
vt 0 0
vt 0 0
vt 0 0
vt 0 0
vt 0 0
vt 0 0
vt 0 0
vt 0 0
vt 0 0
vt 0 0
vt 0 0
vt 0 0
vt 0 0
vt 0 0
vt 0 0
vt 0 0
vt 0 0
vt 0 0
vt 0 0
vt 0 0
vt 0 0
vt 0 0
vt 0 0
vt 0 0
vt 0 0
vt 0 0
vt 0 0
vt 0 0
vt 0 0
vt 0 0
vt 0 0
vt 0 0
vt 0 0
vt 0 0
vt 0 0
vt 0 0
vt 0 0
vt 0 0
vt 0 0
vt 0 0
vt 0 0
vt 0 0
vt 0 0
vt 0 0
vt 0 0
vt 0 0
vt 0 0
vt 0 0
vt 0 0
vt 0 0
vt 0 0
vt 0 0
vt 0 0
vt 0 0
vt 0 0
vt 0 0
vt 0 0
vt 0 0
vt 0 0
vt 0 0
vt 0 0
vt 0 0
vt 0 0
vt 0 0
vt 0 0
vt 0 0
vt 0 0
vt 0 0
vt 0 0
vt 0 0
vt 0 0
vt 0 0
vt 0 0
vt 0 0
vt 0 0
vt 0 0
vt 0 0
vt 0 0
vt 0 0
vt 0 0
vt 0 0
vt 0 0
vt 0 0
vt 0 0
vt 0 0
vt 0 0
vt 0 0
vt 0 0
vt 0 0
vt 0 0
vt 0 0
vt 0 0
vt 0 0
vt 0 0
vt 0 0
vt 0 0
vt 0 0
vt 0 0
vt 0 0
vt 0 0
vt 0 0
vt 0 0
vt 0 0
vt 0 0
vt 0 0
vt 0 0
vt 0 0
vt 0 0
vt 0 0
vt 0 0
vt 0 0
vt 0 0
vt 0 0
vt 0 0
vt 0 0
vt 0 0
vt 0 0
vt 0 0
vt 0 0
vt 0 0
vt 0 0
vt 0 0
vt 0 0
vt 0 0
vt 0 0
vt 0 0
vt 0 0
vt 0 0
vt 0 0
vt 0 0
vt 0 0
vt 0 0
vt 0 0
vt 0 0
vt 0 0
vt 0 0
vt 0 0
vt 0 0
vt 0 0
vt 0 0
vt 0 0
vt 0 0
vt 0 0
vt 0 0
vt 0 0
vt 0 0
vt 0 0
vt 0 0
vt 0 0
vt 0 0
vt 0 0
vt 0 0
vt 0 0
vt 0 0
vt 0 0
vt 0 0
vt 0 0
vt 0 0
vt 0 0
vt 0 0
vt 0 0
vt 0 0
vt 0 0
vt 0 0
vt 0 0
vt 0 0
vt 0 0
vt 0 0
vt 0 0
vt 0 0
vt 0 0
vt 0 0
vt 0 0
vt 0 0
vt 0 0
vt 0 0
vt 0 0
vt 0 0
vt 0 0
vt 0 0
vt 0 0
vt 0 0
vt 0 0
vt 0 0
vt 0 0
vt 0 0
vt 0 0
vt 0 0
vt 0 0
vt 0 0
vt 0 0
vt 0 0
vt 0 0
vt 0 0
vt 0 0
vt 0 0
vt 0 0
vt 0 0
vt 0 0
vt 0 0
vt 0 0
vt 0 0
vt 0 0
vt 0 0
vt 0 0
vt 0 0
vt 0 0
vt 0 0
vt 0 0
vt 0 0
vt 0 0
vt 0 0
vt 0 0
vt 0 0
vt 0 0
vt 0 0
vt 0 0
vt 0 0
vt 0 0
vt 0 0
vt 0 0
vt 0 0
vt 0 0
vt 0 0
vt 0 0
vt 0 0
vt 0 0
vt 0 0
vt 0 0
vt 0 0
vt 0 0
vt 0 0
vt 0 0
vt 0 0
vt 0 0
vt 0 0
vt 0 0
vt 0 0
vt 0 0
vt 0 0
vt 0 0
vt 0 0
vt 0 0
vt 0 0
vt 0 0
vt 0 0
vt 0 0
vt 0 0
vt 0 0
vt 0 0
vt 0 0
vt 0 0
vt 0 0
vt 0 0
vt 0 0
vt 0 0
vt 0 0
vt 0 0
vt 0 0
vt 0 0
vt 0 0
vt 0 0
vt 0 0
vt 0 0
vt 0 0
vt 0 0
vt 0 0
vt 0 0
vt 0 0
vt 0 0
vt 0 0
vt 0 0
vt 0 0
vt 0 0
vt 0 0
vt 0 0
vt 0 0
vt 0 0
vt 0 0
vt 0 0
vt 0 0
vt 0 0
vt 0 0
vt 0 0
vt 0 0
vt 0 0
vt 0 0
vt 0 0
vt 0 0
vt 0 0
vt 0 0
vt 0 0
vt 0 0
vt 0 0
vt 0 0
vt 0 0
vt 0 0
vt 0 0
vt 0 0
vt 0 0
vt 0 0
vt 0 0
vt 0 0
vt 0 0
vt 0 0
vt 0 0
vt 0 0
vt 0 0
vt 0 0
vt 0 0
vt 0 0
vt 0 0
vt 0 0
vt 0 0
vt 0 0
vt 0 0
vt 0 0
vt 0 0
vt 0 0
vt 0 0
vt 0 0
vt 0 0
vt 0 0
vt 0 0
vt 0 0
vt 0 0
vt 0 0
vt 0 0
vt 0 0
vt 0 0
vt 0 0
vt 0 0
vt 0 0
vt 0 0
vt 0 0
vt 0 0
vt 0 0
vt 0 0
vt 0 0
vt 0 0
vt 0 0
vt 0 0
vt 0 0
vt 0 0
vt 0 0
vt 0 0
vt 0 0
vt 0 0
vt 0 0
vt 0 0
vt 0 0
vt 0 0
vt 0 0
vt 0 0
vt 0 0
vt 0 0
vt 0 0
vt 0 0
vt 0 0
vt 0 0
vt 0 0
vt 0 0
vt 0 0
vt 0 0
vt 0 0
vt 0 0
vt 0 0
vt 0 0
vt 0 0
vt 0 0
vt 0 0
vt 0 0
vt 0 0
vt 0 0
vt 0 0
vt 0 0
vt 0 0
vt 0 0
vt 0 0
vt 0 0
vt 0 0
vt 0 0
vt 0 0
vt 0 0
vt 0 0
vt 0 0
vt 0 0
vt 0 0
vt 0 0
vt 0 0
vt 0 0
vt 0 0
vt 0 0
vt 0 0
vt 0 0
vt 0 0
vt 0 0
vt 0 0
vt 0 0
vt 0 0
vt 0 0
vt 0 0
vt 0 0
vt 0 0
vt 0 0
vt 0 0
vt 0 0
vt 0 0
vt 0 0
vt 0 0
vt 0 0
vt 0 0
vt 0 0
vt 0 0
vt 0 0
vt 0 0
vt 0 0
vt 0 0
vt 0 0
vt 0 0
vt 0 0
vt 0 0
vt 0 0
vt 0 0
vt 0 0
vt 0 0
vt 0 0
vt 0 0
vt 0 0
vt 0 0
vt 0 0
vt 0 0
vt 0 0
vt 0 0
vt 0 0
vt 0 0
vt 0 0
vt 0 0
vt 0 0
vt 0 0
vt 0 0
vt 0 0
vt 0 0
vt 0 0
vt 0 0
vt 0 0
vt 0 0
vt 0 0
vt 0 0
vt 0 0
vt 0 0
vt 0 0
vt 0 0
vt 0 0
vt 0 0
vt 0 0
vt 0 0
vt 0 0
vt 0 0
vt 0 0
vt 0 0
vt 0 0
vt 0 0
vt 0 0
vt 0 0
vt 0 0
vt 0 0
vt 0 0
vt 0 0
vt 0 0
vt 0 0
vt 0 0
vt 0 0
vt 0 0
vt 0 0
vt 0 0
vt 0 0
vt 0 0
vt 0 0
vt 0 0
vt 0 0
vt 0 0
vt 0 0
vt 0 0
vt 0 0
vt 0 0
vt 0 0
vt 0 0
vt 0 0
vt 0 0
vt 0 0
vt 0 0
vt 0 0
vt 0 0
vt 0 0
vt 0 0
vt 0 0
vt 0 0
vt 0 0
vt 0 0
vt 0 0
vt 0 0
vt 0 0
vt 0 0
vt 0 0
vt 0 0
vt 0 0
vt 0 0
vt 0 0
vt 0 0
vt 0 0
vt 0 0
vt 0 0
vt 0 0
vt 0 0
vt 0 0
vt 0 0
vt 0 0
vt 0 0
vt 0 0
vt 0 0
vt 0 0
vt 0 0
vt 0 0
vt 0 0
vt 0 0
vt 0 0
vt 0 0
vt 0 0
vt 0 0
vt 0 0
vt 0 0
vt 0 0
vt 0 0
vt 0 0
vt 0 0
vt 0 0
vt 0 0
vt 0 0
vt 0 0
vt 0 0
vt 0 0
vt 0 0
vt 0 0
vt 0 0
vt 0 0
vt 0 0
vt 0 0
vt 0 0
vt 0 0
vt 0 0
vt 0 0
vt 0 0
vt 0 0
vt 0 0
vt 0 0
vt 0 0
vt 0 0
vt 0 0
vt 0 0
vt 0 0
vt 0 0
vt 0 0
vt 0 0
vt 0 0
vt 0 0
vt 0 0
vt 0 0
vt 0 0
vt 0 0
vt 0 0
vt 0 0
vt 0 0
vt 0 0
vt 0 0
vt 0 0
vt 0 0
vt 0 0
vt 0 0
vt 0 0
vt 0 0
vt 0 0
vt 0 0
vt 0 0
vt 0 0
vt 0 0
vt 0 0
vt 0 0
vt 0 0
vt 0 0
vt 0 0
vt 0 0
vt 0 0
vt 0 0
vt 0 0
vt 0 0
vt 0 0
vt 0 0
vt 0 0
vt 0 0
vt 0 0
vt 0 0
vt 0 0
vt 0 0
vt 0 0
vt 0 0
vt 0 0
vt 0 0
vt 0 0
vt 0 0
vt 0 0
vt 0 0
vt 0 0
vt 0 0
vt 0 0
vt 0 0
vt 0 0
vt 0 0
vt 0 0
vt 0 0
vt 0 0
vt 0 0
vt 0 0
vt 0 0
vt 0 0
vt 0 0
vt 0 0
vt 0 0
vt 0 0
vt 0 0
vt 0 0
vt 0 0
vt 0 0
vt 0 0
vt 0 0
vt 0 0
vt 0 0
vt 0 0
vt 0 0
vt 0 0
vt 0 0
vt 0 0
vt 0 0
vt 0 0
vt 0 0
vt 0 0
vt 0 0
vt 0 0
vt 0 0
vt 0 0
vt 0 0
vt 0 0
vt 0 0
vt 0 0
vt 0 0
vt 0 0
vt 0 0
vt 0 0
vt 0 0
vt 0 0
vt 0 0
vt 0 0
vt 0 0
vt 0 0
vt 0 0
vt 0 0
vt 0 0
vt 0 0
vt 0 0
vt 0 0
vt 0 0
vt 0 0
vt 0 0
vt 0 0
vt 0 0
vt 0 0
vt 0 0
vt 0 0
vt 0 0
vt 0 0
vt 0 0
vt 0 0
vt 0 0
vt 0 0
vt 0 0
vt 0 0
vt 0 0
vt 0 0
vt 0 0
vt 0 0
vt 0 0
vt 0 0
vt 0 0
vt 0 0
vt 0 0
vt 0 0
vt 0 0
vt 0 0
vt 0 0
vt 0 0
vt 0 0
vt 0 0
vt 0 0
vt 0 0
vt 0 0
vt 0 0
vt 0 0
vt 0 0
vt 0 0
vt 0 0
vt 0 0
vt 0 0
vt 0 0
vt 0 0
vt 0 0
vt 0 0
vt 0 0
vt 0 0
vt 0 0
vt 0 0
vt 0 0
vt 0 0
vt 0 0
vt 0 0
vt 0 0
vt 0 0
vt 0 0
vt 0 0
vt 0 0
vt 0 0
vt 0 0
vt 0 0
vt 0 0
vt 0 0
vt 0 0
vt 0 0
vt 0 0
vt 0 0
vt 0 0
vt 0 0
vt 0 0
vt 0 0
vt 0 0
vt 0 0
vt 0 0
vt 0 0
vt 0 0
vt 0 0
vt 0 0
vt 0 0
vt 0 0
vt 0 0
vt 0 0
vt 0 0
vt 0 0
vt 0 0
vt 0 0
vt 0 0
vt 0 0
vt 0 0
vt 0 0
vt 0 0
vt 0 0
vt 0 0
vt 0 0
vt 0 0
vt 0 0
vt 0 0
vt 0 0
vt 0 0
vt 0 0
vt 0 0
vt 0 0
vt 0 0
vt 0 0
vt 0 0
vt 0 0
vt 0 0
vt 0 0
vt 0 0
vt 0 0
vt 0 0
vt 0 0
vt 0 0
vt 0 0
vt 0 0
vt 0 0
vt 0 0
vt 0 0
vt 0 0
vt 0 0
vt 0 0
vt 0 0
vt 0 0
vt 0 0
vt 0 0
vt 0 0
vt 0 0
vt 0 0
vt 0 0
vt 0 0
vt 0 0
vt 0 0
vt 0 0
vt 0 0
vt 0 0
vt 0 0
vt 0 0
vt 0 0
vt 0 0
vt 0 0
vt 0 0
vt 0 0
vt 0 0
vt 0 0
vt 0 0
vt 0 0
vt 0 0
vt 0 0
vt 0 0
vt 0 0
vt 0 0
vt 0 0
vt 0 0
vt 0 0
vt 0 0
vt 0 0
vt 0 0
vt 0 0
vt 0 0
vt 0 0
vt 0 0
vt 0 0
vt 0 0
vt 0 0
vt 0 0
vt 0 0
vt 0 0
vt 0 0
vt 0 0
vt 0 0
vt 0 0
vt 0 0
vt 0 0
vt 0 0
vt 0 0
vt 0 0
vt 0 0
vt 0 0
vt 0 0
vt 0 0
vt 0 0
vt 0 0
vt 0 0
vt 0 0
vt 0 0
vt 0 0
vt 0 0
vt 0 0
vt 0 0
vt 0 0
vt 0 0
vt 0 0
vt 0 0
vt 0 0
vt 0 0
vt 0 0
vt 0 0
vt 0 0
vt 0 0
vt 0 0
vt 0 0
vt 0 0
vt 0 0
vt 0 0
vt 0 0
vt 0 0
vt 0 0
vt 0 0
vt 0 0
vt 0 0
vt 0 0
vt 0 0
vt 0 0
vt 0 0
vt 0 0
vt 0 0
vt 0 0
vt 0 0
vt 0 0
vt 0 0
vt 0 0
vt 0 0
vt 0 0
vt 0 0
vt 0 0
vt 0 0
vt 0 0
vt 0 0
vt 0 0
vt 0 0
vt 0 0
vt 0 0
vt 0 0
vt 0 0
vt 0 0
vt 0 0
vt 0 0
vt 0 0
vt 0 0
vt 0 0
vt 0 0
vt 0 0
vt 0 0
vt 0 0
vt 0 0
vt 0 0
vt 0 0
vt 0 0
vt 0 0
vt 0 0
vt 0 0
vt 0 0
vt 0 0
vt 0 0
vt 0 0
vt 0 0
vt 0 0
vt 0 0
vt 0 0
vt 0 0
vt 0 0
vt 0 0
vt 0 0
vt 0 0
vt 0 0
vt 0 0
vt 0 0
vt 0 0
vt 0 0
vt 0 0
vt 0 0
vt 0 0
vt 0 0
vt 0 0
vt 0 0
vt 0 0
vt 0 0
vt 0 0
vt 0 0
vt 0 0
vt 0 0
vt 0 0
vt 0 0
vt 0 0
vt 0 0
vt 0 0
vt 0 0
vt 0 0
vt 0 0
vt 0 0
vt 0 0
vt 0 0
vt 0 0
vt 0 0
vt 0 0
vt 0 0
vt 0 0
vt 0 0
vt 0 0
vt 0 0
vt 0 0
vt 0 0
vt 0 0
vt 0 0
vt 0 0
vt 0 0
vt 0 0
vt 0 0
vt 0 0
vt 0 0
vt 0 0
vt 0 0
vt 0 0
vt 0 0
vt 0 0
vt 0 0
vt 0 0
vt 0 0
vt 0 0
vt 0 0
vt 0 0
vt 0 0
vt 0 0
vt 0 0
vt 0 0
vt 0 0
vt 0 0
vt 0 0
vt 0 0
vt 0 0
vt 0 0
vt 0 0
vt 0 0
vt 0 0
vt 0 0
vt 0 0
vt 0 0
vt 0 0
vt 0 0
vt 0 0
vt 0 0
vt 0 0
vt 0 0
vt 0 0
vt 0 0
vt 0 0
vt 0 0
vt 0 0
vt 0 0
vt 0 0
vt 0 0
vt 0 0
vt 0 0
vt 0 0
vt 0 0
vt 0 0
vt 0 0
vt 0 0
vt 0 0
vt 0 0
vt 0 0
vt 0 0
vt 0 0
vt 0 0
vt 0 0
vt 0 0
vt 0 0
vt 0 0
vt 0 0
vt 0 0
vt 0 0
vt 0 0
vt 0 0
vt 0 0
vt 0 0
vt 0 0
vt 0 0
vt 0 0
vt 0 0
vt 0 0
vt 0 0
vt 0 0
vt 0 0
vt 0 0
vt 0 0
vt 0 0
vt 0 0
vt 0 0
vt 0 0
vt 0 0
vt 0 0
vt 0 0
vt 0 0
vt 0 0
vt 0 0
vt 0 0
vt 0 0
vt 0 0
vt 0 0
vt 0 0
vt 0 0
vt 0 0
vt 0 0
vt 0 0
vt 0 0
vt 0 0
vt 0 0
vt 0 0
vt 0 0
vt 0 0
vt 0 0
vt 0 0
vt 0 0
vt 0 0
vt 0 0
vt 0 0
vt 0 0
vt 0 0
vt 0 0
vt 0 0
vt 0 0
vt 0 0
vt 0 0
vt 0 0
vt 0 0
vt 0 0
vt 0 0
vt 0 0
vt 0 0
vt 0 0
vt 0 0
vt 0 0
vt 0 0
vt 0 0
vt 0 0
vt 0 0
vt 0 0
vt 0 0
vt 0 0
vt 0 0
vt 0 0
vt 0 0
vt 0 0
vt 0 0
vt 0 0
vt 0 0
vt 0 0
vt 0 0
vt 0 0
vt 0 0
vt 0 0
vt 0 0
vt 0 0
vt 0 0
vt 0 0
vt 0 0
vt 0 0
vt 0 0
vt 0 0
vt 0 0
vt 0 0
vt 0 0
vt 0 0
vt 0 0
vt 0 0
vt 0 0
vt 0 0
vt 0 0
vt 0 0
vt 0 0
vt 0 0
vt 0 0
vt 0 0
vt 0 0
vt 0 0
vt 0 0
vt 0 0
vt 0 0
vt 0 0
vt 0 0
vt 0 0
vt 0 0
vt 0 0
vt 0 0
vt 0 0
vt 0 0
vt 0 0
vt 0 0
vt 0 0
vt 0 0
vt 0 0
vt 0 0
vt 0 0
vt 0 0
vt 0 0
vt 0 0
vt 0 0
vt 0 0
vt 0 0
vt 0 0
vt 0 0
vt 0 0
vt 0 0
vt 0 0
vt 0 0
vt 0 0
vt 0 0
vt 0 0
vt 0 0
vt 0 0
vt 0 0
vt 0 0
vt 0 0
vt 0 0
vt 0 0
vt 0 0
vt 0 0
vt 0 0
vt 0 0
vt 0 0
vt 0 0
vt 0 0
vt 0 0
vt 0 0
vt 0 0
vt 0 0
vt 0 0
vt 0 0
vt 0 0
vt 0 0
vt 0 0
vt 0 0
vt 0 0
vt 0 0
vt 0 0
vt 0 0
vt 0 0
vt 0 0
vt 0 0
vt 0 0
vt 0 0
vt 0 0
vt 0 0
vt 0 0
vt 0 0
vt 0 0
vt 0 0
vt 0 0
vt 0 0
vt 0 0
vt 0 0
vt 0 0
vt 0 0
vt 0 0
vt 0 0
vt 0 0
vt 0 0
vt 0 0
vt 0 0
vt 0 0
vt 0 0
vt 0 0
vt 0 0
vt 0 0
vt 0 0
vt 0 0
vt 0 0
vt 0 0
vt 0 0
vt 0 0
vt 0 0
vt 0 0
vt 0 0
vt 0 0
vt 0 0
vt 0 0
vt 0 0
vt 0 0
vt 0 0
vt 0 0
vt 0 0
vt 0 0
vt 0 0
vt 0 0
vt 0 0
vt 0 0
vt 0 0
vt 0 0
vt 0 0
vt 0 0
vt 0 0
vt 0 0
vt 0 0
vt 0 0
vt 0 0
vt 0 0
vt 0 0
vt 0 0
vt 0 0
vt 0 0
vt 0 0
vt 0 0
vt 0 0
vt 0 0
vt 0 0
vt 0 0
vt 0 0
vt 0 0
vt 0 0
vt 0 0
vt 0 0
vt 0 0
vt 0 0
vt 0 0
vt 0 0
vt 0 0
vt 0 0
vt 0 0
vt 0 0
vt 0 0
vt 0 0
vt 0 0
vt 0 0
vt 0 0
vt 0 0
vt 0 0
vt 0 0
vt 0 0
vt 0 0
vt 0 0
vt 0 0
vt 0 0
vt 0 0
vt 0 0
vt 0 0
vt 0 0
vt 0 0
vt 0 0
vt 0 0
vt 0 0
vt 0 0
vt 0 0
vt 0 0
vt 0 0
vt 0 0
vt 0 0
vt 0 0
vt 0 0
vt 0 0
vt 0 0
vt 0 0
vt 0 0
vt 0 0
vt 0 0
vt 0 0
vt 0 0
vt 0 0
vt 0 0
vt 0 0
vt 0 0
vt 0 0
vt 0 0
vt 0 0
vt 0 0
vt 0 0
vt 0 0
vt 0 0
vt 0 0
vt 0 0
vt 0 0
vt 0 0
vt 0 0
vt 0 0
vt 0 0
vt 0 0
vt 0 0
vt 0 0
vt 0 0
vt 0 0
vt 0 0
vt 0 0
vt 0 0
vt 0 0
vt 0 0
vt 0 0
vt 0 0
vt 0 0
vt 0 0
vt 0 0
vt 0 0
vt 0 0
vt 0 0
vt 0 0
vt 0 0
vt 0 0
vt 0 0
vt 0 0
vt 0 0
vt 0 0
vt 0 0
vt 0 0
vt 0 0
vt 0 0
vt 0 0
vt 0 0
vt 0 0
vt 0 0
vt 0 0
vt 0 0
vt 0 0
vt 0 0
vt 0 0
vt 0 0
vt 0 0
vt 0 0
vt 0 0
vt 0 0
vt 0 0
vt 0 0
vt 0 0
vt 0 0
vt 0 0
vt 0 0
vt 0 0
vt 0 0
vt 0 0
vt 0 0
vt 0 0
vt 0 0
vt 0 0
vt 0 0
vt 0 0
vt 0 0
vt 0 0
vt 0 0
vt 0 0
vt 0 0
vt 0 0
vt 0 0
vt 0 0
vt 0 0
vt 0 0
vt 0 0
vt 0 0
vt 0 0
vt 0 0
vt 0 0
vt 0 0
vt 0 0
vt 0 0
vt 0 0
vt 0 0
vt 0 0
vt 0 0
vt 0 0
vt 0 0
vt 0 0
vt 0 0
vt 0 0
vt 0 0
vt 0 0
vt 0 0
vt 0 0
vt 0 0
vt 0 0
vt 0 0
vt 0 0
vt 0 0
vt 0 0
vt 0 0
vt 0 0
vt 0 0
vt 0 0
vt 0 0
vt 0 0
vt 0 0
vt 0 0
vt 0 0
vt 0 0
vt 0 0
vt 0 0
vt 0 0
vt 0 0
vt 0 0
vt 0 0
vt 0 0
vt 0 0
vt 0 0
vt 0 0
vt 0 0
vt 0 0
vt 0 0
vt 0 0
vt 0 0
vt 0 0
vt 0 0
vt 0 0
vt 0 0
vt 0 0
vt 0 0
vt 0 0
vt 0 0
vt 0 0
vt 0 0
vt 0 0
vt 0 0
vt 0 0
vt 0 0
vt 0 0
vt 0 0
vt 0 0
vt 0 0
vt 0 0
vt 0 0
vt 0 0
vt 0 0
vt 0 0
vt 0 0
vt 0 0
vt 0 0
vt 0 0
vt 0 0
vt 0 0
vt 0 0
vt 0 0
vt 0 0
vt 0 0
vt 0 0
vt 0 0
vt 0 0
vt 0 0
vt 0 0
vt 0 0
vt 0 0
vt 0 0
vt 0 0
vt 0 0
vt 0 0
vt 0 0
vt 0 0
vt 0 0
vt 0 0
vt 0 0
vt 0 0
vt 0 0
vt 0 0
vt 0 0
vt 0 0
vt 0 0
vt 0 0
vt 0 0
vt 0 0
vt 0 0
vt 0 0
vt 0 0
vt 0 0
vt 0 0
vt 0 0
vt 0 0
vt 0 0
vt 0 0
vt 0 0
vt 0 0
vt 0 0
vt 0 0
vt 0 0
vt 0 0
vt 0 0
vt 0 0
vt 0 0
vt 0 0
vt 0 0
vt 0 0
vt 0 0
vt 0 0
vt 0 0
vt 0 0
vt 0 0
vt 0 0
vt 0 0
vt 0 0
vt 0 0
vt 0 0
vt 0 0
vt 0 0
vt 0 0
vt 0 0
vt 0 0
vt 0 0
vt 0 0
vt 0 0
vt 0 0
vt 0 0
vt 0 0
vt 0 0
vt 0 0
vt 0 0
vt 0 0
vt 0 0
vt 0 0
vt 0 0
vt 0 0
vt 0 0
vt 0 0
vt 0 0
vt 0 0
vt 0 0
vt 0 0
vt 0 0
vt 0 0
vt 0 0
vt 0 0
vt 0 0
vt 0 0
vt 0 0
vt 0 0
vt 0 0
vt 0 0
vt 0 0
vt 0 0
vt 0 0
vt 0 0
vt 0 0
vt 0 0
vt 0 0
vt 0 0
vt 0 0
vt 0 0
vt 0 0
vt 0 0
vt 0 0
vt 0 0
vt 0 0
vt 0 0
vt 0 0
vt 0 0
vt 0 0
vt 0 0
vt 0 0
vt 0 0
vt 0 0
vt 0 0
vt 0 0
vt 0 0
vt 0 0
vt 0 0
vt 0 0
vt 0 0
vt 0 0
vt 0 0
vt 0 0
vt 0 0
vt 0 0
vt 0 0
vt 0 0
vt 0 0
vt 0 0
vt 0 0
vt 0 0
vt 0 0
vt 0 0
vt 0 0
vt 0 0
vt 0 0
vt 0 0
vt 0 0
vt 0 0
vt 0 0
vt 0 0
vt 0 0
vt 0 0
vt 0 0
vt 0 0
vt 0 0
vt 0 0
vt 0 0
vt 0 0
vt 0 0
vt 0 0
vt 0 0
vt 0 0
vt 0 0
vt 0 0
vt 0 0
vt 0 0
vt 0 0
vt 0 0
vt 0 0
vt 0 0
vt 0 0
vt 0 0
vt 0 0
vt 0 0
vt 0 0
vt 0 0
vt 0 0
vt 0 0
vt 0 0
vt 0 0
vt 0 0
vt 0 0
vt 0 0
vt 0 0
vt 0 0
vt 0 0
vt 0 0
vt 0 0
vt 0 0
vt 0 0
vt 0 0
vt 0 0
vt 0 0
vt 0 0
vt 0 0
vt 0 0
vt 0 0
vt 0 0
vt 0 0
vt 0 0
vt 0 0
vt 0 0
vt 0 0
vt 0 0
vt 0 0
vt 0 0
vt 0 0
vt 0 0
vt 0 0
vt 0 0
vt 0 0
vt 0 0
vt 0 0
vt 0 0
vt 0 0
vt 0 0
vt 0 0
vt 0 0
vt 0 0
vt 0 0
vt 0 0
vt 0 0
vt 0 0
vt 0 0
vt 0 0
vt 0 0
vt 0 0
vt 0 0
vt 0 0
vt 0 0
vt 0 0
vt 0 0
vt 0 0
vt 0 0
vt 0 0
vt 0 0
vt 0 0
vt 0 0
vt 0 0
vt 0 0
vt 0 0
vt 0 0
vt 0 0
vt 0 0
vt 0 0
vt 0 0
vt 0 0
vt 0 0
vt 0 0
vt 0 0
vt 0 0
vt 0 0
vt 0 0
vt 0 0
vt 0 0
vt 0 0
vt 0 0
vt 0 0
vt 0 0
vt 0 0
vt 0 0
vt 0 0
vt 0 0
vt 0 0
vt 0 0
vt 0 0
vt 0 0
vt 0 0
vt 0 0
vt 0 0
vt 0 0
vt 0 0
vt 0 0
vt 0 0
vt 0 0
vt 0 0
vt 0 0
vt 0 0
vt 0 0
vt 0 0
vt 0 0
vt 0 0
vt 0 0
vt 0 0
vt 0 0
vt 0 0
vt 0 0
vt 0 0
vt 0 0
vt 0 0
vt 0 0
vt 0 0
vt 0 0
vt 0 0
vt 0 0
vt 0 0
vt 0 0
vt 0 0
vt 0 0
vt 0 0
vt 0 0
# 2502 texture coordinates
f 421/421 1404/1404 1816/1816 
f 1816/1816 1404/1404 50/50 
f 438/438 1331/1331 783/783 
f 437/437 1331/1331 438/438 
f 1331/1331 437/437 1332/1332 
f 437/437 419/419 1332/1332 
f 419/419 421/421 1816/1816 
f 1332/1332 419/419 1816/1816 
f 419/419 422/422 421/421 
f 437/437 422/422 419/419 
f 437/437 420/420 422/422 
f 434/434 422/422 420/420 
f 421/421 422/422 28/28 
f 1333/1333 28/28 422/422 
f 434/434 1333/1333 422/422 
f 426/426 71/71 424/424 
f 424/424 425/425 426/426 
f 71/71 426/426 423/423 
f 1334/1334 423/423 426/426 
f 426/426 439/439 1334/1334 
f 1335/1335 439/439 426/426 
f 432/432 439/439 1335/1335 
f 427/427 424/424 72/72 
f 429/429 427/427 1832/1832 
f 121/121 428/428 427/427 
f 478/478 429/429 791/791 
f 447/447 1336/1336 429/429 
f 429/429 1336/1336 427/427 
f 427/427 1336/1336 121/121 
f 1337/1337 430/430 121/121 
f 1337/1337 121/121 1336/1336 
f 1337/1337 1336/1336 447/447 
f 1338/1338 430/430 1337/1337 
f 430/430 426/426 425/425 
f 428/428 430/430 425/425 
f 424/424 428/428 425/425 
f 427/427 428/428 424/424 
f 430/430 1335/1335 426/426 
f 1335/1335 430/430 432/432 
f 1339/1339 432/432 430/430 
f 121/121 430/430 428/428 
f 430/430 1338/1338 1339/1339 
f 431/431 439/439 432/432 
f 432/432 1341/1341 431/431 
f 1377/1377 1339/1339 1338/1338 
f 1377/1377 1340/1340 1339/1339 
f 1339/1339 1340/1340 432/432 
f 432/432 1340/1340 1341/1341 
f 1340/1340 443/443 1341/1341 
f 476/476 443/443 1340/1340 
f 434/434 433/433 1333/1333 
f 1342/1342 434/434 420/420 
f 434/434 435/435 433/433 
f 1342/1342 435/435 434/434 
f 438/438 420/420 437/437 
f 1334/1334 1342/1342 420/420 
f 423/423 438/438 783/783 
f 438/438 1334/1334 420/420 
f 423/423 1334/1334 438/438 
f 439/439 1342/1342 1334/1334 
f 1342/1342 436/436 435/435 
f 1342/1342 122/122 436/436 
f 1342/1342 1343/1343 122/122 
f 439/439 1343/1343 1342/1342 
f 1344/1344 436/436 122/122 
f 1343/1343 440/440 122/122 
f 440/440 1344/1344 122/122 
f 431/431 1343/1343 439/439 
f 1343/1343 431/431 1341/1341 
f 1343/1343 1341/1341 440/440 
f 1341/1341 443/443 440/440 
f 442/442 1333/1333 433/433 
f 441/441 433/433 435/435 
f 441/441 435/435 436/436 
f 441/441 442/442 433/433 
f 445/445 513/513 442/442 
f 445/445 442/442 441/441 
f 443/443 473/473 440/440 
f 471/471 440/440 473/473 
f 471/471 444/444 1344/1344 
f 440/440 471/471 1344/1344 
f 471/471 446/446 444/444 
f 1345/1345 515/515 445/445 
f 444/444 1345/1345 445/445 
f 436/436 444/444 441/441 
f 1344/1344 444/444 436/436 
f 441/441 444/444 445/445 
f 123/123 1345/1345 444/444 
f 446/446 123/123 444/444 
f 1345/1345 124/124 515/515 
f 516/516 515/515 124/124 
f 446/446 1368/1368 123/123 
f 1368/1368 1346/1346 123/123 
f 123/123 124/124 1345/1345 
f 123/123 1346/1346 124/124 
f 1346/1346 516/516 124/124 
f 1349/1349 478/478 1901/1901 
f 1349/1349 447/447 478/478 
f 479/479 447/447 1349/1349 
f 1351/1351 1347/1347 1348/1348 
f 1351/1351 448/448 1347/1347 
f 448/448 479/479 1349/1349 
f 1347/1347 1349/1349 1901/1901 
f 1347/1347 448/448 1349/1349 
f 449/449 479/479 448/448 
f 453/453 449/449 448/448 
f 125/125 1912/1912 450/450 
f 1350/1350 125/125 450/450 
f 1350/1350 1352/1352 125/125 
f 452/452 1352/1352 1350/1350 
f 126/126 451/451 1350/1350 
f 451/451 452/452 1350/1350 
f 463/463 452/452 451/451 
f 463/463 128/128 452/452 
f 1360/1360 128/128 463/463 
f 453/453 448/448 1351/1351 
f 1351/1351 454/454 453/453 
f 125/125 1348/1348 1912/1912 
f 125/125 1351/1351 1348/1348 
f 125/125 1352/1352 1351/1351 
f 127/127 455/455 1351/1351 
f 1352/1352 127/127 1351/1351 
f 452/452 127/127 1352/1352 
f 452/452 128/128 127/127 
f 454/454 480/480 453/453 
f 455/455 454/454 1351/1351 
f 129/129 127/127 128/128 
f 129/129 455/455 127/127 
f 1360/1360 129/129 128/128 
f 1357/1357 456/456 129/129 
f 456/456 481/481 454/454 
f 455/455 456/456 454/454 
f 129/129 456/456 455/455 
f 1/1 135/135 456/456 
f 1/1 456/456 1357/1357 
f 457/457 1353/1353 1942/1942 
f 1355/1355 457/457 863/863 
f 1358/1358 457/457 1355/1355 
f 1354/1354 1355/1355 1943/1943 
f 1356/1356 1354/1354 1943/1943 
f 1354/1354 130/130 1355/1355 
f 130/130 1358/1358 1355/1355 
f 458/458 1356/1356 868/868 
f 458/458 461/461 1356/1356 
f 459/459 130/130 1354/1354 
f 1356/1356 459/459 1354/1354 
f 459/459 1356/1356 461/461 
f 460/460 459/459 461/461 
f 461/461 1361/1361 460/460 
f 1357/1357 467/467 1/1 
f 29/29 467/467 1357/1357 
f 1360/1360 1357/1357 129/129 
f 1357/1357 1360/1360 29/29 
f 462/462 29/29 1360/1360 
f 465/465 463/463 451/451 
f 464/464 463/463 465/465 
f 1353/1353 465/465 451/451 
f 457/457 465/465 1353/1353 
f 457/457 1358/1358 465/465 
f 465/465 1358/1358 464/464 
f 130/130 464/464 1358/1358 
f 466/466 1359/1359 462/462 
f 463/463 464/464 1360/1360 
f 1360/1360 466/466 462/462 
f 464/464 466/466 1360/1360 
f 130/130 466/466 464/464 
f 130/130 1359/1359 466/466 
f 460/460 1363/1363 1359/1359 
f 459/459 1359/1359 130/130 
f 459/459 460/460 1359/1359 
f 942/942 1363/1363 460/460 
f 1361/1361 942/942 460/460 
f 468/468 29/29 462/462 
f 1365/1365 468/468 462/462 
f 29/29 468/468 467/467 
f 1362/1362 467/467 468/468 
f 1365/1365 1362/1362 468/468 
f 1366/1366 1362/1362 1365/1365 
f 1366/1366 494/494 1362/1362 
f 1365/1365 462/462 1359/1359 
f 1363/1363 1365/1365 1359/1359 
f 1363/1363 942/942 469/469 
f 942/942 1364/1364 469/469 
f 1365/1365 469/469 1366/1366 
f 1363/1363 469/469 1365/1365 
f 1386/1386 1366/1366 469/469 
f 1364/1364 1367/1367 469/469 
f 1367/1367 1386/1386 469/469 
f 446/446 472/472 1368/1368 
f 1346/1346 1369/1369 496/496 
f 1346/1346 1368/1368 1369/1369 
f 470/470 1369/1369 1368/1368 
f 6/6 1369/1369 470/470 
f 6/6 1370/1370 1369/1369 
f 472/472 446/446 471/471 
f 471/471 1371/1371 472/472 
f 473/473 1371/1371 471/471 
f 1381/1381 1371/1371 473/473 
f 137/137 1371/1371 1381/1381 
f 474/474 1371/1371 137/137 
f 472/472 470/470 1368/1368 
f 472/472 1372/1372 470/470 
f 1371/1371 1372/1372 472/472 
f 1372/1372 475/475 6/6 
f 470/470 1372/1372 6/6 
f 474/474 1372/1372 1371/1371 
f 475/475 1373/1373 6/6 
f 475/475 1374/1374 1373/1373 
f 474/474 475/475 1372/1372 
f 474/474 1375/1375 475/475 
f 1375/1375 1374/1374 475/475 
f 1375/1375 482/482 1374/1374 
f 1376/1376 143/143 1374/1374 
f 1376/1376 1374/1374 482/482 
f 489/489 1376/1376 482/482 
f 1381/1381 443/443 476/476 
f 131/131 1381/1381 476/476 
f 1378/1378 1377/1377 1338/1338 
f 1378/1378 477/477 1377/1377 
f 1377/1377 476/476 1340/1340 
f 1377/1377 477/477 476/476 
f 476/476 477/477 131/131 
f 132/132 1381/1381 131/131 
f 132/132 131/131 477/477 
f 1378/1378 1338/1338 1337/1337 
f 30/30 1378/1378 1337/1337 
f 478/478 447/447 429/429 
f 447/447 30/30 1337/1337 
f 479/479 30/30 447/447 
f 479/479 449/449 133/133 
f 30/30 479/479 133/133 
f 134/134 132/132 477/477 
f 134/134 1380/1380 132/132 
f 1378/1378 134/134 477/477 
f 30/30 134/134 1378/1378 
f 480/480 1380/1380 134/134 
f 480/480 134/134 133/133 
f 30/30 133/133 134/134 
f 449/449 480/480 133/133 
f 449/449 453/453 480/480 
f 1380/1380 1379/1379 132/132 
f 481/481 1379/1379 1380/1380 
f 481/481 1382/1382 1379/1379 
f 454/454 481/481 480/480 
f 480/480 481/481 1380/1380 
f 135/135 1382/1382 481/481 
f 135/135 481/481 456/456 
f 489/489 488/488 1376/1376 
f 31/31 1375/1375 474/474 
f 482/482 136/136 489/489 
f 1375/1375 31/31 482/482 
f 136/136 482/482 31/31 
f 490/490 136/136 484/484 
f 483/483 137/137 1381/1381 
f 1381/1381 473/473 443/443 
f 132/132 483/483 1381/1381 
f 137/137 31/31 474/474 
f 137/137 485/485 31/31 
f 483/483 485/485 137/137 
f 485/485 484/484 136/136 
f 31/31 485/485 136/136 
f 485/485 486/486 484/484 
f 483/483 486/486 485/485 
f 132/132 486/486 483/483 
f 138/138 490/490 484/484 
f 487/487 138/138 484/484 
f 1379/1379 486/486 132/132 
f 486/486 1382/1382 484/484 
f 1379/1379 1382/1382 486/486 
f 484/484 1382/1382 487/487 
f 135/135 487/487 1382/1382 
f 1/1 487/487 135/135 
f 489/489 140/140 488/488 
f 1383/1383 488/488 140/140 
f 139/139 489/489 136/136 
f 140/140 489/489 139/139 
f 139/139 136/136 490/490 
f 32/32 140/140 139/139 
f 140/140 492/492 1383/1383 
f 32/32 492/492 140/140 
f 1384/1384 138/138 487/487 
f 1384/1384 490/490 138/138 
f 1/1 467/467 487/487 
f 467/467 1384/1384 487/487 
f 491/491 490/490 1384/1384 
f 467/467 491/491 1384/1384 
f 1362/1362 491/491 467/467 
f 1362/1362 493/493 491/491 
f 492/492 493/493 1385/1385 
f 139/139 490/490 32/32 
f 491/491 32/32 490/490 
f 32/32 493/493 492/492 
f 32/32 491/491 493/493 
f 1362/1362 494/494 493/493 
f 1386/1386 1385/1385 493/493 
f 1386/1386 503/503 1385/1385 
f 1386/1386 493/493 494/494 
f 1366/1366 1386/1386 494/494 
f 1386/1386 1367/1367 503/503 
f 495/495 516/516 1346/1346 
f 496/496 495/495 1346/1346 
f 496/496 33/33 495/495 
f 497/497 496/496 1369/1369 
f 499/499 1370/1370 6/6 
f 1370/1370 497/497 1369/1369 
f 499/499 497/497 1370/1370 
f 142/142 497/497 499/499 
f 497/497 33/33 496/496 
f 141/141 33/33 497/497 
f 141/141 497/497 142/142 
f 499/499 6/6 1373/1373 
f 1387/1387 1373/1373 1374/1374 
f 1387/1387 499/499 1373/1373 
f 488/488 143/143 1376/1376 
f 143/143 1387/1387 1374/1374 
f 1388/1388 1387/1387 143/143 
f 1400/1400 1392/1392 1388/1388 
f 144/144 7/7 141/141 
f 498/498 144/144 141/141 
f 142/142 498/498 141/141 
f 1389/1389 498/498 142/142 
f 1390/1390 144/144 498/498 
f 1389/1389 1390/1390 498/498 
f 499/499 1389/1389 142/142 
f 1387/1387 1390/1390 1389/1389 
f 1387/1387 1389/1389 499/499 
f 1388/1388 1392/1392 1390/1390 
f 1388/1388 1390/1390 1387/1387 
f 501/501 144/144 1391/1391 
f 1391/1391 144/144 1390/1390 
f 1399/1399 500/500 1392/1392 
f 1392/1392 500/500 1390/1390 
f 1393/1393 500/500 1399/1399 
f 500/500 1391/1391 1390/1390 
f 500/500 1393/1393 501/501 
f 1391/1391 500/500 501/501 
f 1394/1394 488/488 1383/1383 
f 1385/1385 502/502 492/492 
f 1397/1397 502/502 1385/1385 
f 492/492 502/502 1383/1383 
f 1383/1383 502/502 1394/1394 
f 1395/1395 504/504 503/503 
f 1396/1396 35/35 502/502 
f 1397/1397 1396/1396 502/502 
f 145/145 1396/1396 1397/1397 
f 145/145 34/34 1396/1396 
f 503/503 1397/1397 1385/1385 
f 503/503 504/504 1397/1397 
f 1397/1397 504/504 145/145 
f 1395/1395 145/145 504/504 
f 34/34 35/35 1396/1396 
f 145/145 1398/1398 34/34 
f 505/505 508/508 1393/1393 
f 1399/1399 505/505 1393/1393 
f 507/507 505/505 1399/1399 
f 505/505 146/146 508/508 
f 507/507 146/146 505/505 
f 1394/1394 1388/1388 143/143 
f 1394/1394 35/35 1388/1388 
f 1388/1388 35/35 1400/1400 
f 488/488 1394/1394 143/143 
f 502/502 35/35 1394/1394 
f 506/506 146/146 507/507 
f 1400/1400 1399/1399 1392/1392 
f 1400/1400 507/507 1399/1399 
f 35/35 507/507 1400/1400 
f 507/507 35/35 506/506 
f 1401/1401 146/146 506/506 
f 34/34 506/506 35/35 
f 1398/1398 1401/1401 506/506 
f 34/34 1398/1398 506/506 
f 146/146 147/147 508/508 
f 509/509 508/508 147/147 
f 509/509 545/545 508/508 
f 36/36 509/509 147/147 
f 1402/1402 1401/1401 1398/1398 
f 286/286 1402/1402 1398/1398 
f 1403/1403 1402/1402 286/286 
f 36/36 162/162 509/509 
f 1401/1401 147/147 146/146 
f 1401/1401 36/36 147/147 
f 1402/1402 36/36 1401/1401 
f 1403/1403 36/36 1402/1402 
f 898/898 162/162 36/36 
f 898/898 36/36 1403/1403 
f 1405/1405 1404/1404 421/421 
f 510/510 1404/1404 1405/1405 
f 510/510 49/49 1404/1404 
f 511/511 1405/1405 421/421 
f 28/28 511/511 421/421 
f 523/523 28/28 1333/1333 
f 28/28 523/523 511/511 
f 522/522 511/511 523/523 
f 1405/1405 511/511 510/510 
f 511/511 1406/1406 510/510 
f 511/511 522/522 1406/1406 
f 512/512 510/510 1406/1406 
f 1408/1408 512/512 1406/1406 
f 522/522 1407/1407 1406/1406 
f 1407/1407 1408/1408 1406/1406 
f 1413/1413 1408/1408 1407/1407 
f 1408/1408 153/153 512/512 
f 1409/1409 512/512 153/153 
f 148/148 523/523 1333/1333 
f 513/513 1333/1333 442/442 
f 513/513 148/148 1333/1333 
f 515/515 513/513 445/445 
f 149/149 148/148 513/513 
f 150/150 149/149 513/513 
f 151/151 514/514 149/149 
f 1471/1471 1410/1410 516/516 
f 516/516 1410/1410 515/515 
f 1411/1411 515/515 1410/1410 
f 1412/1412 1410/1410 1471/1471 
f 1410/1410 1412/1412 1411/1411 
f 150/150 151/151 149/149 
f 515/515 150/150 513/513 
f 515/515 1411/1411 150/150 
f 518/518 151/151 150/150 
f 1411/1411 518/518 150/150 
f 520/520 151/151 518/518 
f 517/517 151/151 520/520 
f 519/519 518/518 1411/1411 
f 1412/1412 519/519 1411/1411 
f 519/519 520/520 518/518 
f 1469/1469 520/520 519/519 
f 1469/1469 152/152 520/520 
f 520/520 1422/1422 517/517 
f 152/152 1422/1422 520/520 
f 153/153 526/526 1409/1409 
f 1413/1413 153/153 1408/1408 
f 1414/1414 153/153 1413/1413 
f 1414/1414 154/154 153/153 
f 521/521 1413/1413 1407/1407 
f 521/521 1407/1407 522/522 
f 521/521 1414/1414 1413/1413 
f 521/521 524/524 1414/1414 
f 1420/1420 1414/1414 524/524 
f 525/525 522/522 523/523 
f 523/523 148/148 525/525 
f 148/148 514/514 525/525 
f 149/149 514/514 148/148 
f 1415/1415 1416/1416 524/524 
f 524/524 1416/1416 1420/1420 
f 1415/1415 37/37 1416/1416 
f 525/525 521/521 522/522 
f 521/521 1415/1415 524/524 
f 525/525 1415/1415 521/521 
f 514/514 37/37 1415/1415 
f 525/525 514/514 1415/1415 
f 1421/1421 1420/1420 1416/1416 
f 1417/1417 1421/1421 1416/1416 
f 1417/1417 1416/1416 37/37 
f 514/514 517/517 37/37 
f 151/151 517/517 514/514 
f 37/37 1418/1418 1417/1417 
f 517/517 1422/1422 37/37 
f 37/37 1422/1422 1418/1418 
f 528/528 154/154 1414/1414 
f 154/154 526/526 153/153 
f 154/154 155/155 526/526 
f 528/528 1414/1414 1420/1420 
f 527/527 528/528 1420/1420 
f 527/527 1419/1419 528/528 
f 528/528 1419/1419 154/154 
f 1419/1419 529/529 155/155 
f 1419/1419 155/155 154/154 
f 529/529 156/156 155/155 
f 530/530 156/156 529/529 
f 527/527 1420/1420 1421/1421 
f 531/531 1421/1421 1417/1417 
f 38/38 527/527 1421/1421 
f 532/532 1421/1421 531/531 
f 532/532 38/38 1421/1421 
f 157/157 1424/1424 1422/1422 
f 1422/1422 1424/1424 1418/1418 
f 1425/1425 1424/1424 157/157 
f 531/531 1423/1423 532/532 
f 1418/1418 531/531 1417/1417 
f 1424/1424 531/531 1418/1418 
f 1424/1424 1423/1423 531/531 
f 1426/1426 1423/1423 1424/1424 
f 1425/1425 1426/1426 1424/1424 
f 1426/1426 532/532 1423/1423 
f 1426/1426 534/534 532/532 
f 158/158 533/533 530/530 
f 1427/1427 158/158 529/529 
f 529/529 158/158 530/530 
f 1419/1419 1427/1427 529/529 
f 527/527 1427/1427 1419/1419 
f 38/38 1427/1427 527/527 
f 1427/1427 534/534 158/158 
f 1427/1427 38/38 534/534 
f 534/534 1429/1429 158/158 
f 159/159 1429/1429 534/534 
f 532/532 534/534 38/38 
f 1426/1426 159/159 534/534 
f 1456/1456 159/159 1426/1426 
f 533/533 1546/1546 530/530 
f 1430/1430 158/158 1429/1429 
f 1430/1430 535/535 158/158 
f 158/158 535/535 533/533 
f 1428/1428 533/533 535/535 
f 1431/1431 1428/1428 535/535 
f 561/561 159/159 1456/1456 
f 170/170 159/159 561/561 
f 1430/1430 1431/1431 535/535 
f 170/170 1431/1431 1430/1430 
f 159/159 1430/1430 1429/1429 
f 170/170 1430/1430 159/159 
f 536/536 537/537 1431/1431 
f 536/536 1431/1431 170/170 
f 33/33 1472/1472 495/495 
f 1473/1473 1472/1472 33/33 
f 538/538 33/33 141/141 
f 538/538 1473/1473 33/33 
f 538/538 1432/1432 1473/1473 
f 539/539 144/144 501/501 
f 539/539 7/7 144/144 
f 1436/1436 7/7 539/539 
f 1439/1439 1393/1393 508/508 
f 1393/1393 1433/1433 501/501 
f 1439/1439 1433/1433 1393/1393 
f 1434/1434 1436/1436 539/539 
f 501/501 1434/1434 539/539 
f 1433/1433 1434/1434 501/501 
f 540/540 1432/1432 538/538 
f 1435/1435 540/540 538/538 
f 7/7 538/538 141/141 
f 7/7 1435/1435 538/538 
f 1435/1435 160/160 540/540 
f 1436/1436 160/160 1435/1435 
f 1436/1436 1435/1435 7/7 
f 1436/1436 1434/1434 160/160 
f 542/542 160/160 1434/1434 
f 541/541 1432/1432 540/540 
f 541/541 540/540 160/160 
f 1437/1437 160/160 542/542 
f 164/164 1437/1437 542/542 
f 541/541 544/544 543/543 
f 160/160 544/544 541/541 
f 1437/1437 544/544 160/160 
f 164/164 544/544 1437/1437 
f 544/544 161/161 543/543 
f 1438/1438 161/161 544/544 
f 545/545 1439/1439 508/508 
f 545/545 1444/1444 1439/1439 
f 547/547 1444/1444 545/545 
f 347/347 509/509 162/162 
f 39/39 347/347 162/162 
f 348/348 347/347 39/39 
f 347/347 547/547 545/545 
f 347/347 545/545 509/509 
f 1440/1440 1438/1438 544/544 
f 163/163 1440/1440 544/544 
f 163/163 544/544 164/164 
f 163/163 546/546 1440/1440 
f 165/165 164/164 542/542 
f 1441/1441 164/164 165/165 
f 164/164 546/546 163/163 
f 164/164 1441/1441 546/546 
f 1441/1441 548/548 546/546 
f 1445/1445 549/549 1441/1441 
f 165/165 542/542 1434/1434 
f 1442/1442 1434/1434 1433/1433 
f 1434/1434 1442/1442 165/165 
f 1439/1439 1442/1442 1433/1433 
f 1444/1444 1442/1442 1439/1439 
f 1443/1443 1445/1445 1441/1441 
f 165/165 1442/1442 1441/1441 
f 1442/1442 1443/1443 1441/1441 
f 1444/1444 1443/1443 1442/1442 
f 1444/1444 547/547 1443/1443 
f 547/547 1445/1445 1443/1443 
f 554/554 1445/1445 547/547 
f 2150/2150 551/551 547/547 
f 166/166 1440/1440 546/546 
f 166/166 546/546 548/548 
f 166/166 596/596 1440/1440 
f 40/40 596/596 166/166 
f 549/549 548/548 1441/1441 
f 548/548 1446/1446 166/166 
f 549/549 1446/1446 548/548 
f 1446/1446 40/40 166/166 
f 550/550 1446/1446 549/549 
f 550/550 1447/1447 1446/1446 
f 8/8 1447/1447 550/550 
f 551/551 167/167 554/554 
f 551/551 554/554 547/547 
f 2148/2148 167/167 551/551 
f 2148/2148 168/168 167/167 
f 556/556 168/168 2148/2148 
f 550/550 552/552 8/8 
f 552/552 550/550 553/553 
f 1445/1445 553/553 549/549 
f 554/554 553/553 1445/1445 
f 1448/1448 552/552 553/553 
f 549/549 553/553 550/550 
f 554/554 1448/1448 553/553 
f 1449/1449 552/552 1448/1448 
f 167/167 1448/1448 554/554 
f 1448/1448 168/168 1449/1449 
f 167/167 168/168 1448/1448 
f 1450/1450 1496/1496 8/8 
f 552/552 1450/1450 8/8 
f 557/557 555/555 1450/1450 
f 1451/1451 1449/1449 168/168 
f 1451/1451 1452/1452 1449/1449 
f 556/556 1451/1451 168/168 
f 2146/2146 1451/1451 556/556 
f 1452/1452 1450/1450 552/552 
f 1449/1449 1452/1452 552/552 
f 1452/1452 558/558 557/557 
f 1452/1452 557/557 1450/1450 
f 1451/1451 558/558 1452/1452 
f 2146/2146 558/558 1451/1451 
f 558/558 1497/1497 557/557 
f 1047/1047 558/558 2146/2146 
f 558/558 559/559 1497/1497 
f 1047/1047 559/559 558/558 
f 560/560 537/537 536/536 
f 560/560 601/601 537/537 
f 560/560 536/536 170/170 
f 1453/1453 560/560 170/170 
f 1499/1499 560/560 1453/1453 
f 1462/1462 169/169 561/561 
f 561/561 169/169 170/170 
f 41/41 170/170 169/169 
f 564/564 41/41 169/169 
f 170/170 41/41 1453/1453 
f 1454/1454 1499/1499 1453/1453 
f 1454/1454 1453/1453 41/41 
f 172/172 1455/1455 41/41 
f 1460/1460 1455/1455 172/172 
f 1455/1455 1454/1454 41/41 
f 562/562 1454/1454 1455/1455 
f 563/563 1456/1456 1426/1426 
f 42/42 1456/1456 563/563 
f 1458/1458 1426/1426 1425/1425 
f 1458/1458 563/563 1426/1426 
f 157/157 1458/1458 1425/1425 
f 1457/1457 1458/1458 157/157 
f 563/563 171/171 42/42 
f 1458/1458 171/171 563/563 
f 1458/1458 1457/1457 171/171 
f 171/171 1459/1459 42/42 
f 585/585 171/171 1457/1457 
f 585/585 1465/1465 171/171 
f 1460/1460 562/562 1455/1455 
f 1460/1460 1504/1504 562/562 
f 1460/1460 1461/1461 1504/1504 
f 172/172 1461/1461 1460/1460 
f 1463/1463 1461/1461 172/172 
f 1456/1456 1462/1462 561/561 
f 42/42 1462/1462 1456/1456 
f 1462/1462 564/564 169/169 
f 1462/1462 1463/1463 564/564 
f 42/42 1463/1463 1462/1462 
f 564/564 172/172 41/41 
f 564/564 1463/1463 172/172 
f 42/42 1459/1459 1463/1463 
f 1464/1464 1461/1461 1463/1463 
f 1465/1465 566/566 1464/1464 
f 1459/1459 1465/1465 1464/1464 
f 1459/1459 1464/1464 1463/1463 
f 171/171 1465/1465 1459/1459 
f 568/568 1504/1504 1461/1461 
f 568/568 565/565 1504/1504 
f 1466/1466 565/565 568/568 
f 1466/1466 1506/1506 565/565 
f 569/569 1506/1506 1466/1466 
f 173/173 1464/1464 566/566 
f 581/581 566/566 1465/1465 
f 567/567 173/173 566/566 
f 581/581 567/567 566/566 
f 1464/1464 568/568 1461/1461 
f 1464/1464 173/173 568/568 
f 568/568 173/173 1466/1466 
f 569/569 1466/1466 173/173 
f 1467/1467 569/569 173/173 
f 174/174 569/569 1467/1467 
f 1467/1467 173/173 567/567 
f 1477/1477 174/174 1467/1467 
f 152/152 1468/1468 1422/1422 
f 175/175 1469/1469 519/519 
f 1470/1470 1468/1468 152/152 
f 1469/1469 1470/1470 152/152 
f 175/175 1470/1470 1469/1469 
f 44/44 1470/1470 175/175 
f 570/570 519/519 1412/1412 
f 574/574 570/570 1412/1412 
f 43/43 570/570 574/574 
f 519/519 43/43 175/175 
f 570/570 43/43 519/519 
f 571/571 175/175 43/43 
f 571/571 44/44 175/175 
f 572/572 1412/1412 1471/1471 
f 572/572 574/574 1412/1412 
f 495/495 1472/1472 516/516 
f 1472/1472 1471/1471 516/516 
f 1472/1472 572/572 1471/1471 
f 1472/1472 1473/1473 572/572 
f 1473/1473 575/575 572/572 
f 1473/1473 1432/1432 575/575 
f 573/573 577/577 571/571 
f 573/573 571/571 43/43 
f 575/575 574/574 572/572 
f 177/177 576/576 573/573 
f 176/176 177/177 573/573 
f 574/574 573/573 43/43 
f 574/574 176/176 573/573 
f 574/574 575/575 176/176 
f 575/575 177/177 176/176 
f 1432/1432 177/177 575/575 
f 576/576 577/577 573/573 
f 576/576 1474/1474 577/577 
f 541/541 177/177 1432/1432 
f 541/541 543/543 576/576 
f 177/177 541/541 576/576 
f 1475/1475 1474/1474 576/576 
f 161/161 1475/1475 576/576 
f 543/543 161/161 576/576 
f 578/578 1474/1474 1475/1475 
f 1486/1486 578/578 1475/1475 
f 161/161 1486/1486 1475/1475 
f 1438/1438 1486/1486 161/161 
f 1477/1477 1476/1476 174/174 
f 579/579 1476/1476 1477/1477 
f 1487/1487 579/579 1477/1477 
f 178/178 1467/1467 567/567 
f 178/178 580/580 1467/1467 
f 580/580 1487/1487 1477/1477 
f 580/580 1477/1477 1467/1467 
f 581/581 178/178 567/567 
f 1478/1478 178/178 581/581 
f 180/180 1478/1478 581/581 
f 45/45 1478/1478 180/180 
f 45/45 583/583 1478/1478 
f 582/582 1487/1487 580/580 
f 178/178 1479/1479 580/580 
f 1479/1479 582/582 580/580 
f 1478/1478 583/583 1479/1479 
f 178/178 1478/1478 1479/1479 
f 584/584 582/582 1479/1479 
f 179/179 582/582 584/584 
f 584/584 1479/1479 583/583 
f 1480/1480 583/583 45/45 
f 1481/1481 584/584 583/583 
f 1481/1481 583/583 1480/1480 
f 1481/1481 179/179 584/584 
f 593/593 179/179 1481/1481 
f 9/9 593/593 1481/1481 
f 180/180 581/581 1465/1465 
f 180/180 1465/1465 585/585 
f 181/181 585/585 1457/1457 
f 585/585 586/586 180/180 
f 181/181 586/586 585/585 
f 183/183 586/586 181/181 
f 1468/1468 1457/1457 157/157 
f 1468/1468 157/157 1422/1422 
f 1470/1470 44/44 1468/1468 
f 1468/1468 181/181 1457/1457 
f 44/44 181/181 1468/1468 
f 571/571 182/182 44/44 
f 44/44 182/182 181/181 
f 577/577 182/182 571/571 
f 587/587 9/9 1481/1481 
f 1480/1480 587/587 1481/1481 
f 1480/1480 46/46 587/587 
f 1483/1483 46/46 1480/1480 
f 180/180 1482/1482 45/45 
f 183/183 1482/1482 180/180 
f 586/586 183/183 180/180 
f 1483/1483 1484/1484 46/46 
f 183/183 1484/1484 1483/1483 
f 1482/1482 1483/1483 1480/1480 
f 45/45 1482/1482 1480/1480 
f 183/183 1483/1483 1482/1482 
f 181/181 182/182 183/183 
f 182/182 1484/1484 183/183 
f 587/587 184/184 9/9 
f 46/46 184/184 587/587 
f 590/590 184/184 46/46 
f 588/588 46/46 1484/1484 
f 589/589 46/46 588/588 
f 588/588 1484/1484 182/182 
f 577/577 588/588 182/182 
f 1474/1474 588/588 577/577 
f 1474/1474 589/589 588/588 
f 578/578 589/589 1474/1474 
f 589/589 591/591 590/590 
f 46/46 589/589 590/590 
f 578/578 591/591 589/589 
f 1485/1485 590/590 591/591 
f 1486/1486 1485/1485 591/591 
f 1486/1486 591/591 578/578 
f 1438/1438 595/595 1486/1486 
f 579/579 1516/1516 1476/1476 
f 592/592 1516/1516 579/579 
f 582/582 579/579 1487/1487 
f 185/185 579/579 582/582 
f 185/185 1488/1488 579/579 
f 1488/1488 592/592 579/579 
f 598/598 179/179 593/593 
f 179/179 185/185 582/582 
f 1489/1489 185/185 179/179 
f 1489/1489 179/179 598/598 
f 185/185 1518/1518 1488/1488 
f 1489/1489 1518/1518 185/185 
f 594/594 1518/1518 1489/1489 
f 1490/1490 594/594 1489/1489 
f 186/186 1518/1518 594/594 
f 1491/1491 9/9 184/184 
f 1492/1492 1491/1491 184/184 
f 1493/1493 1491/1491 1492/1492 
f 595/595 1485/1485 1486/1486 
f 1440/1440 595/595 1438/1438 
f 1440/1440 596/596 595/595 
f 595/595 596/596 1485/1485 
f 597/597 1485/1485 596/596 
f 597/597 1493/1493 1492/1492 
f 1485/1485 184/184 590/590 
f 1485/1485 1492/1492 184/184 
f 1485/1485 597/597 1492/1492 
f 596/596 40/40 597/597 
f 1447/1447 1493/1493 597/597 
f 1447/1447 1495/1495 1493/1493 
f 40/40 1447/1447 597/597 
f 1446/1446 1447/1447 40/40 
f 599/599 594/594 1490/1490 
f 599/599 186/186 594/594 
f 599/599 1494/1494 186/186 
f 1495/1495 1494/1494 599/599 
f 598/598 1490/1490 1489/1489 
f 187/187 1490/1490 598/598 
f 9/9 598/598 593/593 
f 1491/1491 598/598 9/9 
f 1491/1491 187/187 598/598 
f 1493/1493 187/187 1491/1491 
f 1490/1490 187/187 599/599 
f 599/599 187/187 1495/1495 
f 1493/1493 1495/1495 187/187 
f 1496/1496 1494/1494 1495/1495 
f 1447/1447 1496/1496 1495/1495 
f 8/8 1496/1496 1447/1447 
f 555/555 1494/1494 1496/1496 
f 1450/1450 555/555 1496/1496 
f 600/600 186/186 1494/1494 
f 555/555 600/600 1494/1494 
f 600/600 555/555 1497/1497 
f 555/555 557/557 1497/1497 
f 1497/1497 1035/1035 600/600 
f 559/559 1035/1035 1497/1497 
f 601/601 633/633 537/537 
f 602/602 633/633 601/601 
f 1499/1499 1500/1500 560/560 
f 1500/1500 601/601 560/560 
f 1500/1500 602/602 601/601 
f 1498/1498 602/602 1500/1500 
f 1498/1498 209/209 602/602 
f 603/603 1454/1454 562/562 
f 603/603 1499/1499 1454/1454 
f 1501/1501 1499/1499 603/603 
f 1499/1499 1498/1498 1500/1500 
f 1502/1502 1498/1498 1499/1499 
f 1501/1501 1502/1502 1499/1499 
f 188/188 209/209 1498/1498 
f 1502/1502 188/188 1498/1498 
f 1503/1503 1502/1502 1501/1501 
f 1502/1502 608/608 188/188 
f 1503/1503 608/608 1502/1502 
f 604/604 1505/1505 1504/1504 
f 1506/1506 604/604 565/565 
f 1509/1509 604/604 1506/1506 
f 565/565 604/604 1504/1504 
f 1512/1512 1505/1505 604/604 
f 1509/1509 1512/1512 604/604 
f 1508/1508 1512/1512 1509/1509 
f 1507/1507 174/174 1476/1476 
f 1507/1507 189/189 174/174 
f 189/189 190/190 569/569 
f 189/189 569/569 174/174 
f 198/198 190/190 189/189 
f 190/190 605/605 1509/1509 
f 569/569 1509/1509 1506/1506 
f 569/569 190/190 1509/1509 
f 605/605 1508/1508 1509/1509 
f 615/615 190/190 198/198 
f 615/615 605/605 190/190 
f 615/615 191/191 605/605 
f 613/613 191/191 614/614 
f 606/606 1503/1503 1501/1501 
f 606/606 1510/1510 1503/1503 
f 1510/1510 1513/1513 1503/1503 
f 606/606 1501/1501 603/603 
f 1511/1511 606/606 603/603 
f 1505/1505 603/603 562/562 
f 1505/1505 562/562 1504/1504 
f 1505/1505 1511/1511 603/603 
f 1505/1505 1512/1512 1511/1511 
f 1512/1512 1508/1508 1511/1511 
f 1508/1508 192/192 1510/1510 
f 606/606 1508/1508 1510/1510 
f 1511/1511 1508/1508 606/606 
f 192/192 47/47 1510/1510 
f 605/605 192/192 1508/1508 
f 191/191 607/607 192/192 
f 605/605 191/191 192/192 
f 613/613 607/607 191/191 
f 1513/1513 608/608 1503/1503 
f 1514/1514 608/608 1513/1513 
f 47/47 1513/1513 1510/1510 
f 193/193 1513/1513 47/47 
f 193/193 1514/1514 1513/1513 
f 609/609 47/47 192/192 
f 610/610 194/194 609/609 
f 607/607 609/609 192/192 
f 607/607 610/610 609/609 
f 194/194 193/193 47/47 
f 609/609 194/194 47/47 
f 194/194 1576/1576 193/193 
f 658/658 1576/1576 194/194 
f 1515/1515 194/194 610/610 
f 1535/1535 658/658 194/194 
f 1515/1515 1535/1535 194/194 
f 1516/1516 1507/1507 1476/1476 
f 1517/1517 592/592 1488/1488 
f 592/592 611/611 1516/1516 
f 1517/1517 611/611 592/592 
f 1522/1522 1518/1518 186/186 
f 1524/1524 1519/1519 1518/1518 
f 1517/1517 1520/1520 611/611 
f 1518/1518 1517/1517 1488/1488 
f 1518/1518 1519/1519 1517/1517 
f 1519/1519 1520/1520 1517/1517 
f 1524/1524 1520/1520 1519/1519 
f 196/196 1521/1521 1520/1520 
f 1521/1521 617/617 1520/1520 
f 195/195 1522/1522 186/186 
f 1035/1035 195/195 600/600 
f 2084/2084 195/195 1035/1035 
f 600/600 195/195 186/186 
f 2083/2083 1523/1523 195/195 
f 10/10 1521/1521 196/196 
f 1523/1523 196/196 1520/1520 
f 1525/1525 196/196 1523/1523 
f 1522/1522 1524/1524 1518/1518 
f 195/195 1524/1524 1522/1522 
f 195/195 1523/1523 1524/1524 
f 1524/1524 1523/1523 1520/1520 
f 1523/1523 104/104 1525/1525 
f 104/104 1527/1527 1525/1525 
f 1525/1525 612/612 196/196 
f 612/612 1526/1526 10/10 
f 612/612 10/10 196/196 
f 1527/1527 612/612 1525/1525 
f 325/325 1526/1526 612/612 
f 325/325 612/612 1527/1527 
f 2080/2080 1526/1526 325/325 
f 1515/1515 1536/1536 1535/1535 
f 1532/1532 610/610 607/607 
f 613/613 1532/1532 607/607 
f 1532/1532 1515/1515 610/610 
f 1515/1515 1528/1528 1536/1536 
f 1532/1532 1528/1528 1515/1515 
f 622/622 1536/1536 1528/1528 
f 1529/1529 1528/1528 1532/1532 
f 1531/1531 1528/1528 1529/1529 
f 1528/1528 1531/1531 622/622 
f 1533/1533 613/613 614/614 
f 614/614 191/191 615/615 
f 197/197 1533/1533 614/614 
f 197/197 614/614 615/615 
f 197/197 48/48 1533/1533 
f 611/611 189/189 1507/1507 
f 1516/1516 611/611 1507/1507 
f 611/611 198/198 189/189 
f 616/616 48/48 197/197 
f 198/198 197/197 615/615 
f 198/198 616/616 197/197 
f 611/611 616/616 198/198 
f 611/611 1520/1520 616/616 
f 617/617 48/48 616/616 
f 617/617 1530/1530 48/48 
f 1520/1520 617/617 616/616 
f 617/617 1521/1521 1530/1530 
f 618/618 1540/1540 1531/1531 
f 619/619 1531/1531 1529/1529 
f 619/619 618/618 1531/1531 
f 1533/1533 619/619 1532/1532 
f 1533/1533 1532/1532 613/613 
f 48/48 1534/1534 1533/1533 
f 1532/1532 619/619 1529/1529 
f 1534/1534 618/618 619/619 
f 1533/1533 1534/1534 619/619 
f 48/48 1530/1530 1534/1534 
f 1530/1530 10/10 618/618 
f 1534/1534 1530/1530 618/618 
f 1521/1521 10/10 1530/1530 
f 620/620 1540/1540 618/618 
f 1526/1526 618/618 10/10 
f 1526/1526 620/620 618/618 
f 1537/1537 199/199 1536/1536 
f 1536/1536 199/199 1535/1535 
f 1537/1537 1536/1536 622/622 
f 1537/1537 622/622 623/623 
f 1537/1537 1538/1538 199/199 
f 625/625 1538/1538 1537/1537 
f 200/200 199/199 1538/1538 
f 625/625 200/200 1538/1538 
f 623/623 1531/1531 1540/1540 
f 1540/1540 624/624 623/623 
f 1539/1539 620/620 1526/1526 
f 1539/1539 1526/1526 621/621 
f 620/620 1539/1539 1540/1540 
f 1539/1539 624/624 1540/1540 
f 625/625 626/626 200/200 
f 623/623 625/625 1537/1537 
f 623/623 622/622 1531/1531 
f 624/624 625/625 623/623 
f 624/624 2059/2059 625/625 
f 2059/2059 1212/1212 625/625 
f 1212/1212 626/626 625/625 
f 50/50 1404/1404 49/49 
f 11/11 50/50 49/49 
f 512/512 1541/1541 510/510 
f 1409/1409 627/627 512/512 
f 512/512 627/627 1541/1541 
f 201/201 1541/1541 627/627 
f 49/49 628/628 11/11 
f 510/510 1541/1541 49/49 
f 1541/1541 628/628 49/49 
f 201/201 628/628 1541/1541 
f 201/201 11/11 628/628 
f 629/629 11/11 201/201 
f 202/202 11/11 629/629 
f 631/631 526/526 155/155 
f 631/631 1409/1409 526/526 
f 630/630 631/631 155/155 
f 630/630 51/51 631/631 
f 156/156 630/630 155/155 
f 638/638 630/630 156/156 
f 203/203 630/630 638/638 
f 203/203 51/51 630/630 
f 204/204 51/51 203/203 
f 1428/1428 1546/1546 533/533 
f 632/632 1546/1546 1428/1428 
f 634/634 1431/1431 537/537 
f 633/633 634/634 537/537 
f 633/633 635/635 634/634 
f 1542/1542 632/632 1428/1428 
f 1542/1542 636/636 632/632 
f 1431/1431 1542/1542 1428/1428 
f 634/634 1542/1542 1431/1431 
f 635/635 1542/1542 634/634 
f 635/635 1543/1543 1542/1542 
f 1543/1543 636/636 1542/1542 
f 712/712 636/636 1543/1543 
f 1693/1693 640/640 636/636 
f 712/712 1693/1693 636/636 
f 1544/1544 204/204 203/203 
f 1544/1544 637/637 204/204 
f 638/638 1544/1544 203/203 
f 639/639 1544/1544 638/638 
f 1545/1545 637/637 1544/1544 
f 639/639 1545/1545 1544/1544 
f 1546/1546 156/156 530/530 
f 1546/1546 632/632 638/638 
f 156/156 1546/1546 638/638 
f 632/632 639/639 638/638 
f 1548/1548 1545/1545 639/639 
f 640/640 1548/1548 639/639 
f 636/636 640/640 632/632 
f 632/632 640/640 639/639 
f 1693/1693 1548/1548 640/640 
f 641/641 204/204 637/637 
f 1547/1547 641/641 637/637 
f 1547/1547 637/637 205/205 
f 1545/1545 205/205 637/637 
f 1689/1689 1548/1548 1693/1693 
f 642/642 1547/1547 205/205 
f 1548/1548 205/205 1545/1545 
f 1548/1548 642/642 205/205 
f 643/643 642/642 1548/1548 
f 1549/1549 1547/1547 642/642 
f 1550/1550 1549/1549 642/642 
f 1550/1550 642/642 643/643 
f 708/708 1550/1550 643/643 
f 650/650 1549/1549 1550/1550 
f 650/650 1550/1550 708/708 
f 629/629 1552/1552 202/202 
f 201/201 1551/1551 629/629 
f 206/206 629/629 1551/1551 
f 629/629 206/206 1552/1552 
f 1558/1558 1552/1552 206/206 
f 1554/1554 1558/1558 206/206 
f 1553/1553 1554/1554 206/206 
f 644/644 1551/1551 627/627 
f 631/631 51/51 1409/1409 
f 1409/1409 644/644 627/627 
f 1409/1409 51/51 644/644 
f 204/204 644/644 51/51 
f 641/641 644/644 204/204 
f 1556/1556 1554/1554 1553/1553 
f 1553/1553 206/206 1551/1551 
f 627/627 1551/1551 201/201 
f 1553/1553 1555/1555 1556/1556 
f 1551/1551 1555/1555 1553/1553 
f 644/644 641/641 1555/1555 
f 644/644 1555/1555 1551/1551 
f 1560/1560 1554/1554 1556/1556 
f 645/645 1560/1560 1556/1556 
f 645/645 1556/1556 1557/1557 
f 1557/1557 1555/1555 1547/1547 
f 641/641 1547/1547 1555/1555 
f 1555/1555 1557/1557 1556/1556 
f 1547/1547 1549/1549 1557/1557 
f 649/649 645/645 1557/1557 
f 649/649 1557/1557 1549/1549 
f 650/650 649/649 1549/1549 
f 1558/1558 202/202 1552/1552 
f 646/646 202/202 1558/1558 
f 647/647 1558/1558 1554/1554 
f 648/648 1558/1558 647/647 
f 1565/1565 648/648 647/647 
f 1559/1559 646/646 1558/1558 
f 648/648 1559/1559 1558/1558 
f 648/648 778/778 1559/1559 
f 1560/1560 647/647 1554/1554 
f 652/652 647/647 1560/1560 
f 651/651 1560/1560 645/645 
f 652/652 1560/1560 651/651 
f 651/651 645/645 649/649 
f 1561/1561 651/651 649/649 
f 650/650 1561/1561 649/649 
f 1561/1561 653/653 651/651 
f 698/698 653/653 1561/1561 
f 653/653 652/652 651/651 
f 1566/1566 652/652 653/653 
f 207/207 653/653 698/698 
f 1562/1562 1566/1566 653/653 
f 207/207 1562/1562 653/653 
f 1563/1563 1562/1562 207/207 
f 1564/1564 778/778 648/648 
f 1564/1564 648/648 1565/1565 
f 652/652 1566/1566 1564/1564 
f 647/647 1564/1564 1565/1565 
f 652/652 1564/1564 647/647 
f 1566/1566 1569/1569 1564/1564 
f 1568/1568 1564/1564 1569/1569 
f 1569/1569 654/654 1568/1568 
f 1572/1572 1568/1568 654/654 
f 1568/1568 778/778 1564/1564 
f 1568/1568 1567/1567 778/778 
f 1568/1568 1572/1572 1567/1567 
f 1570/1570 1569/1569 1566/1566 
f 654/654 1569/1569 1570/1570 
f 1570/1570 1566/1566 1562/1562 
f 1562/1562 208/208 1570/1570 
f 1571/1571 654/654 1570/1570 
f 1571/1571 1570/1570 208/208 
f 1659/1659 1571/1571 208/208 
f 1659/1659 1573/1573 1571/1571 
f 1572/1572 655/655 1567/1567 
f 1571/1571 1573/1573 1572/1572 
f 1571/1571 1572/1572 654/654 
f 1573/1573 655/655 1572/1572 
f 656/656 655/655 1573/1573 
f 656/656 780/780 655/655 
f 602/602 1574/1574 633/633 
f 209/209 1574/1574 602/602 
f 210/210 209/209 188/188 
f 657/657 188/188 608/608 
f 188/188 657/657 210/210 
f 1575/1575 714/714 1574/1574 
f 209/209 1575/1575 1574/1574 
f 209/209 210/210 1575/1575 
f 210/210 52/52 1575/1575 
f 13/13 1697/1697 1575/1575 
f 52/52 13/13 1575/1575 
f 1514/1514 1583/1583 608/608 
f 1576/1576 1514/1514 193/193 
f 1577/1577 1514/1514 1576/1576 
f 1577/1577 1583/1583 1514/1514 
f 1578/1578 1583/1583 1577/1577 
f 211/211 658/658 1535/1535 
f 658/658 1580/1580 1576/1576 
f 211/211 1580/1580 658/658 
f 1576/1576 1580/1580 1577/1577 
f 1580/1580 1578/1578 1577/1577 
f 1580/1580 1581/1581 1578/1578 
f 1581/1581 1584/1584 1578/1578 
f 12/12 1584/1584 1581/1581 
f 1582/1582 13/13 52/52 
f 1582/1582 663/663 13/13 
f 660/660 1582/1582 52/52 
f 660/660 53/53 1582/1582 
f 53/53 663/663 1582/1582 
f 660/660 52/52 210/210 
f 659/659 660/660 210/210 
f 659/659 210/210 657/657 
f 1583/1583 657/657 608/608 
f 657/657 1583/1583 659/659 
f 1579/1579 53/53 660/660 
f 1578/1578 1579/1579 660/660 
f 1583/1583 660/660 659/659 
f 1583/1583 1578/1578 660/660 
f 661/661 53/53 1579/1579 
f 1584/1584 661/661 1579/1579 
f 1578/1578 1584/1584 1579/1579 
f 1585/1585 13/13 663/663 
f 1706/1706 1585/1585 663/663 
f 662/662 663/663 53/53 
f 1586/1586 663/663 662/662 
f 1586/1586 1706/1706 663/663 
f 664/664 1706/1706 1586/1586 
f 1589/1589 1706/1706 664/664 
f 662/662 53/53 661/661 
f 1588/1588 662/662 661/661 
f 665/665 1588/1588 661/661 
f 665/665 661/661 1584/1584 
f 665/665 1584/1584 12/12 
f 1587/1587 1588/1588 665/665 
f 672/672 666/666 1587/1587 
f 664/664 1590/1590 1589/1589 
f 1588/1588 1586/1586 662/662 
f 666/666 1590/1590 664/664 
f 1588/1588 664/664 1586/1586 
f 1588/1588 666/666 664/664 
f 1587/1587 666/666 1588/1588 
f 1591/1591 1590/1590 666/666 
f 1591/1591 666/666 672/672 
f 1590/1590 1591/1591 667/667 
f 212/212 667/667 1591/1591 
f 1592/1592 667/667 212/212 
f 1601/1601 1592/1592 212/212 
f 1593/1593 1535/1535 199/199 
f 1594/1594 1593/1593 199/199 
f 1595/1595 668/668 1593/1593 
f 1594/1594 199/199 200/200 
f 1594/1594 1595/1595 1593/1593 
f 200/200 670/670 1594/1594 
f 670/670 1595/1595 1594/1594 
f 670/670 1596/1596 1595/1595 
f 1597/1597 1596/1596 670/670 
f 1628/1628 1617/1617 1596/1596 
f 1628/1628 1596/1596 1597/1597 
f 669/669 200/200 626/626 
f 671/671 1597/1597 670/670 
f 669/669 671/671 200/200 
f 200/200 671/671 670/670 
f 1631/1631 1628/1628 1597/1597 
f 1598/1598 1631/1631 1597/1597 
f 1598/1598 1597/1597 671/671 
f 1600/1600 1631/1631 1598/1598 
f 1599/1599 1598/1598 671/671 
f 1599/1599 1600/1600 1598/1598 
f 1602/1602 1601/1601 212/212 
f 1602/1602 212/212 1591/1591 
f 1610/1610 1591/1591 672/672 
f 1610/1610 1602/1602 1591/1591 
f 1608/1608 1602/1602 1610/1610 
f 1607/1607 1603/1603 1601/1601 
f 1602/1602 1607/1607 1601/1601 
f 1608/1608 1607/1607 1602/1602 
f 1607/1607 54/54 1603/1603 
f 1604/1604 1587/1587 665/665 
f 1604/1604 213/213 1587/1587 
f 213/213 672/672 1587/1587 
f 12/12 1604/1604 665/665 
f 1605/1605 673/673 213/213 
f 1605/1605 213/213 1604/1604 
f 1609/1609 54/54 1607/1607 
f 1609/1609 1606/1606 54/54 
f 1608/1608 1609/1609 1607/1607 
f 214/214 1609/1609 1608/1608 
f 213/213 1610/1610 672/672 
f 673/673 214/214 1608/1608 
f 1610/1610 673/673 1608/1608 
f 213/213 673/673 1610/1610 
f 673/673 1605/1605 214/214 
f 1611/1611 1609/1609 214/214 
f 1611/1611 1606/1606 1609/1609 
f 1614/1614 214/214 1612/1612 
f 1612/1612 214/214 1605/1605 
f 1613/1613 1614/1614 1612/1612 
f 1615/1615 215/215 1606/1606 
f 1614/1614 1606/1606 1611/1611 
f 1614/1614 1615/1615 1606/1606 
f 1614/1614 1611/1611 214/214 
f 674/674 215/215 1615/1615 
f 1619/1619 1615/1615 1614/1614 
f 14/14 1615/1615 1619/1619 
f 14/14 674/674 1615/1615 
f 675/675 12/12 1581/1581 
f 676/676 675/675 1581/1581 
f 676/676 1581/1581 1580/1580 
f 216/216 675/675 676/676 
f 216/216 679/679 675/675 
f 55/55 679/679 216/216 
f 1616/1616 1580/1580 211/211 
f 1593/1593 211/211 1535/1535 
f 1593/1593 1616/1616 211/211 
f 668/668 1616/1616 1593/1593 
f 217/217 55/55 216/216 
f 217/217 216/216 676/676 
f 217/217 676/676 1580/1580 
f 1580/1580 1616/1616 217/217 
f 668/668 217/217 1616/1616 
f 1618/1618 217/217 668/668 
f 1595/1595 1618/1618 668/668 
f 1596/1596 1618/1618 1595/1595 
f 1618/1618 55/55 217/217 
f 1618/1618 1617/1617 55/55 
f 1596/1596 1617/1617 1618/1618 
f 1619/1619 1620/1620 14/14 
f 1621/1621 1612/1612 1605/1605 
f 1621/1621 1613/1613 1612/1612 
f 1623/1623 1613/1613 1621/1621 
f 1623/1623 1620/1620 1619/1619 
f 1613/1613 1619/1619 1614/1614 
f 1613/1613 1623/1623 1619/1619 
f 1622/1622 1620/1620 1623/1623 
f 1630/1630 1622/1622 1623/1623 
f 678/678 1605/1605 1604/1604 
f 678/678 677/677 1605/1605 
f 675/675 678/678 1604/1604 
f 675/675 1604/1604 12/12 
f 675/675 679/679 678/678 
f 679/679 677/677 678/678 
f 1624/1624 1630/1630 1623/1623 
f 677/677 1621/1621 1605/1605 
f 1621/1621 1624/1624 1623/1623 
f 1621/1621 677/677 1624/1624 
f 677/677 1625/1625 1624/1624 
f 679/679 1625/1625 677/677 
f 55/55 1625/1625 679/679 
f 1627/1627 1630/1630 1624/1624 
f 1627/1627 1624/1624 1625/1625 
f 1627/1627 1626/1626 1630/1630 
f 55/55 1627/1627 1625/1625 
f 55/55 1617/1617 1627/1627 
f 1628/1628 1626/1626 1627/1627 
f 1628/1628 1627/1627 1617/1617 
f 1629/1629 14/14 1620/1620 
f 680/680 14/14 1629/1629 
f 680/680 1641/1641 14/14 
f 1629/1629 1620/1620 1622/1622 
f 218/218 1629/1629 1622/1622 
f 218/218 680/680 1629/1629 
f 1632/1632 1630/1630 1626/1626 
f 1631/1631 1626/1626 1628/1628 
f 1631/1631 1632/1632 1626/1626 
f 1600/1600 1632/1632 1631/1631 
f 1630/1630 218/218 1622/1622 
f 1632/1632 218/218 1630/1630 
f 1632/1632 1600/1600 218/218 
f 681/681 680/680 218/218 
f 219/219 681/681 218/218 
f 1600/1600 219/219 218/218 
f 1633/1633 733/733 1601/1601 
f 1633/1633 1601/1601 1603/1603 
f 1634/1634 1603/1603 54/54 
f 682/682 1634/1634 54/54 
f 682/682 683/683 1634/1634 
f 683/683 220/220 1633/1633 
f 1634/1634 1633/1633 1603/1603 
f 1634/1634 683/683 1633/1633 
f 684/684 1635/1635 683/683 
f 56/56 1635/1635 684/684 
f 1636/1636 1606/1606 215/215 
f 674/674 1637/1637 215/215 
f 1643/1643 1637/1637 674/674 
f 1637/1637 1638/1638 1636/1636 
f 215/215 1637/1637 1636/1636 
f 687/687 1638/1638 1637/1637 
f 1639/1639 1638/1638 687/687 
f 1606/1606 682/682 54/54 
f 1636/1636 682/682 1606/1606 
f 1638/1638 682/682 1636/1636 
f 682/682 684/684 683/683 
f 682/682 685/685 684/684 
f 1638/1638 685/685 682/682 
f 1638/1638 1639/1639 685/685 
f 1640/1640 56/56 684/684 
f 1640/1640 684/684 685/685 
f 1639/1639 686/686 685/685 
f 686/686 238/238 1640/1640 
f 685/685 686/686 1640/1640 
f 15/15 238/238 686/686 
f 1641/1641 674/674 14/14 
f 221/221 674/674 1641/1641 
f 221/221 1641/1641 680/680 
f 222/222 1644/1644 383/383 
f 1639/1639 1642/1642 686/686 
f 224/224 1642/1642 1639/1639 
f 223/223 1642/1642 224/224 
f 1642/1642 15/15 686/686 
f 1642/1642 223/223 15/15 
f 224/224 1639/1639 687/687 
f 221/221 1643/1643 674/674 
f 1643/1643 224/224 687/687 
f 1643/1643 687/687 1637/1637 
f 221/221 224/224 1643/1643 
f 383/383 224/224 221/221 
f 1647/1647 688/688 223/223 
f 1644/1644 1647/1647 223/223 
f 224/224 1644/1644 223/223 
f 224/224 383/383 1644/1644 
f 1644/1644 222/222 1647/1647 
f 2366/2366 1647/1647 222/222 
f 1645/1645 741/741 15/15 
f 223/223 688/688 15/15 
f 688/688 1645/1645 15/15 
f 1646/1646 1645/1645 688/688 
f 1648/1648 1647/1647 2366/2366 
f 57/57 1649/1649 1647/1647 
f 1648/1648 57/57 1647/1647 
f 688/688 1650/1650 1646/1646 
f 688/688 1649/1649 1650/1650 
f 1647/1647 1649/1649 688/688 
f 1650/1650 1651/1651 1646/1646 
f 1743/1743 1651/1651 1650/1650 
f 689/689 1743/1743 1650/1650 
f 690/690 1650/1650 1649/1649 
f 57/57 690/690 1649/1649 
f 690/690 689/689 1650/1650 
f 690/690 1652/1652 689/689 
f 1653/1653 1743/1743 689/689 
f 1652/1652 1653/1653 689/689 
f 1744/1744 1653/1653 1652/1652 
f 764/764 1744/1744 1652/1652 
f 1655/1655 1656/1656 1573/1573 
f 1656/1656 1654/1654 656/656 
f 1656/1656 1658/1658 1654/1654 
f 1573/1573 1656/1656 656/656 
f 1657/1657 1658/1658 1656/1656 
f 1655/1655 1657/1657 1656/1656 
f 1657/1657 691/691 1658/1658 
f 1661/1661 691/691 1657/1657 
f 1563/1563 208/208 1562/1562 
f 225/225 208/208 1563/1563 
f 225/225 1663/1663 1659/1659 
f 208/208 225/225 1659/1659 
f 1682/1682 1663/1663 225/225 
f 1661/1661 58/58 691/691 
f 1665/1665 58/58 1661/1661 
f 1660/1660 1661/1661 1657/1657 
f 1662/1662 1661/1661 1660/1660 
f 1662/1662 1665/1665 1661/1661 
f 1659/1659 1655/1655 1573/1573 
f 1659/1659 1663/1663 1655/1655 
f 1663/1663 1662/1662 1660/1660 
f 1655/1655 1660/1660 1657/1657 
f 1655/1655 1663/1663 1660/1660 
f 1664/1664 1662/1662 1663/1663 
f 1682/1682 1664/1664 1663/1663 
f 693/693 58/58 1665/1665 
f 1666/1666 1665/1665 1662/1662 
f 692/692 1665/1665 1666/1666 
f 692/692 693/693 1665/1665 
f 1667/1667 1662/1662 1664/1664 
f 1667/1667 1666/1666 1662/1662 
f 1667/1667 1664/1664 1682/1682 
f 1668/1668 1666/1666 1667/1667 
f 1669/1669 226/226 692/692 
f 1670/1670 226/226 1669/1669 
f 1666/1666 1669/1669 692/692 
f 1668/1668 1669/1669 1666/1666 
f 1668/1668 1670/1670 1669/1669 
f 1670/1670 1756/1756 226/226 
f 1671/1671 1756/1756 1670/1670 
f 699/699 1670/1670 1668/1668 
f 699/699 1671/1671 1670/1670 
f 1678/1678 1671/1671 699/699 
f 694/694 701/701 1563/1563 
f 207/207 694/694 1563/1563 
f 1672/1672 701/701 694/694 
f 695/695 698/698 1561/1561 
f 695/695 1561/1561 650/650 
f 723/723 695/695 650/650 
f 1673/1673 698/698 695/695 
f 696/696 1673/1673 695/695 
f 1711/1711 1673/1673 696/696 
f 1674/1674 1672/1672 694/694 
f 1676/1676 697/697 1672/1672 
f 1674/1674 1676/1676 1672/1672 
f 698/698 694/694 207/207 
f 698/698 1674/1674 694/694 
f 698/698 1673/1673 1674/1674 
f 1675/1675 1676/1676 1674/1674 
f 1673/1673 1675/1675 1674/1674 
f 1711/1711 1675/1675 1673/1673 
f 227/227 697/697 1676/1676 
f 227/227 1684/1684 697/697 
f 227/227 1676/1676 1675/1675 
f 1711/1711 227/227 1675/1675 
f 1677/1677 1684/1684 227/227 
f 1679/1679 1678/1678 699/699 
f 1680/1680 1668/1668 1667/1667 
f 1681/1681 1679/1679 699/699 
f 1668/1668 1681/1681 699/699 
f 1680/1680 1681/1681 1668/1668 
f 1681/1681 700/700 1679/1679 
f 703/703 700/700 1681/1681 
f 701/701 1682/1682 225/225 
f 1683/1683 1682/1682 701/701 
f 1563/1563 701/701 225/225 
f 1672/1672 1683/1683 701/701 
f 697/697 1683/1683 1672/1672 
f 702/702 1681/1681 1680/1680 
f 702/702 703/703 1681/1681 
f 704/704 703/703 702/702 
f 1682/1682 1680/1680 1667/1667 
f 1682/1682 702/702 1680/1680 
f 1683/1683 702/702 1682/1682 
f 1684/1684 704/704 702/702 
f 1683/1683 1684/1684 702/702 
f 697/697 1684/1684 1683/1683 
f 704/704 228/228 703/703 
f 1684/1684 1677/1677 704/704 
f 706/706 228/228 704/704 
f 1677/1677 706/706 704/704 
f 229/229 1678/1678 1679/1679 
f 229/229 1679/1679 700/700 
f 700/700 705/705 229/229 
f 705/705 750/750 229/229 
f 228/228 59/59 703/703 
f 1685/1685 59/59 228/228 
f 706/706 1685/1685 228/228 
f 1686/1686 59/59 1685/1685 
f 705/705 1768/1768 750/750 
f 59/59 700/700 703/703 
f 59/59 705/705 700/700 
f 230/230 705/705 59/59 
f 230/230 1768/1768 705/705 
f 707/707 1768/1768 230/230 
f 707/707 1687/1687 1768/1768 
f 760/760 1687/1687 707/707 
f 709/709 708/708 643/643 
f 708/708 1690/1690 1688/1688 
f 708/708 1688/1688 650/650 
f 1690/1690 710/710 1688/1688 
f 709/709 643/643 1548/1548 
f 1689/1689 709/709 1548/1548 
f 1694/1694 1689/1689 1693/1693 
f 1701/1701 709/709 1689/1689 
f 1694/1694 1701/1701 1689/1689 
f 1690/1690 1691/1691 710/710 
f 709/709 1690/1690 708/708 
f 1701/1701 1691/1691 1690/1690 
f 1701/1701 1690/1690 709/709 
f 1692/1692 710/710 1691/1691 
f 1698/1698 1701/1701 1699/1699 
f 1698/1698 1691/1691 1701/1701 
f 1698/1698 1692/1692 1691/1691 
f 1694/1694 1693/1693 712/712 
f 713/713 1694/1694 712/712 
f 1543/1543 711/711 712/712 
f 711/711 713/713 712/712 
f 633/633 714/714 635/635 
f 1574/1574 714/714 633/633 
f 1695/1695 716/716 713/713 
f 711/711 1695/1695 713/713 
f 635/635 711/711 1543/1543 
f 711/711 714/714 1695/1695 
f 635/635 714/714 711/711 
f 1695/1695 1696/1696 716/716 
f 1697/1697 1695/1695 714/714 
f 1575/1575 1697/1697 714/714 
f 1697/1697 1696/1696 1695/1695 
f 13/13 1696/1696 1697/1697 
f 13/13 717/717 1696/1696 
f 231/231 16/16 1692/1692 
f 1698/1698 231/231 1692/1692 
f 1700/1700 231/231 1698/1698 
f 1699/1699 1700/1700 1698/1698 
f 715/715 1699/1699 1701/1701 
f 1694/1694 715/715 1701/1701 
f 713/713 715/715 1694/1694 
f 716/716 715/715 713/713 
f 1702/1702 1703/1703 1700/1700 
f 1699/1699 1702/1702 1700/1700 
f 715/715 1702/1702 1699/1699 
f 716/716 1702/1702 715/715 
f 1705/1705 1703/1703 1702/1702 
f 717/717 1702/1702 716/716 
f 1696/1696 717/717 716/716 
f 1702/1702 717/717 1705/1705 
f 1585/1585 1705/1705 717/717 
f 13/13 1585/1585 717/717 
f 1704/1704 231/231 1700/1700 
f 718/718 1704/1704 1700/1700 
f 1704/1704 1727/1727 16/16 
f 231/231 1704/1704 16/16 
f 60/60 1727/1727 1704/1704 
f 1705/1705 718/718 1703/1703 
f 232/232 718/718 1705/1705 
f 1706/1706 232/232 1705/1705 
f 1585/1585 1706/1706 1705/1705 
f 719/719 60/60 1704/1704 
f 232/232 1704/1704 718/718 
f 718/718 1700/1700 1703/1703 
f 1704/1704 232/232 719/719 
f 1589/1589 719/719 232/232 
f 1706/1706 1589/1589 232/232 
f 1590/1590 719/719 1589/1589 
f 1590/1590 667/667 719/719 
f 667/667 1730/1730 60/60 
f 719/719 667/667 60/60 
f 667/667 1592/1592 1730/1730 
f 1707/1707 707/707 230/230 
f 1707/1707 61/61 707/707 
f 1686/1686 1708/1708 59/59 
f 1686/1686 1685/1685 706/706 
f 720/720 1686/1686 706/706 
f 720/720 1708/1708 1686/1686 
f 1709/1709 1708/1708 720/720 
f 725/725 1709/1709 720/720 
f 1708/1708 1707/1707 230/230 
f 59/59 1708/1708 230/230 
f 721/721 1707/1707 1708/1708 
f 1709/1709 721/721 1708/1708 
f 725/725 721/721 1709/1709 
f 722/722 61/61 1707/1707 
f 1714/1714 721/721 725/725 
f 721/721 722/722 1707/1707 
f 1714/1714 722/722 721/721 
f 1710/1710 1677/1677 227/227 
f 1710/1710 1716/1716 1677/1677 
f 1710/1710 227/227 1711/1711 
f 1712/1712 1710/1710 1711/1711 
f 1719/1719 1716/1716 1710/1710 
f 1712/1712 1719/1719 1710/1710 
f 1720/1720 1719/1719 1712/1712 
f 723/723 696/696 695/695 
f 233/233 696/696 723/723 
f 650/650 1688/1688 723/723 
f 710/710 233/233 723/723 
f 1688/1688 710/710 723/723 
f 696/696 233/233 1711/1711 
f 1711/1711 1713/1713 1712/1712 
f 1711/1711 233/233 1713/1713 
f 724/724 1713/1713 233/233 
f 710/710 724/724 233/233 
f 1723/1723 1720/1720 1712/1712 
f 234/234 1712/1712 1713/1713 
f 234/234 1723/1723 1712/1712 
f 1692/1692 724/724 710/710 
f 724/724 234/234 1713/1713 
f 1692/1692 234/234 724/724 
f 1692/1692 728/728 234/234 
f 16/16 728/728 1692/1692 
f 729/729 722/722 1714/1714 
f 1725/1725 729/729 1714/1714 
f 235/235 1714/1714 725/725 
f 235/235 1725/1725 1714/1714 
f 1715/1715 1725/1725 235/235 
f 62/62 1715/1715 235/235 
f 726/726 725/725 720/720 
f 236/236 725/725 726/726 
f 1677/1677 720/720 706/706 
f 1677/1677 726/726 720/720 
f 1716/1716 726/726 1677/1677 
f 726/726 1717/1717 236/236 
f 1716/1716 1717/1717 726/726 
f 1719/1719 1717/1717 1716/1716 
f 236/236 235/235 725/725 
f 727/727 1721/1721 62/62 
f 235/235 727/727 62/62 
f 236/236 727/727 235/235 
f 1718/1718 1721/1721 727/727 
f 1717/1717 727/727 236/236 
f 1719/1719 727/727 1717/1717 
f 727/727 1719/1719 1718/1718 
f 1720/1720 1718/1718 1719/1719 
f 1721/1721 1726/1726 62/62 
f 731/731 1726/1726 1721/1721 
f 1724/1724 731/731 1721/1721 
f 1722/1722 1721/1721 1718/1718 
f 1723/1723 1722/1722 1718/1718 
f 1720/1720 1723/1723 1718/1718 
f 1722/1722 728/728 1724/1724 
f 1722/1722 1724/1724 1721/1721 
f 1723/1723 728/728 1722/1722 
f 234/234 728/728 1723/1723 
f 1715/1715 730/730 1725/1725 
f 730/730 63/63 729/729 
f 730/730 729/729 1725/1725 
f 1727/1727 1724/1724 728/728 
f 16/16 1727/1727 728/728 
f 1727/1727 731/731 1724/1724 
f 1727/1727 1728/1728 731/731 
f 60/60 1728/1728 1727/1727 
f 732/732 63/63 730/730 
f 732/732 730/730 1715/1715 
f 1726/1726 732/732 1715/1715 
f 62/62 1726/1726 1715/1715 
f 732/732 1726/1726 1731/1731 
f 1728/1728 1731/1731 1726/1726 
f 1728/1728 1726/1726 731/731 
f 1735/1735 63/63 732/732 
f 1729/1729 1735/1735 732/732 
f 1731/1731 1729/1729 732/732 
f 1730/1730 1731/1731 1728/1728 
f 60/60 1730/1730 1728/1728 
f 733/733 1729/1729 1731/1731 
f 1730/1730 733/733 1731/1731 
f 1592/1592 733/733 1730/1730 
f 1601/1601 733/733 1592/1592 
f 734/734 707/707 61/61 
f 707/707 734/734 760/760 
f 736/736 760/760 734/734 
f 735/735 61/61 722/722 
f 735/735 734/734 61/61 
f 739/739 735/735 722/722 
f 735/735 1732/1732 734/734 
f 1733/1733 1732/1732 735/735 
f 1732/1732 237/237 736/736 
f 734/734 1732/1732 736/736 
f 1732/1732 1733/1733 237/237 
f 1734/1734 237/237 1733/1733 
f 1734/1734 762/762 237/237 
f 739/739 722/722 729/729 
f 737/737 729/729 63/63 
f 737/737 739/739 729/729 
f 1736/1736 737/737 63/63 
f 738/738 739/739 737/737 
f 64/64 739/739 738/738 
f 220/220 1729/1729 733/733 
f 1633/1633 220/220 733/733 
f 220/220 1735/1735 1729/1729 
f 683/683 1735/1735 220/220 
f 683/683 1635/1635 1735/1735 
f 1736/1736 738/738 737/737 
f 63/63 1735/1735 1736/1736 
f 1736/1736 56/56 738/738 
f 1735/1735 1635/1635 1736/1736 
f 1635/1635 56/56 1736/1736 
f 238/238 64/64 738/738 
f 238/238 738/738 56/56 
f 1640/1640 238/238 56/56 
f 15/15 741/741 238/238 
f 1738/1738 1734/1734 1733/1733 
f 1738/1738 1737/1737 1734/1734 
f 1739/1739 1733/1733 735/735 
f 64/64 1733/1733 1739/1739 
f 735/735 739/739 1739/1739 
f 64/64 1739/1739 739/739 
f 740/740 1737/1737 1738/1738 
f 1740/1740 740/740 1738/1738 
f 64/64 1740/1740 1738/1738 
f 1733/1733 64/64 1738/1738 
f 238/238 1740/1740 64/64 
f 741/741 740/740 1740/1740 
f 238/238 741/741 1740/1740 
f 239/239 762/762 1734/1734 
f 239/239 1734/1734 1737/1737 
f 742/742 1737/1737 740/740 
f 742/742 239/239 1737/1737 
f 1741/1741 763/763 239/239 
f 1742/1742 1741/1741 239/239 
f 740/740 240/240 742/742 
f 741/741 240/240 740/740 
f 1645/1645 240/240 741/741 
f 1646/1646 240/240 1645/1645 
f 1742/1742 1782/1782 1741/1741 
f 742/742 1742/1742 239/239 
f 240/240 1742/1742 742/742 
f 240/240 1651/1651 1742/1742 
f 1646/1646 1651/1651 240/240 
f 241/241 1782/1782 1742/1742 
f 1743/1743 1742/1742 1651/1651 
f 1743/1743 241/241 1742/1742 
f 1744/1744 241/241 1743/1743 
f 1653/1653 1744/1744 1743/1743 
f 1745/1745 780/780 656/656 
f 1654/1654 1745/1745 656/656 
f 1654/1654 1746/1746 1745/1745 
f 1751/1751 1654/1654 1658/1658 
f 1748/1748 1658/1658 691/691 
f 1748/1748 1751/1751 1658/1658 
f 1747/1747 691/691 58/58 
f 1747/1747 1748/1748 691/691 
f 1750/1750 1751/1751 1748/1748 
f 1749/1749 1748/1748 1747/1747 
f 1749/1749 1750/1750 1748/1748 
f 744/744 1750/1750 1749/1749 
f 1751/1751 1746/1746 1654/1654 
f 1752/1752 1746/1746 1751/1751 
f 1750/1750 1752/1752 1751/1751 
f 744/744 1752/1752 1750/1750 
f 1753/1753 1752/1752 744/744 
f 1752/1752 1753/1753 1746/1746 
f 792/792 1746/1746 1753/1753 
f 1762/1762 58/58 693/693 
f 1754/1754 692/692 226/226 
f 1754/1754 693/693 692/692 
f 743/743 693/693 1754/1754 
f 1755/1755 1762/1762 693/693 
f 743/743 1755/1755 693/693 
f 243/243 1755/1755 743/743 
f 751/751 1671/1671 1678/1678 
f 751/751 1757/1757 1756/1756 
f 1671/1671 751/751 1756/1756 
f 242/242 1757/1757 751/751 
f 1758/1758 243/243 743/743 
f 1756/1756 1754/1754 226/226 
f 1756/1756 743/743 1754/1754 
f 1757/1757 743/743 1756/1756 
f 1757/1757 1758/1758 743/743 
f 1759/1759 243/243 1758/1758 
f 1760/1760 1758/1758 1757/1757 
f 242/242 1760/1760 1757/1757 
f 1760/1760 1759/1759 1758/1758 
f 1763/1763 1759/1759 1760/1760 
f 1761/1761 792/792 1753/1753 
f 744/744 1761/1761 1753/1753 
f 244/244 1761/1761 744/744 
f 746/746 244/244 744/744 
f 58/58 1762/1762 1747/1747 
f 1762/1762 745/745 1749/1749 
f 1762/1762 1749/1749 1747/1747 
f 243/243 745/745 1762/1762 
f 1755/1755 243/243 1762/1762 
f 1749/1749 745/745 744/744 
f 745/745 746/746 744/744 
f 243/243 746/746 745/745 
f 747/747 244/244 746/746 
f 1759/1759 746/746 243/243 
f 1759/1759 747/747 746/746 
f 1763/1763 747/747 1759/1759 
f 1835/1835 792/792 1761/1761 
f 748/748 1761/1761 244/244 
f 748/748 1835/1835 1761/1761 
f 1764/1764 244/244 747/747 
f 245/245 1764/1764 747/747 
f 1764/1764 748/748 244/244 
f 245/245 748/748 1764/1764 
f 749/749 1837/1837 748/748 
f 749/749 748/748 245/245 
f 248/248 1837/1837 749/749 
f 750/750 1678/1678 229/229 
f 1774/1774 1678/1678 750/750 
f 1766/1766 750/750 1768/1768 
f 1766/1766 1765/1765 750/750 
f 750/750 1765/1765 1774/1774 
f 752/752 1774/1774 1765/1765 
f 1766/1766 752/752 1765/1765 
f 1767/1767 752/752 1766/1766 
f 65/65 1687/1687 246/246 
f 1769/1769 1767/1767 1766/1766 
f 65/65 1767/1767 1769/1769 
f 1768/1768 1769/1769 1766/1766 
f 1768/1768 1687/1687 1769/1769 
f 65/65 1769/1769 1687/1687 
f 755/755 1767/1767 65/65 
f 1804/1804 755/755 65/65 
f 246/246 1804/1804 65/65 
f 247/247 248/248 749/749 
f 247/247 749/749 245/245 
f 1770/1770 245/245 747/747 
f 1763/1763 1770/1770 747/747 
f 1763/1763 1771/1771 1770/1770 
f 1770/1770 247/247 245/245 
f 1770/1770 1772/1772 247/247 
f 1771/1771 1772/1772 1770/1770 
f 1780/1780 1772/1772 1771/1771 
f 753/753 1780/1780 1771/1771 
f 1773/1773 1763/1763 1760/1760 
f 242/242 1773/1773 1760/1760 
f 1775/1775 1773/1773 242/242 
f 1774/1774 751/751 1678/1678 
f 752/752 1775/1775 242/242 
f 1774/1774 242/242 751/751 
f 1774/1774 752/752 242/242 
f 753/753 1776/1776 1780/1780 
f 754/754 1776/1776 753/753 
f 1773/1773 1771/1771 1763/1763 
f 1773/1773 1775/1775 1771/1771 
f 1775/1775 753/753 1771/1771 
f 1775/1775 754/754 753/753 
f 752/752 754/754 1775/1775 
f 1767/1767 754/754 752/752 
f 1767/1767 755/755 754/754 
f 754/754 755/755 1776/1776 
f 755/755 757/757 1776/1776 
f 756/756 248/248 247/247 
f 756/756 247/247 1772/1772 
f 1780/1780 756/756 1772/1772 
f 1781/1781 756/756 1780/1780 
f 1777/1777 248/248 756/756 
f 1778/1778 1780/1780 1776/1776 
f 757/757 1778/1778 1776/1776 
f 1803/1803 757/757 755/755 
f 758/758 1778/1778 757/757 
f 772/772 758/758 757/757 
f 1779/1779 1841/1841 1777/1777 
f 1779/1779 1777/1777 756/756 
f 1778/1778 1781/1781 1780/1780 
f 1781/1781 1779/1779 756/756 
f 1781/1781 758/758 1779/1779 
f 758/758 1781/1781 1778/1778 
f 771/771 1779/1779 758/758 
f 759/759 1687/1687 760/760 
f 760/760 736/736 237/237 
f 762/762 1789/1789 237/237 
f 1789/1789 760/760 237/237 
f 761/761 759/759 760/760 
f 1788/1788 1806/1806 759/759 
f 1788/1788 759/759 761/761 
f 763/763 762/762 239/239 
f 1782/1782 763/763 1741/1741 
f 1786/1786 762/762 763/763 
f 1784/1784 250/250 1782/1782 
f 1783/1783 241/241 1744/1744 
f 249/249 1744/1744 764/764 
f 249/249 1783/1783 1744/1744 
f 1783/1783 1782/1782 241/241 
f 1783/1783 1784/1784 1782/1782 
f 1785/1785 250/250 1784/1784 
f 2256/2256 1785/1785 1784/1784 
f 2256/2256 1783/1783 249/249 
f 2256/2256 1784/1784 1783/1783 
f 250/250 1786/1786 763/763 
f 250/250 763/763 1782/1782 
f 250/250 765/765 1786/1786 
f 1785/1785 765/765 250/250 
f 2256/2256 765/765 1785/1785 
f 1787/1787 1790/1790 1786/1786 
f 765/765 1787/1787 1786/1786 
f 1787/1787 766/766 1790/1790 
f 760/760 1788/1788 761/761 
f 1789/1789 1797/1797 760/760 
f 1786/1786 1790/1790 762/762 
f 762/762 1790/1790 1789/1789 
f 251/251 1791/1791 1789/1789 
f 1790/1790 251/251 1789/1789 
f 766/766 251/251 1790/1790 
f 1806/1806 1788/1788 760/760 
f 252/252 760/760 1797/1797 
f 767/767 1806/1806 760/760 
f 252/252 767/767 760/760 
f 767/767 774/774 1806/1806 
f 67/67 774/774 767/767 
f 1792/1792 251/251 766/766 
f 1792/1792 1791/1791 251/251 
f 1792/1792 768/768 1791/1791 
f 66/66 768/768 1792/1792 
f 767/767 1793/1793 67/67 
f 1794/1794 767/767 252/252 
f 1795/1795 1793/1793 767/767 
f 1794/1794 1795/1795 767/767 
f 1796/1796 1795/1795 1794/1794 
f 1791/1791 1797/1797 1789/1789 
f 1791/1791 768/768 1797/1797 
f 768/768 1796/1796 1794/1794 
f 1797/1797 1794/1794 252/252 
f 768/768 1794/1794 1797/1797 
f 1800/1800 1796/1796 768/768 
f 66/66 1800/1800 768/768 
f 769/769 67/67 1793/1793 
f 1798/1798 1795/1795 1796/1796 
f 1798/1798 1793/1793 1795/1795 
f 1799/1799 769/769 1793/1793 
f 1800/1800 1798/1798 1796/1796 
f 1117/1117 1800/1800 66/66 
f 1801/1801 1800/1800 1117/1117 
f 1801/1801 1798/1798 1800/1800 
f 770/770 1799/1799 1793/1793 
f 1798/1798 770/770 1793/1793 
f 1798/1798 1801/1801 770/770 
f 2/2 1799/1799 770/770 
f 1802/1802 770/770 1801/1801 
f 1114/1114 2/2 770/770 
f 771/771 74/74 1779/1779 
f 772/772 771/771 758/758 
f 772/772 757/757 1803/1803 
f 253/253 772/772 1803/1803 
f 772/772 773/773 771/771 
f 772/772 253/253 773/773 
f 1813/1813 773/773 253/253 
f 1805/1805 253/253 1804/1804 
f 246/246 1805/1805 1804/1804 
f 1806/1806 246/246 1687/1687 
f 759/759 1806/1806 1687/1687 
f 246/246 1807/1807 1805/1805 
f 1806/1806 1807/1807 246/246 
f 1804/1804 1803/1803 755/755 
f 1804/1804 253/253 1803/1803 
f 1807/1807 253/253 1805/1805 
f 1808/1808 1813/1813 253/253 
f 1809/1809 253/253 1807/1807 
f 774/774 1809/1809 1807/1807 
f 1806/1806 774/774 1807/1807 
f 253/253 1809/1809 1808/1808 
f 774/774 769/769 1809/1809 
f 67/67 769/769 774/774 
f 1810/1810 1814/1814 1808/1808 
f 1811/1811 1808/1808 1809/1809 
f 1811/1811 1809/1809 769/769 
f 1799/1799 1811/1811 769/769 
f 1811/1811 1810/1810 1808/1808 
f 2/2 1810/1810 1811/1811 
f 1799/1799 2/2 1811/1811 
f 1812/1812 773/773 1813/1813 
f 1814/1814 1813/1813 1808/1808 
f 1812/1812 1813/1813 1814/1814 
f 254/254 773/773 1812/1812 
f 1111/1111 1810/1810 2/2 
f 1111/1111 1814/1814 1810/1810 
f 1111/1111 1110/1110 1814/1814 
f 1110/1110 775/775 1814/1814 
f 1814/1814 775/775 1812/1812 
f 1109/1109 1812/1812 775/775 
f 1109/1109 254/254 1812/1812 
f 1106/1106 254/254 1109/1109 
f 254/254 1846/1846 771/771 
f 773/773 254/254 771/771 
f 254/254 120/120 1846/1846 
f 2233/2233 120/120 254/254 
f 1826/1826 11/11 202/202 
f 1815/1815 68/68 11/11 
f 1826/1826 1815/1815 11/11 
f 68/68 1816/1816 50/50 
f 11/11 68/68 50/50 
f 68/68 776/776 1816/1816 
f 1815/1815 776/776 68/68 
f 776/776 1332/1332 1816/1816 
f 777/777 776/776 1815/1815 
f 1331/1331 1332/1332 776/776 
f 776/776 783/783 1331/1331 
f 1817/1817 1826/1826 202/202 
f 646/646 1817/1817 202/202 
f 778/778 69/69 1559/1559 
f 1818/1818 1559/1559 69/69 
f 1818/1818 1819/1819 1559/1559 
f 1559/1559 1817/1817 646/646 
f 1559/1559 1819/1819 1817/1817 
f 779/779 1567/1567 655/655 
f 779/779 1820/1820 1567/1567 
f 1820/1820 778/778 1567/1567 
f 780/780 1821/1821 655/655 
f 1833/1833 1821/1821 780/780 
f 1881/1881 1821/1821 1833/1833 
f 781/781 69/69 1820/1820 
f 1821/1821 779/779 655/655 
f 779/779 781/781 1820/1820 
f 1821/1821 781/781 779/779 
f 1881/1881 781/781 1821/1821 
f 1879/1879 255/255 69/69 
f 782/782 69/69 781/781 
f 782/782 781/781 1881/1881 
f 1822/1822 69/69 782/782 
f 255/255 1819/1819 1818/1818 
f 1819/1819 255/255 1823/1823 
f 1824/1824 1823/1823 255/255 
f 1820/1820 69/69 778/778 
f 255/255 1818/1818 69/69 
f 70/70 1823/1823 1824/1824 
f 1824/1824 255/255 1879/1879 
f 818/818 1824/1824 1879/1879 
f 256/256 1824/1824 818/818 
f 1824/1824 256/256 70/70 
f 1876/1876 70/70 256/256 
f 1876/1876 257/257 70/70 
f 1825/1825 783/783 776/776 
f 776/776 777/777 1825/1825 
f 258/258 1825/1825 777/777 
f 784/784 258/258 777/777 
f 1827/1827 1815/1815 1826/1826 
f 1817/1817 1827/1827 1826/1826 
f 1819/1819 1827/1827 1817/1817 
f 1819/1819 1823/1823 1827/1827 
f 70/70 258/258 784/784 
f 1827/1827 784/784 777/777 
f 1815/1815 1827/1827 777/777 
f 1823/1823 70/70 784/784 
f 1827/1827 1823/1823 784/784 
f 1828/1828 1829/1829 258/258 
f 1828/1828 258/258 70/70 
f 70/70 257/257 1828/1828 
f 257/257 785/785 1828/1828 
f 258/258 783/783 1825/1825 
f 71/71 783/783 258/258 
f 71/71 423/423 783/783 
f 788/788 71/71 258/258 
f 1830/1830 424/424 71/71 
f 786/786 1829/1829 1828/1828 
f 786/786 788/788 1829/1829 
f 785/785 1859/1859 1828/1828 
f 1828/1828 1859/1859 786/786 
f 1859/1859 787/787 786/786 
f 787/787 1831/1831 786/786 
f 788/788 1830/1830 71/71 
f 1829/1829 788/788 258/258 
f 788/788 1831/1831 1830/1830 
f 789/789 72/72 1830/1830 
f 1831/1831 789/789 1830/1830 
f 786/786 1831/1831 788/788 
f 787/787 789/789 1831/1831 
f 72/72 424/424 1830/1830 
f 1832/1832 427/427 72/72 
f 805/805 790/790 789/789 
f 72/72 789/789 1832/1832 
f 790/790 1832/1832 789/789 
f 791/791 429/429 1832/1832 
f 790/790 1856/1856 1832/1832 
f 1856/1856 791/791 1832/1832 
f 1833/1833 780/780 1745/1745 
f 1834/1834 1745/1745 1746/1746 
f 1834/1834 1833/1833 1745/1745 
f 792/792 1834/1834 1746/1746 
f 259/259 1834/1834 792/792 
f 259/259 815/815 1834/1834 
f 1836/1836 792/792 1835/1835 
f 1837/1837 1835/1835 748/748 
f 1837/1837 1836/1836 1835/1835 
f 1838/1838 1837/1837 248/248 
f 1838/1838 1836/1836 1837/1837 
f 1838/1838 794/794 1836/1836 
f 792/792 1836/1836 259/259 
f 1836/1836 794/794 259/259 
f 1839/1839 73/73 259/259 
f 794/794 1839/1839 259/259 
f 1844/1844 1840/1840 1839/1839 
f 1841/1841 248/248 1777/1777 
f 1841/1841 793/793 248/248 
f 1842/1842 793/793 1841/1841 
f 1842/1842 1838/1838 793/793 
f 74/74 1841/1841 1779/1779 
f 1841/1841 1843/1843 1842/1842 
f 1838/1838 795/795 794/794 
f 793/793 1838/1838 248/248 
f 1842/1842 1843/1843 1838/1838 
f 1843/1843 799/799 1838/1838 
f 1844/1844 1839/1839 794/794 
f 795/795 1844/1844 794/794 
f 795/795 1838/1838 799/799 
f 1845/1845 822/822 795/795 
f 75/75 1845/1845 795/795 
f 1846/1846 74/74 771/771 
f 260/260 74/74 1846/1846 
f 120/120 796/796 1846/1846 
f 1330/1330 796/796 120/120 
f 1847/1847 796/796 1330/1330 
f 260/260 797/797 74/74 
f 796/796 260/260 1846/1846 
f 260/260 796/796 1847/1847 
f 801/801 74/74 797/797 
f 1847/1847 1848/1848 797/797 
f 1847/1847 797/797 260/260 
f 75/75 802/802 1845/1845 
f 75/75 261/261 802/802 
f 799/799 75/75 795/795 
f 798/798 75/75 799/799 
f 800/800 798/798 799/799 
f 798/798 261/261 75/75 
f 1849/1849 261/261 798/798 
f 1849/1849 798/798 1851/1851 
f 1841/1841 799/799 1843/1843 
f 800/800 799/799 1841/1841 
f 74/74 800/800 1841/1841 
f 800/800 1851/1851 798/798 
f 800/800 801/801 1851/1851 
f 74/74 801/801 800/800 
f 1848/1848 1851/1851 801/801 
f 1848/1848 76/76 1851/1851 
f 797/797 1848/1848 801/801 
f 417/417 1848/1848 1847/1847 
f 417/417 76/76 1848/1848 
f 1849/1849 803/803 261/261 
f 803/803 836/836 261/261 
f 804/804 803/803 1850/1850 
f 1853/1853 1849/1849 1851/1851 
f 76/76 1853/1853 1851/1851 
f 1852/1852 1853/1853 76/76 
f 2500/2500 1853/1853 1852/1852 
f 2500/2500 1854/1854 1853/1853 
f 1850/1850 262/262 804/804 
f 1850/1850 803/803 1849/1849 
f 1853/1853 1850/1850 1849/1849 
f 1853/1853 262/262 1850/1850 
f 1853/1853 1854/1854 262/262 
f 2500/2500 1324/1324 1854/1854 
f 1854/1854 1855/1855 263/263 
f 1854/1854 263/263 262/262 
f 1324/1324 1855/1855 1854/1854 
f 1855/1855 841/841 263/263 
f 1856/1856 478/478 791/791 
f 270/270 478/478 1856/1856 
f 1858/1858 1856/1856 1857/1857 
f 1858/1858 270/270 1856/1856 
f 805/805 1857/1857 790/790 
f 787/787 805/805 789/789 
f 1864/1864 806/806 805/805 
f 806/806 1857/1857 805/805 
f 1857/1857 1856/1856 790/790 
f 806/806 1858/1858 1857/1857 
f 17/17 1903/1903 1858/1858 
f 1862/1862 1858/1858 806/806 
f 1862/1862 806/806 809/809 
f 1862/1862 17/17 1858/1858 
f 787/787 1861/1861 1864/1864 
f 1860/1860 1888/1888 785/785 
f 1888/1888 1861/1861 1859/1859 
f 785/785 1888/1888 1859/1859 
f 1859/1859 1861/1861 787/787 
f 1888/1888 807/807 1861/1861 
f 807/807 808/808 1861/1861 
f 1887/1887 807/807 1888/1888 
f 826/826 807/807 1887/1887 
f 826/826 827/827 807/807 
f 827/827 808/808 807/807 
f 1867/1867 808/808 827/827 
f 1863/1863 17/17 1862/1862 
f 1865/1865 1862/1862 809/809 
f 1862/1862 1865/1865 1863/1863 
f 77/77 1863/1863 1865/1865 
f 1864/1864 809/809 806/806 
f 1864/1864 805/805 787/787 
f 1866/1866 77/77 1865/1865 
f 1866/1866 1865/1865 809/809 
f 1864/1864 1866/1866 809/809 
f 1861/1861 1866/1866 1864/1864 
f 808/808 1866/1866 1861/1861 
f 808/808 1867/1867 1866/1866 
f 1868/1868 17/17 1863/1863 
f 77/77 264/264 1863/1863 
f 1863/1863 264/264 1868/1868 
f 1869/1869 77/77 1866/1866 
f 1869/1869 1866/1866 1867/1867 
f 1870/1870 1869/1869 1867/1867 
f 1871/1871 77/77 1869/1869 
f 810/810 1871/1871 1869/1869 
f 1872/1872 78/78 264/264 
f 77/77 1872/1872 264/264 
f 1871/1871 1872/1872 77/77 
f 1871/1871 811/811 1872/1872 
f 1873/1873 78/78 1872/1872 
f 1873/1873 1910/1910 78/78 
f 812/812 811/811 1871/1871 
f 811/811 1873/1873 1872/1872 
f 1885/1885 1873/1873 811/811 
f 1909/1909 1873/1873 1885/1885 
f 1874/1874 785/785 257/257 
f 1874/1874 257/257 1876/1876 
f 1891/1891 1889/1889 1874/1874 
f 1891/1891 1874/1874 1875/1875 
f 1877/1877 1876/1876 256/256 
f 818/818 1877/1877 256/256 
f 1876/1876 1875/1875 1874/1874 
f 816/816 1875/1875 1876/1876 
f 1877/1877 816/816 1876/1876 
f 817/817 816/816 1877/1877 
f 816/816 1891/1891 1875/1875 
f 816/816 1878/1878 1891/1891 
f 265/265 1878/1878 816/816 
f 1893/1893 1878/1878 265/265 
f 814/814 1879/1879 69/69 
f 819/819 1879/1879 814/814 
f 813/813 1822/1822 782/782 
f 1880/1880 1822/1822 813/813 
f 1822/1822 814/814 69/69 
f 1822/1822 1880/1880 814/814 
f 79/79 814/814 1880/1880 
f 79/79 819/819 814/814 
f 1833/1833 1882/1882 1881/1881 
f 815/815 1882/1882 1833/1833 
f 1834/1834 815/815 1833/1833 
f 259/259 73/73 815/815 
f 1881/1881 813/813 782/782 
f 1882/1882 813/813 1881/1881 
f 815/815 813/813 1882/1882 
f 73/73 1880/1880 813/813 
f 815/815 73/73 813/813 
f 1840/1840 1880/1880 73/73 
f 1839/1839 1840/1840 73/73 
f 1840/1840 79/79 1880/1880 
f 1844/1844 79/79 1840/1840 
f 817/817 265/265 816/816 
f 1884/1884 265/265 817/817 
f 819/819 1877/1877 818/818 
f 819/819 818/818 1879/1879 
f 1877/1877 1883/1883 817/817 
f 819/819 1883/1883 1877/1877 
f 79/79 1883/1883 819/819 
f 79/79 1844/1844 1883/1883 
f 820/820 1893/1893 265/265 
f 1884/1884 817/817 1883/1883 
f 1884/1884 820/820 265/265 
f 1844/1844 822/822 1883/1883 
f 795/795 822/822 1844/1844 
f 822/822 821/821 820/820 
f 822/822 820/820 1884/1884 
f 822/822 1884/1884 1883/1883 
f 822/822 1845/1845 821/821 
f 1845/1845 802/802 821/821 
f 266/266 830/830 1885/1885 
f 812/812 1885/1885 811/811 
f 266/266 1885/1885 812/812 
f 823/823 830/830 266/266 
f 1870/1870 810/810 1869/1869 
f 1870/1870 267/267 810/810 
f 1870/1870 1894/1894 267/267 
f 267/267 266/266 812/812 
f 810/810 812/812 1871/1871 
f 810/810 267/267 812/812 
f 266/266 267/267 823/823 
f 825/825 823/823 267/267 
f 824/824 267/267 1894/1894 
f 824/824 825/825 267/267 
f 1886/1886 825/825 824/824 
f 1886/1886 834/834 825/825 
f 1887/1887 1890/1890 826/826 
f 1889/1889 1887/1887 1888/1888 
f 1874/1874 1860/1860 785/785 
f 1860/1860 1889/1889 1888/1888 
f 1889/1889 1860/1860 1874/1874 
f 1892/1892 268/268 1890/1890 
f 1889/1889 1890/1890 1887/1887 
f 1890/1890 1889/1889 1892/1892 
f 1889/1889 1891/1891 1892/1892 
f 1878/1878 1892/1892 1891/1891 
f 1893/1893 268/268 1892/1892 
f 1878/1878 1893/1893 1892/1892 
f 80/80 1886/1886 824/824 
f 828/828 1894/1894 1870/1870 
f 827/827 1870/1870 1867/1867 
f 827/827 828/828 1870/1870 
f 826/826 828/828 827/827 
f 828/828 1890/1890 1894/1894 
f 826/826 1890/1890 828/828 
f 1894/1894 80/80 824/824 
f 1894/1894 268/268 80/80 
f 1890/1890 268/268 1894/1894 
f 268/268 1895/1895 80/80 
f 268/268 1893/1893 1895/1895 
f 829/829 834/834 1886/1886 
f 1896/1896 1886/1886 80/80 
f 1896/1896 829/829 1886/1886 
f 81/81 829/829 1896/1896 
f 1896/1896 80/80 1895/1895 
f 1893/1893 820/820 1895/1895 
f 1897/1897 1895/1895 820/820 
f 1897/1897 81/81 1896/1896 
f 1895/1895 1897/1897 1896/1896 
f 820/820 821/821 1897/1897 
f 821/821 81/81 1897/1897 
f 802/802 81/81 821/821 
f 1898/1898 1909/1909 1885/1885 
f 1898/1898 1885/1885 830/830 
f 832/832 1920/1920 1898/1898 
f 830/830 832/832 1898/1898 
f 838/838 823/823 825/825 
f 831/831 838/838 834/834 
f 834/834 838/838 825/825 
f 823/823 838/838 830/830 
f 830/830 838/838 832/832 
f 838/838 837/837 832/832 
f 833/833 848/848 832/832 
f 837/837 833/833 832/832 
f 269/269 834/834 829/829 
f 831/831 834/834 269/269 
f 269/269 829/829 81/81 
f 835/835 269/269 836/836 
f 261/261 81/81 802/802 
f 261/261 836/836 81/81 
f 81/81 836/836 269/269 
f 1899/1899 835/835 836/836 
f 804/804 836/836 803/803 
f 804/804 1899/1899 836/836 
f 1900/1900 833/833 837/837 
f 839/839 1900/1900 837/837 
f 831/831 835/835 838/838 
f 269/269 835/835 831/831 
f 839/839 1899/1899 1900/1900 
f 835/835 1899/1899 839/839 
f 835/835 837/837 838/838 
f 837/837 835/835 839/839 
f 1900/1900 840/840 833/833 
f 842/842 1900/1900 1899/1899 
f 842/842 1923/1923 1900/1900 
f 841/841 1923/1923 842/842 
f 262/262 1899/1899 804/804 
f 263/263 1899/1899 262/262 
f 263/263 842/842 1899/1899 
f 263/263 841/841 842/842 
f 478/478 270/270 1901/1901 
f 1903/1903 270/270 1858/1858 
f 1902/1902 1903/1903 17/17 
f 1902/1902 1904/1904 1903/1903 
f 1904/1904 843/843 1903/1903 
f 271/271 1901/1901 270/270 
f 1903/1903 271/271 270/270 
f 843/843 1905/1905 271/271 
f 1903/1903 843/843 271/271 
f 1905/1905 1901/1901 271/271 
f 1905/1905 1347/1347 1901/1901 
f 272/272 1905/1905 843/843 
f 1348/1348 1347/1347 1905/1905 
f 1912/1912 1348/1348 1905/1905 
f 1902/1902 17/17 1868/1868 
f 1907/1907 1902/1902 1868/1868 
f 1906/1906 264/264 78/78 
f 264/264 1906/1906 1868/1868 
f 1906/1906 1907/1907 1868/1868 
f 1906/1906 82/82 1907/1907 
f 1910/1910 1908/1908 78/78 
f 1909/1909 1910/1910 1873/1873 
f 1910/1910 844/844 1908/1908 
f 845/845 1908/1908 844/844 
f 857/857 845/845 844/844 
f 1908/1908 1906/1906 78/78 
f 845/845 82/82 1906/1906 
f 845/845 1906/1906 1908/1908 
f 857/857 1911/1911 845/845 
f 1911/1911 82/82 845/845 
f 1918/1918 1917/1917 82/82 
f 1911/1911 1918/1918 82/82 
f 855/855 1918/1918 1911/1911 
f 1913/1913 1912/1912 1905/1905 
f 1913/1913 450/450 1912/1912 
f 272/272 1913/1913 1905/1905 
f 1914/1914 843/843 1904/1904 
f 1914/1914 272/272 843/843 
f 1902/1902 1914/1914 1904/1904 
f 1902/1902 1907/1907 1914/1914 
f 1915/1915 272/272 1914/1914 
f 1907/1907 1915/1915 1914/1914 
f 82/82 1915/1915 1907/1907 
f 272/272 1916/1916 1913/1913 
f 272/272 1915/1915 1916/1916 
f 82/82 1916/1916 1915/1915 
f 847/847 1913/1913 1916/1916 
f 1917/1917 847/847 1916/1916 
f 82/82 1917/1917 1916/1916 
f 1918/1918 847/847 1917/1917 
f 1913/1913 846/846 450/450 
f 846/846 1350/1350 450/450 
f 275/275 847/847 1918/1918 
f 847/847 1919/1919 846/846 
f 1919/1919 847/847 275/275 
f 126/126 1350/1350 846/846 
f 847/847 846/846 1913/1913 
f 1919/1919 126/126 846/846 
f 1928/1928 126/126 1919/1919 
f 1353/1353 126/126 1928/1928 
f 1353/1353 451/451 126/126 
f 1933/1933 1909/1909 1898/1898 
f 1920/1920 1933/1933 1898/1898 
f 1922/1922 1933/1933 1920/1920 
f 849/849 848/848 833/833 
f 1921/1921 1922/1922 1920/1920 
f 848/848 1920/1920 832/832 
f 848/848 1921/1921 1920/1920 
f 849/849 1921/1921 848/848 
f 273/273 1922/1922 1921/1921 
f 1936/1936 1922/1922 273/273 
f 273/273 1921/1921 849/849 
f 850/850 273/273 849/849 
f 274/274 273/273 850/850 
f 274/274 859/859 273/273 
f 1923/1923 840/840 1900/1900 
f 83/83 840/840 1923/1923 
f 1855/1855 1923/1923 841/841 
f 1924/1924 1923/1923 1855/1855 
f 1923/1923 1924/1924 83/83 
f 274/274 862/862 859/859 
f 1925/1925 850/850 849/849 
f 1925/1925 274/274 850/850 
f 1925/1925 851/851 274/274 
f 1926/1926 274/274 851/851 
f 840/840 849/849 833/833 
f 840/840 1925/1925 849/849 
f 83/83 851/851 840/840 
f 840/840 851/851 1925/1925 
f 83/83 852/852 851/851 
f 1926/1926 862/862 274/274 
f 1927/1927 1926/1926 851/851 
f 1926/1926 1927/1927 862/862 
f 1266/1266 851/851 852/852 
f 851/851 1266/1266 1927/1927 
f 3/3 853/853 1927/1927 
f 1266/1266 3/3 1927/1927 
f 1942/1942 1353/1353 1928/1928 
f 863/863 1942/1942 1928/1928 
f 1929/1929 1928/1928 1919/1919 
f 275/275 1929/1929 1919/1919 
f 1930/1930 1929/1929 275/275 
f 855/855 275/275 1918/1918 
f 860/860 1930/1930 275/275 
f 84/84 1930/1930 860/860 
f 854/854 1931/1931 1928/1928 
f 1929/1929 1930/1930 1928/1928 
f 1928/1928 1930/1930 854/854 
f 84/84 854/854 1930/1930 
f 1931/1931 863/863 1928/1928 
f 1938/1938 854/854 84/84 
f 1931/1931 854/854 1938/1938 
f 1941/1941 1931/1931 1938/1938 
f 857/857 1932/1932 1911/1911 
f 1932/1932 855/855 1911/1911 
f 1932/1932 856/856 855/855 
f 858/858 857/857 844/844 
f 1933/1933 844/844 1910/1910 
f 1909/1909 1933/1933 1910/1910 
f 1933/1933 858/858 844/844 
f 1922/1922 858/858 1933/1933 
f 1935/1935 1934/1934 856/856 
f 1935/1935 856/856 1932/1932 
f 857/857 1935/1935 1932/1932 
f 857/857 858/858 1935/1935 
f 1936/1936 1934/1934 1935/1935 
f 1936/1936 1935/1935 858/858 
f 1936/1936 858/858 1922/1922 
f 1936/1936 859/859 1934/1934 
f 859/859 1936/1936 273/273 
f 1937/1937 85/85 1941/1941 
f 860/860 275/275 855/855 
f 855/855 856/856 860/860 
f 856/856 1939/1939 860/860 
f 1937/1937 1941/1941 1938/1938 
f 1939/1939 1937/1937 1938/1938 
f 860/860 1938/1938 84/84 
f 860/860 1939/1939 1938/1938 
f 861/861 85/85 1937/1937 
f 861/861 1937/1937 1939/1939 
f 1934/1934 861/861 1939/1939 
f 1934/1934 1939/1939 856/856 
f 859/859 862/862 861/861 
f 859/859 861/861 1934/1934 
f 86/86 1940/1940 1941/1941 
f 86/86 1941/1941 85/85 
f 861/861 853/853 85/85 
f 862/862 853/853 861/861 
f 1927/1927 853/853 862/862 
f 853/853 3/3 86/86 
f 853/853 86/86 85/85 
f 863/863 457/457 1942/1942 
f 1943/1943 1355/1355 863/863 
f 864/864 863/863 1931/1931 
f 864/864 1931/1931 1941/1941 
f 864/864 1943/1943 863/863 
f 864/864 1941/1941 1940/1940 
f 865/865 864/864 1940/1940 
f 86/86 865/865 1940/1940 
f 865/865 86/86 3/3 
f 2449/2449 865/865 3/3 
f 1356/1356 1943/1943 866/866 
f 865/865 866/866 864/864 
f 864/864 866/866 1943/1943 
f 865/865 867/867 866/866 
f 866/866 868/868 1356/1356 
f 867/867 868/868 866/866 
f 867/867 2446/2446 868/868 
f 946/946 869/869 87/87 
f 879/879 1945/1945 869/869 
f 1944/1944 879/879 869/869 
f 1944/1944 869/869 97/97 
f 1945/1945 391/391 87/87 
f 869/869 1945/1945 87/87 
f 1953/1953 1945/1945 879/879 
f 1953/1953 391/391 1945/1945 
f 1216/1216 391/391 1950/1950 
f 871/871 97/97 870/870 
f 1946/1946 278/278 872/872 
f 872/872 871/871 870/870 
f 278/278 871/871 872/872 
f 278/278 18/18 871/871 
f 276/276 873/873 1946/1946 
f 873/873 874/874 1946/1946 
f 1987/1987 276/276 1947/1947 
f 283/283 1987/1987 1947/1947 
f 1987/1987 873/873 276/276 
f 279/279 874/874 873/873 
f 875/875 873/873 1987/1987 
f 875/875 279/279 873/873 
f 278/278 277/277 18/18 
f 1946/1946 874/874 278/278 
f 874/874 279/279 277/277 
f 278/278 874/874 277/277 
f 281/281 18/18 277/277 
f 1949/1949 281/281 277/277 
f 1949/1949 1955/1955 281/281 
f 1948/1948 279/279 875/875 
f 1948/1948 277/277 279/279 
f 1949/1949 277/277 1948/1948 
f 876/876 1949/1949 1948/1948 
f 391/391 1951/1951 1950/1950 
f 1951/1951 282/282 1950/1950 
f 1953/1953 1951/1951 391/391 
f 1951/1951 877/877 282/282 
f 1951/1951 878/878 877/877 
f 880/880 879/879 1944/1944 
f 871/871 1944/1944 97/97 
f 871/871 880/880 1944/1944 
f 18/18 880/880 871/871 
f 18/18 881/881 880/880 
f 1952/1952 885/885 878/878 
f 880/880 1953/1953 879/879 
f 280/280 1954/1954 1952/1952 
f 280/280 1952/1952 878/878 
f 1953/1953 280/280 878/878 
f 1953/1953 878/878 1951/1951 
f 1953/1953 880/880 280/280 
f 281/281 1954/1954 280/280 
f 881/881 281/281 280/280 
f 880/880 881/881 280/280 
f 18/18 281/281 881/881 
f 883/883 885/885 1952/1952 
f 883/883 1952/1952 1954/1954 
f 281/281 1955/1955 1954/1954 
f 1955/1955 883/883 1954/1954 
f 282/282 1216/1216 1950/1950 
f 282/282 882/882 1216/1216 
f 877/877 882/882 282/282 
f 884/884 882/882 877/877 
f 1957/1957 1955/1955 1956/1956 
f 1957/1957 1958/1958 885/885 
f 1957/1957 883/883 1955/1955 
f 883/883 1957/1957 885/885 
f 1980/1980 1958/1958 1957/1957 
f 19/19 1958/1958 1980/1980 
f 884/884 1959/1959 882/882 
f 885/885 877/877 878/878 
f 877/877 885/885 884/884 
f 1958/1958 886/886 884/884 
f 885/885 1958/1958 884/884 
f 886/886 1959/1959 884/884 
f 888/888 1959/1959 886/886 
f 1960/1960 886/886 1958/1958 
f 19/19 887/887 1958/1958 
f 887/887 1960/1960 1958/1958 
f 886/886 1960/1960 888/888 
f 1978/1978 888/888 1960/1960 
f 1961/1961 888/888 1978/1978 
f 1961/1961 889/889 888/888 
f 283/283 1947/1947 1036/1036 
f 1036/1036 88/88 283/283 
f 890/890 88/88 1036/1036 
f 1036/1036 891/891 890/890 
f 890/890 891/891 896/896 
f 284/284 2133/2133 1037/1037 
f 893/893 284/284 341/341 
f 1962/1962 284/284 893/893 
f 894/894 1041/1041 1053/1053 
f 1041/1041 894/894 1963/1963 
f 894/894 1964/1964 1963/1963 
f 895/895 1962/1962 893/893 
f 1963/1963 893/893 341/341 
f 1963/1963 895/895 893/893 
f 1964/1964 895/895 1963/1963 
f 1966/1966 1962/1962 895/895 
f 902/902 895/895 1964/1964 
f 902/902 1966/1966 895/895 
f 896/896 892/892 890/890 
f 1965/1965 891/891 2133/2133 
f 284/284 1965/1965 2133/2133 
f 1965/1965 1966/1966 896/896 
f 891/891 1965/1965 896/896 
f 1962/1962 1965/1965 284/284 
f 1962/1962 1966/1966 1965/1965 
f 901/901 1966/1966 902/902 
f 1968/1968 892/892 896/896 
f 1966/1966 1968/1968 896/896 
f 1968/1968 1967/1967 892/892 
f 1968/1968 1966/1966 901/901 
f 897/897 1968/1968 901/901 
f 1968/1968 897/897 1989/1989 
f 1995/1995 1989/1989 897/897 
f 1970/1970 1053/1053 346/346 
f 1970/1970 904/904 1053/1053 
f 346/346 899/899 1970/1970 
f 899/899 905/905 1970/1970 
f 348/348 898/898 346/346 
f 162/162 898/898 39/39 
f 285/285 905/905 899/899 
f 898/898 899/899 346/346 
f 898/898 285/285 899/899 
f 898/898 1403/1403 285/285 
f 1398/1398 905/905 285/285 
f 286/286 1398/1398 285/285 
f 1403/1403 286/286 285/285 
f 900/900 1995/1995 897/897 
f 1969/1969 900/900 897/897 
f 89/89 1969/1969 906/906 
f 901/901 1969/1969 897/897 
f 1969/1969 89/89 900/900 
f 1972/1972 900/900 89/89 
f 903/903 906/906 1964/1964 
f 1964/1964 906/906 902/902 
f 904/904 1964/1964 894/894 
f 903/903 1964/1964 904/904 
f 1053/1053 904/904 894/894 
f 903/903 1971/1971 906/906 
f 1970/1970 1971/1971 903/903 
f 904/904 1970/1970 903/903 
f 905/905 1971/1971 1970/1970 
f 1972/1972 287/287 900/900 
f 906/906 1969/1969 901/901 
f 902/902 906/906 901/901 
f 906/906 1972/1972 89/89 
f 906/906 1971/1971 1972/1972 
f 905/905 1972/1972 1971/1971 
f 1972/1972 1398/1398 287/287 
f 905/905 1398/1398 1972/1972 
f 907/907 1995/1995 900/900 
f 900/900 1973/1973 907/907 
f 1974/1974 1973/1973 900/900 
f 1973/1973 926/926 907/907 
f 1975/1975 1997/1997 1973/1973 
f 1398/1398 1976/1976 287/287 
f 145/145 1976/1976 1398/1398 
f 1975/1975 1973/1973 1974/1974 
f 908/908 1975/1975 1974/1974 
f 287/287 1974/1974 900/900 
f 1976/1976 1974/1974 287/287 
f 1974/1974 1976/1976 908/908 
f 145/145 908/908 1976/1976 
f 908/908 503/503 1975/1975 
f 503/503 1977/1977 1975/1975 
f 1395/1395 908/908 145/145 
f 1395/1395 503/503 908/908 
f 1367/1367 1977/1977 503/503 
f 1978/1978 909/909 1961/1961 
f 887/887 1978/1978 1960/1960 
f 887/887 911/911 1978/1978 
f 1981/1981 887/887 19/19 
f 1981/1981 911/911 887/887 
f 911/911 909/909 1978/1978 
f 928/928 909/909 911/911 
f 288/288 928/928 911/911 
f 1980/1980 1979/1979 19/19 
f 1956/1956 1980/1980 1957/1957 
f 916/916 1956/1956 1955/1955 
f 910/910 1980/1980 1956/1956 
f 1980/1980 913/913 1979/1979 
f 910/910 913/913 1980/1980 
f 910/910 1990/1990 913/913 
f 912/912 288/288 911/911 
f 1979/1979 1981/1981 19/19 
f 288/288 912/912 1982/1982 
f 1981/1981 912/912 911/911 
f 1981/1981 913/913 912/912 
f 1979/1979 913/913 1981/1981 
f 913/913 1982/1982 912/912 
f 288/288 2003/2003 928/928 
f 914/914 288/288 1982/1982 
f 914/914 2003/2003 288/288 
f 289/289 2003/2003 914/914 
f 1983/1983 1982/1982 913/913 
f 914/914 1982/1982 1983/1983 
f 1991/1991 1983/1983 913/913 
f 915/915 289/289 914/914 
f 915/915 914/914 1983/1983 
f 915/915 290/290 289/289 
f 1984/1984 290/290 915/915 
f 916/916 1955/1955 1949/1949 
f 876/876 916/916 1949/1949 
f 922/922 916/916 1986/1986 
f 875/875 1985/1985 1948/1948 
f 1948/1948 1985/1985 876/876 
f 916/916 1985/1985 1986/1986 
f 876/876 1985/1985 916/916 
f 291/291 1986/1986 1985/1985 
f 918/918 1986/1986 291/291 
f 1993/1993 1986/1986 918/918 
f 1987/1987 292/292 875/875 
f 292/292 919/919 875/875 
f 917/917 919/919 292/292 
f 88/88 292/292 1987/1987 
f 283/283 88/88 1987/1987 
f 890/890 292/292 88/88 
f 890/890 917/917 292/292 
f 892/892 917/917 890/890 
f 291/291 1988/1988 918/918 
f 919/919 291/291 1985/1985 
f 875/875 919/919 1985/1985 
f 919/919 1988/1988 291/291 
f 919/919 917/917 1988/1988 
f 917/917 293/293 1988/1988 
f 917/917 892/892 293/293 
f 920/920 918/918 1988/1988 
f 293/293 920/920 1988/1988 
f 920/920 1993/1993 918/918 
f 1967/1967 293/293 892/892 
f 293/293 1989/1989 920/920 
f 1967/1967 1989/1989 293/293 
f 1968/1968 1989/1989 1967/1967 
f 1995/1995 298/298 1989/1989 
f 294/294 915/915 1983/1983 
f 294/294 1984/1984 915/915 
f 1991/1991 294/294 1983/1983 
f 294/294 921/921 1984/1984 
f 295/295 921/921 294/294 
f 295/295 296/296 921/921 
f 1990/1990 1991/1991 913/913 
f 297/297 1991/1991 1990/1990 
f 916/916 910/910 1956/1956 
f 90/90 297/297 1990/1990 
f 922/922 90/90 1990/1990 
f 922/922 1990/1990 910/910 
f 916/916 922/922 910/910 
f 1986/1986 90/90 922/922 
f 1986/1986 1993/1993 90/90 
f 295/295 923/923 296/296 
f 1992/1992 923/923 295/295 
f 297/297 1992/1992 294/294 
f 1991/1991 297/297 294/294 
f 1992/1992 295/295 294/294 
f 1993/1993 923/923 1992/1992 
f 1993/1993 1992/1992 297/297 
f 90/90 1993/1993 297/297 
f 91/91 296/296 923/923 
f 1994/1994 91/91 923/923 
f 1993/1993 920/920 923/923 
f 923/923 1989/1989 1994/1994 
f 920/920 1989/1989 923/923 
f 298/298 91/91 1994/1994 
f 298/298 1994/1994 1989/1989 
f 925/925 939/939 1984/1984 
f 921/921 925/925 1984/1984 
f 924/924 921/921 296/296 
f 924/924 925/925 921/921 
f 924/924 1998/1998 925/925 
f 1998/1998 303/303 925/925 
f 924/924 296/296 91/91 
f 1996/1996 924/924 91/91 
f 1995/1995 91/91 298/298 
f 1995/1995 1996/1996 91/91 
f 1995/1995 907/907 1996/1996 
f 1997/1997 1996/1996 926/926 
f 907/907 926/926 1996/1996 
f 1973/1973 1997/1997 926/926 
f 927/927 303/303 1998/1998 
f 1996/1996 1998/1998 924/924 
f 927/927 1999/1999 92/92 
f 1999/1999 927/927 1998/1998 
f 1996/1996 1999/1999 1998/1998 
f 1975/1975 92/92 1997/1997 
f 1997/1997 1999/1999 1996/1996 
f 1997/1997 92/92 1999/1999 
f 2000/2000 303/303 927/927 
f 2000/2000 927/927 92/92 
f 1975/1975 1977/1977 92/92 
f 1977/1977 2011/2011 2000/2000 
f 92/92 1977/1977 2000/2000 
f 1367/1367 2011/2011 1977/1977 
f 1231/1231 889/889 1961/1961 
f 2001/2001 1231/1231 1961/1961 
f 2001/2001 1961/1961 909/909 
f 928/928 2001/2001 909/909 
f 299/299 2001/2001 928/928 
f 2002/2002 1232/1232 2001/2001 
f 2001/2001 299/299 2002/2002 
f 300/300 1232/1232 2002/2002 
f 931/931 2002/2002 299/299 
f 931/931 300/300 2002/2002 
f 2003/2003 933/933 928/928 
f 929/929 2003/2003 289/289 
f 929/929 933/933 2003/2003 
f 2004/2004 289/289 290/290 
f 930/930 2004/2004 290/290 
f 934/934 933/933 929/929 
f 301/301 934/934 929/929 
f 289/289 2004/2004 929/929 
f 301/301 929/929 2004/2004 
f 2008/2008 934/934 301/301 
f 302/302 2005/2005 931/931 
f 933/933 299/299 928/928 
f 932/932 2005/2005 302/302 
f 299/299 302/302 931/931 
f 933/933 302/302 299/299 
f 302/302 933/933 932/932 
f 2006/2006 2005/2005 932/932 
f 934/934 932/932 933/933 
f 934/934 2006/2006 932/932 
f 934/934 2008/2008 2006/2006 
f 2005/2005 2007/2007 931/931 
f 2005/2005 935/935 2007/2007 
f 2006/2006 935/935 2005/2005 
f 936/936 2009/2009 2008/2008 
f 2009/2009 2006/2006 2008/2008 
f 2006/2006 937/937 935/935 
f 2006/2006 938/938 937/937 
f 2009/2009 938/938 2006/2006 
f 2443/2443 937/937 938/938 
f 303/303 939/939 925/925 
f 303/303 93/93 939/939 
f 2010/2010 303/303 2000/2000 
f 2011/2011 2010/2010 2000/2000 
f 1367/1367 1364/1364 2011/2011 
f 1364/1364 2010/2010 2011/2011 
f 941/941 304/304 93/93 
f 305/305 941/941 93/93 
f 305/305 940/940 941/941 
f 303/303 2010/2010 305/305 
f 303/303 305/305 93/93 
f 305/305 2010/2010 940/940 
f 1364/1364 940/940 2010/2010 
f 1364/1364 942/942 940/940 
f 942/942 941/941 940/940 
f 2012/2012 2443/2443 938/938 
f 2012/2012 938/938 2009/2009 
f 943/943 2443/2443 2012/2012 
f 936/936 2012/2012 2009/2009 
f 936/936 943/943 2012/2012 
f 94/94 2015/2015 943/943 
f 301/301 936/936 2008/2008 
f 2013/2013 936/936 301/301 
f 930/930 301/301 2004/2004 
f 930/930 2013/2013 301/301 
f 939/939 290/290 1984/1984 
f 290/290 939/939 930/930 
f 2014/2014 306/306 2013/2013 
f 2013/2013 930/930 2014/2014 
f 939/939 2014/2014 930/930 
f 939/939 93/93 2014/2014 
f 304/304 306/306 2014/2014 
f 93/93 304/304 2014/2014 
f 306/306 94/94 943/943 
f 306/306 943/943 936/936 
f 2013/2013 306/306 936/936 
f 304/304 94/94 306/306 
f 1361/1361 2015/2015 94/94 
f 941/941 94/94 304/304 
f 941/941 1361/1361 94/94 
f 942/942 1361/1361 941/941 
f 944/944 2443/2443 943/943 
f 307/307 1244/1244 944/944 
f 2015/2015 944/944 943/943 
f 2015/2015 307/307 944/944 
f 1361/1361 95/95 2015/2015 
f 1361/1361 461/461 95/95 
f 95/95 307/307 2015/2015 
f 95/95 945/945 307/307 
f 95/95 2016/2016 945/945 
f 945/945 20/20 307/307 
f 461/461 2016/2016 95/95 
f 458/458 2016/2016 461/461 
f 2016/2016 458/458 945/945 
f 458/458 1246/1246 945/945 
f 946/946 87/87 308/308 
f 309/309 946/946 308/308 
f 96/96 2161/2161 947/947 
f 96/96 309/309 2161/2161 
f 948/948 309/309 96/96 
f 309/309 308/308 2161/2161 
f 97/97 946/946 2017/2017 
f 97/97 869/869 946/946 
f 2017/2017 946/946 309/309 
f 2017/2017 309/309 948/948 
f 2031/2031 2017/2017 948/948 
f 2018/2018 4/4 98/98 
f 2024/2024 2185/2185 1077/1077 
f 2024/2024 98/98 2185/2185 
f 2024/2024 949/949 98/98 
f 98/98 949/949 2018/2018 
f 2019/2019 2030/2030 2018/2018 
f 2019/2019 2018/2018 949/949 
f 953/953 2019/2019 949/949 
f 2024/2024 1077/1077 950/950 
f 950/950 2021/2021 2024/2024 
f 2020/2020 951/951 99/99 
f 2038/2038 2020/2020 99/99 
f 100/100 951/951 2020/2020 
f 2022/2022 2021/2021 951/951 
f 99/99 951/951 950/950 
f 951/951 2021/2021 950/950 
f 100/100 2022/2022 951/951 
f 2022/2022 952/952 2021/2021 
f 2023/2023 952/952 2022/2022 
f 2023/2023 2022/2022 310/310 
f 949/949 2027/2027 953/953 
f 2024/2024 2025/2025 949/949 
f 2021/2021 2025/2025 2024/2024 
f 2025/2025 952/952 2027/2027 
f 949/949 2025/2025 2027/2027 
f 2021/2021 952/952 2025/2025 
f 952/952 2026/2026 2027/2027 
f 2023/2023 2026/2026 952/952 
f 2028/2028 953/953 2027/2027 
f 2033/2033 953/953 2028/2028 
f 999/999 2026/2026 2023/2023 
f 999/999 1001/1001 2026/2026 
f 954/954 2033/2033 2028/2028 
f 2026/2026 2028/2028 2027/2027 
f 1001/1001 2028/2028 2026/2026 
f 1001/1001 954/954 2028/2028 
f 955/955 954/954 1001/1001 
f 2097/2097 954/954 955/955 
f 2097/2097 2034/2034 954/954 
f 2029/2029 870/870 97/97 
f 2029/2029 97/97 2017/2017 
f 2031/2031 2029/2029 2017/2017 
f 2030/2030 958/958 948/948 
f 4/4 96/96 947/947 
f 4/4 2030/2030 96/96 
f 2018/2018 2030/2030 4/4 
f 96/96 2030/2030 948/948 
f 2019/2019 958/958 2030/2030 
f 957/957 956/956 2029/2029 
f 2032/2032 2029/2029 2031/2031 
f 2031/2031 948/948 2032/2032 
f 948/948 958/958 2032/2032 
f 2029/2029 2032/2032 957/957 
f 958/958 957/957 2032/2032 
f 2033/2033 957/957 958/958 
f 2019/2019 2033/2033 958/958 
f 953/953 2033/2033 2019/2019 
f 957/957 959/959 956/956 
f 2033/2033 959/959 957/957 
f 2033/2033 2034/2034 959/959 
f 2034/2034 960/960 959/959 
f 2034/2034 2033/2033 954/954 
f 311/311 870/870 2029/2029 
f 311/311 2029/2029 956/956 
f 963/963 870/870 311/311 
f 963/963 872/872 870/870 
f 963/963 1946/1946 872/872 
f 959/959 311/311 956/956 
f 962/962 959/959 961/961 
f 2035/2035 2034/2034 2097/2097 
f 2034/2034 2035/2035 960/960 
f 327/327 960/960 2035/2035 
f 960/960 961/961 959/959 
f 327/327 961/961 960/960 
f 961/961 992/992 962/962 
f 2037/2037 962/962 992/992 
f 2090/2090 2037/2037 992/992 
f 101/101 1946/1946 963/963 
f 2036/2036 101/101 963/963 
f 311/311 2036/2036 963/963 
f 959/959 2036/2036 311/311 
f 962/962 2036/2036 959/959 
f 962/962 2037/2037 2036/2036 
f 101/101 276/276 1946/1946 
f 964/964 101/101 2036/2036 
f 964/964 2036/2036 2037/2037 
f 2090/2090 964/964 2037/2037 
f 964/964 276/276 101/101 
f 1947/1947 276/276 964/964 
f 965/965 312/312 2040/2040 
f 2041/2041 965/965 2040/2040 
f 313/313 1167/1167 2340/2340 
f 313/313 966/966 1167/1167 
f 967/967 966/966 313/313 
f 2041/2041 2042/2042 965/965 
f 2041/2041 2040/2040 2039/2039 
f 966/966 2041/2041 2039/2039 
f 967/967 2041/2041 966/966 
f 314/314 2042/2042 2041/2041 
f 2102/2102 2042/2042 314/314 
f 968/968 314/314 2041/2041 
f 968/968 2041/2041 967/967 
f 315/315 314/314 968/968 
f 315/315 2102/2102 314/314 
f 2048/2048 2340/2340 2355/2355 
f 969/969 2048/2048 2355/2355 
f 2043/2043 969/969 102/102 
f 2043/2043 2048/2048 969/969 
f 970/970 2048/2048 2043/2043 
f 2045/2045 102/102 2044/2044 
f 2045/2045 2044/2044 2376/2376 
f 2043/2043 2046/2046 970/970 
f 2045/2045 2043/2043 102/102 
f 2047/2047 2046/2046 2043/2043 
f 2045/2045 2047/2047 2043/2043 
f 974/974 970/970 2046/2046 
f 316/316 974/974 2046/2046 
f 316/316 2046/2046 2047/2047 
f 971/971 316/316 2047/2047 
f 972/972 974/974 316/316 
f 2053/2053 2107/2107 315/315 
f 973/973 2053/2053 315/315 
f 968/968 973/973 315/315 
f 2051/2051 968/968 967/967 
f 313/313 2051/2051 967/967 
f 2049/2049 2051/2051 313/313 
f 2048/2048 313/313 2340/2340 
f 2048/2048 2049/2049 313/313 
f 970/970 2049/2049 2048/2048 
f 973/973 2050/2050 2053/2053 
f 2051/2051 973/973 968/968 
f 2051/2051 2050/2050 973/973 
f 2049/2049 2050/2050 2051/2051 
f 970/970 2050/2050 2049/2049 
f 2052/2052 2053/2053 2050/2050 
f 974/974 2050/2050 970/970 
f 974/974 2052/2052 2050/2050 
f 317/317 2052/2052 974/974 
f 972/972 317/317 974/974 
f 977/977 2107/2107 2053/2053 
f 2052/2052 975/975 2053/2053 
f 976/976 975/975 2052/2052 
f 976/976 2052/2052 317/317 
f 975/975 978/978 977/977 
f 2053/2053 975/975 977/977 
f 978/978 318/318 977/977 
f 976/976 978/978 975/975 
f 979/979 318/318 978/978 
f 982/982 2054/2054 980/980 
f 982/982 981/981 2054/2054 
f 982/982 980/980 390/390 
f 390/390 2057/2057 982/982 
f 2055/2055 981/981 982/982 
f 2055/2055 2069/2069 981/981 
f 2056/2056 2055/2055 982/982 
f 322/322 2055/2055 2056/2056 
f 1212/1212 2059/2059 2058/2058 
f 2056/2056 983/983 322/322 
f 982/982 319/319 2056/2056 
f 2056/2056 319/319 983/983 
f 2058/2058 982/982 2057/2057 
f 2058/2058 319/319 982/982 
f 319/319 624/624 983/983 
f 2058/2058 2059/2059 319/319 
f 2059/2059 624/624 319/319 
f 2060/2060 985/985 983/983 
f 320/320 2060/2060 983/983 
f 624/624 320/320 983/983 
f 1539/1539 320/320 624/624 
f 1539/1539 2060/2060 320/320 
f 621/621 2060/2060 1539/1539 
f 2062/2062 979/979 978/978 
f 2062/2062 2061/2061 979/979 
f 2062/2062 978/978 976/976 
f 2063/2063 2062/2062 976/976 
f 103/103 2061/2061 2062/2062 
f 2063/2063 103/103 2062/2062 
f 984/984 976/976 317/317 
f 984/984 2063/2063 976/976 
f 2066/2066 317/317 972/972 
f 2066/2066 984/984 317/317 
f 2063/2063 321/321 103/103 
f 984/984 321/321 2063/2063 
f 2064/2064 103/103 321/321 
f 2065/2065 321/321 984/984 
f 2070/2070 2065/2065 984/984 
f 321/321 2065/2065 2064/2064 
f 2065/2065 2075/2075 2064/2064 
f 21/21 2075/2075 2065/2065 
f 316/316 2066/2066 972/972 
f 971/971 2066/2066 316/316 
f 2067/2067 2066/2066 971/971 
f 2068/2068 2047/2047 2045/2045 
f 2054/2054 2045/2045 2376/2376 
f 2045/2045 2054/2054 2068/2068 
f 981/981 2068/2068 2054/2054 
f 2068/2068 2067/2067 971/971 
f 2068/2068 971/971 2047/2047 
f 2068/2068 2069/2069 2067/2067 
f 981/981 2069/2069 2068/2068 
f 2069/2069 2071/2071 2067/2067 
f 322/322 2071/2071 2069/2069 
f 2055/2055 322/322 2069/2069 
f 2072/2072 21/21 2065/2065 
f 2072/2072 2065/2065 2070/2070 
f 2066/2066 2070/2070 984/984 
f 2071/2071 2070/2070 2066/2066 
f 2067/2067 2071/2071 2066/2066 
f 2070/2070 2071/2071 2072/2072 
f 985/985 2072/2072 2071/2071 
f 322/322 985/985 2071/2071 
f 2073/2073 21/21 2072/2072 
f 985/985 2073/2073 2072/2072 
f 983/983 985/985 322/322 
f 985/985 2074/2074 2073/2073 
f 2060/2060 2074/2074 985/985 
f 2074/2074 621/621 2080/2080 
f 2060/2060 621/621 2074/2074 
f 2124/2124 979/979 2061/2061 
f 2061/2061 323/323 2124/2124 
f 987/987 323/323 2061/2061 
f 986/986 103/103 2064/2064 
f 2075/2075 324/324 986/986 
f 2075/2075 986/986 2064/2064 
f 990/990 324/324 2075/2075 
f 990/990 2076/2076 324/324 
f 986/986 2061/2061 103/103 
f 986/986 2076/2076 987/987 
f 986/986 987/987 2061/2061 
f 324/324 2076/2076 986/986 
f 989/989 2077/2077 2076/2076 
f 2076/2076 2077/2077 987/987 
f 2075/2075 21/21 2073/2073 
f 2079/2079 2075/2075 2073/2073 
f 2078/2078 2073/2073 2074/2074 
f 2078/2078 2079/2079 2073/2073 
f 988/988 2079/2079 2078/2078 
f 988/988 990/990 2079/2079 
f 2080/2080 2078/2078 2074/2074 
f 1526/1526 2080/2080 621/621 
f 325/325 2082/2082 988/988 
f 2078/2078 325/325 988/988 
f 2078/2078 2080/2080 325/325 
f 1527/1527 2082/2082 325/325 
f 104/104 2082/2082 1527/1527 
f 2079/2079 990/990 2075/2075 
f 2082/2082 2081/2081 990/990 
f 988/988 2082/2082 990/990 
f 2081/2081 989/989 2076/2076 
f 990/990 2081/2081 2076/2076 
f 2081/2081 104/104 989/989 
f 2081/2081 2082/2082 104/104 
f 1030/1030 2077/2077 989/989 
f 2083/2083 1030/1030 989/989 
f 2083/2083 989/989 104/104 
f 326/326 1030/1030 2083/2083 
f 2084/2084 326/326 2083/2083 
f 2084/2084 1034/1034 326/326 
f 1523/1523 2083/2083 104/104 
f 195/195 2084/2084 2083/2083 
f 2085/2085 1947/1947 964/964 
f 2090/2090 2085/2085 964/964 
f 2090/2090 991/991 2085/2085 
f 2085/2085 2130/2130 1947/1947 
f 2085/2085 991/991 2130/2130 
f 2093/2093 2130/2130 991/991 
f 2087/2087 2090/2090 992/992 
f 327/327 992/992 961/961 
f 2087/2087 992/992 327/327 
f 993/993 327/327 2035/2035 
f 105/105 2035/2035 2086/2086 
f 2035/2035 105/105 993/993 
f 993/993 994/994 2087/2087 
f 2087/2087 327/327 993/993 
f 105/105 2088/2088 993/993 
f 2088/2088 994/994 993/993 
f 995/995 994/994 2088/2088 
f 2089/2089 994/994 995/995 
f 2091/2091 996/996 2093/2093 
f 2091/2091 991/991 2090/2090 
f 2087/2087 2091/2091 2090/2090 
f 2091/2091 2093/2093 991/991 
f 2091/2091 2092/2092 996/996 
f 2092/2092 997/997 996/996 
f 994/994 2091/2091 2087/2087 
f 2091/2091 994/994 2092/2092 
f 2089/2089 2092/2092 994/994 
f 2094/2094 2093/2093 996/996 
f 2094/2094 328/328 2093/2093 
f 2094/2094 996/996 997/997 
f 2095/2095 328/328 2094/2094 
f 997/997 2095/2095 2094/2094 
f 2089/2089 2109/2109 2092/2092 
f 2109/2109 997/997 2092/2092 
f 2096/2096 997/997 2109/2109 
f 2095/2095 997/997 998/998 
f 2096/2096 998/998 997/997 
f 2097/2097 955/955 2098/2098 
f 2086/2086 2097/2097 2098/2098 
f 2099/2099 1001/1001 999/999 
f 1000/1000 2099/2099 999/999 
f 1003/1003 2099/2099 1000/1000 
f 2100/2100 2111/2111 2098/2098 
f 2100/2100 2098/2098 955/955 
f 1001/1001 2100/2100 955/955 
f 2099/2099 2100/2100 1001/1001 
f 2099/2099 1003/1003 2100/2100 
f 1002/1002 2111/2111 2100/2100 
f 1003/1003 1002/1002 2100/2100 
f 2101/2101 22/22 1002/1002 
f 1004/1004 2023/2023 310/310 
f 310/310 2022/2022 100/100 
f 1005/1005 1004/1004 310/310 
f 106/106 1005/1005 310/310 
f 2038/2038 312/312 2020/2020 
f 2040/2040 312/312 2038/2038 
f 312/312 1006/1006 100/100 
f 2020/2020 312/312 100/100 
f 2042/2042 312/312 965/965 
f 310/310 1006/1006 106/106 
f 100/100 1006/1006 310/310 
f 2042/2042 1006/1006 312/312 
f 2102/2102 106/106 1006/1006 
f 1007/1007 106/106 2102/2102 
f 2042/2042 2102/2102 1006/1006 
f 315/315 1007/1007 2102/2102 
f 2105/2105 1002/1002 1003/1003 
f 1002/1002 2105/2105 2101/2101 
f 2105/2105 2103/2103 2101/2101 
f 1004/1004 999/999 2023/2023 
f 1004/1004 1000/1000 999/999 
f 1004/1004 1005/1005 1000/1000 
f 1005/1005 2106/2106 1000/1000 
f 2106/2106 2103/2103 2105/2105 
f 2106/2106 2104/2104 2103/2103 
f 2106/2106 2105/2105 1003/1003 
f 1000/1000 2106/2106 1003/1003 
f 106/106 2104/2104 2106/2106 
f 1005/1005 106/106 2106/2106 
f 2108/2108 2103/2103 2104/2104 
f 106/106 1007/1007 2104/2104 
f 1007/1007 2107/2107 2104/2104 
f 315/315 2107/2107 1007/1007 
f 2115/2115 22/22 2101/2101 
f 329/329 2115/2115 2101/2101 
f 1008/1008 2115/2115 329/329 
f 329/329 2101/2101 2103/2103 
f 2108/2108 329/329 2103/2103 
f 1010/1010 1008/1008 329/329 
f 1009/1009 2108/2108 2104/2104 
f 2107/2107 1009/1009 2104/2104 
f 977/977 1009/1009 2107/2107 
f 2108/2108 1010/1010 329/329 
f 1009/1009 1010/1010 2108/2108 
f 318/318 1010/1010 1009/1009 
f 318/318 1009/1009 977/977 
f 318/318 1023/1023 1010/1010 
f 979/979 1023/1023 318/318 
f 330/330 2134/2134 998/998 
f 330/330 2116/2116 2134/2134 
f 330/330 998/998 2096/2096 
f 1013/1013 2116/2116 330/330 
f 2110/2110 2096/2096 2109/2109 
f 2110/2110 2109/2109 2089/2089 
f 2110/2110 330/330 2096/2096 
f 330/330 2110/2110 1013/1013 
f 2110/2110 1011/1011 1013/1013 
f 1014/1014 1011/1011 2110/2110 
f 2118/2118 1013/1013 1012/1012 
f 1014/1014 1012/1012 1011/1011 
f 1011/1011 1012/1012 1013/1013 
f 105/105 1015/1015 2088/2088 
f 1015/1015 995/995 2088/2088 
f 1016/1016 995/995 1015/1015 
f 2097/2097 2086/2086 2035/2035 
f 1017/1017 1016/1016 1015/1015 
f 105/105 1017/1017 1015/1015 
f 2086/2086 1017/1017 105/105 
f 2098/2098 1017/1017 2086/2086 
f 2098/2098 2111/2111 1017/1017 
f 331/331 1016/1016 1017/1017 
f 1018/1018 331/331 1017/1017 
f 2111/2111 1018/1018 1017/1017 
f 1002/1002 1018/1018 2111/2111 
f 1019/1019 331/331 1018/1018 
f 22/22 1019/1019 1018/1018 
f 22/22 1018/1018 1002/1002 
f 1020/1020 23/23 1012/1012 
f 2112/2112 1020/1020 1012/1012 
f 1014/1014 2112/2112 1012/1012 
f 1014/1014 332/332 2112/2112 
f 2110/2110 2114/2114 1014/1014 
f 995/995 2110/2110 2089/2089 
f 995/995 2114/2114 2110/2110 
f 995/995 1016/1016 2114/2114 
f 2113/2113 332/332 1014/1014 
f 2113/2113 1019/1019 332/332 
f 2114/2114 2113/2113 1014/1014 
f 1016/1016 2113/2113 2114/2114 
f 331/331 2113/2113 1016/1016 
f 331/331 1019/1019 2113/2113 
f 22/22 2115/2115 1019/1019 
f 332/332 1020/1020 2112/2112 
f 332/332 1021/1021 1020/1020 
f 107/107 1021/1021 332/332 
f 1019/1019 1022/1022 332/332 
f 1008/1008 333/333 1022/1022 
f 1008/1008 1022/1022 1019/1019 
f 2115/2115 1008/1008 1019/1019 
f 1010/1010 333/333 1008/1008 
f 1022/1022 107/107 332/332 
f 1022/1022 333/333 107/107 
f 1023/1023 107/107 333/333 
f 1023/1023 1027/1027 107/107 
f 1010/1010 1023/1023 333/333 
f 2117/2117 2116/2116 1013/1013 
f 2122/2122 2116/2116 2117/2117 
f 2122/2122 1024/1024 2116/2116 
f 1025/1025 2118/2118 1012/1012 
f 23/23 1025/1025 1012/1012 
f 2120/2120 1025/1025 2119/2119 
f 2117/2117 2120/2120 2122/2122 
f 2118/2118 2117/2117 1013/1013 
f 2121/2121 2120/2120 2117/2117 
f 2118/2118 2121/2121 2117/2117 
f 1025/1025 2121/2121 2118/2118 
f 1025/1025 2120/2120 2121/2121 
f 2123/2123 24/24 2122/2122 
f 2120/2120 2123/2123 2122/2122 
f 1021/1021 23/23 1020/1020 
f 334/334 1021/1021 107/107 
f 334/334 23/23 1021/1021 
f 334/334 1026/1026 23/23 
f 1026/1026 2127/2127 23/23 
f 1027/1027 323/323 107/107 
f 2124/2124 1027/1027 1023/1023 
f 979/979 2124/2124 1023/1023 
f 2124/2124 323/323 1027/1027 
f 1028/1028 1026/1026 334/334 
f 1028/1028 2125/2125 1026/1026 
f 323/323 1028/1028 334/334 
f 107/107 323/323 334/334 
f 987/987 2125/2125 1028/1028 
f 323/323 987/987 1028/1028 
f 2125/2125 2128/2128 1026/1026 
f 2125/2125 2129/2129 2128/2128 
f 987/987 2129/2129 2125/2125 
f 2077/2077 2129/2129 987/987 
f 2123/2123 335/335 24/24 
f 1029/1029 2123/2123 2120/2120 
f 2126/2126 2123/2123 1029/1029 
f 2123/2123 2126/2126 335/335 
f 23/23 2127/2127 1025/1025 
f 2127/2127 2119/2119 1025/1025 
f 1026/1026 2128/2128 2127/2127 
f 1029/1029 337/337 2126/2126 
f 336/336 337/337 1029/1029 
f 2119/2119 1029/1029 2120/2120 
f 2127/2127 1029/1029 2119/2119 
f 2127/2127 336/336 1029/1029 
f 2128/2128 336/336 2127/2127 
f 336/336 2129/2129 337/337 
f 2128/2128 2129/2129 336/336 
f 1030/1030 337/337 2129/2129 
f 2077/2077 1030/1030 2129/2129 
f 335/335 1045/1045 24/24 
f 1031/1031 335/335 2126/2126 
f 338/338 335/335 1031/1031 
f 335/335 1032/1032 1045/1045 
f 338/338 1032/1032 335/335 
f 1031/1031 2126/2126 337/337 
f 1033/1033 1031/1031 337/337 
f 1033/1033 337/337 1030/1030 
f 326/326 1033/1033 1030/1030 
f 326/326 1034/1034 1033/1033 
f 338/338 339/339 1032/1032 
f 1034/1034 339/339 338/338 
f 1033/1033 338/338 1031/1031 
f 1033/1033 1034/1034 338/338 
f 2084/2084 1035/1035 1034/1034 
f 1035/1035 339/339 1034/1034 
f 559/559 339/339 1035/1035 
f 1036/1036 1947/1947 2130/2130 
f 2131/2131 2130/2130 2093/2093 
f 2132/2132 2131/2131 2093/2093 
f 1038/1038 2132/2132 2093/2093 
f 2130/2130 2131/2131 1036/1036 
f 2131/2131 2132/2132 1036/1036 
f 2132/2132 891/891 1036/1036 
f 2133/2133 891/891 2132/2132 
f 2133/2133 2132/2132 1037/1037 
f 1038/1038 2093/2093 328/328 
f 2141/2141 1038/1038 328/328 
f 2136/2136 328/328 2095/2095 
f 2136/2136 2141/2141 328/328 
f 2135/2135 2136/2136 998/998 
f 2134/2134 2135/2135 998/998 
f 1039/1039 2141/2141 2136/2136 
f 998/998 2136/2136 2095/2095 
f 2135/2135 1039/1039 2136/2136 
f 2135/2135 2137/2137 1039/1039 
f 2138/2138 2141/2141 1039/1039 
f 2137/2137 340/340 1039/1039 
f 340/340 2138/2138 1039/1039 
f 340/340 2142/2142 2138/2138 
f 1040/1040 1037/1037 2132/2132 
f 1040/1040 2139/2139 1037/1037 
f 2140/2140 2139/2139 1040/1040 
f 1038/1038 2141/2141 2132/2132 
f 2141/2141 1040/1040 2132/2132 
f 2141/2141 2140/2140 1040/1040 
f 2138/2138 2140/2140 2141/2141 
f 284/284 1037/1037 2139/2139 
f 341/341 284/284 2139/2139 
f 2143/2143 2140/2140 2138/2138 
f 2142/2142 2143/2143 2138/2138 
f 2151/2151 2143/2143 2142/2142 
f 1041/1041 2143/2143 2151/2151 
f 2143/2143 341/341 2139/2139 
f 2143/2143 2139/2139 2140/2140 
f 2143/2143 1041/1041 341/341 
f 1041/1041 1963/1963 341/341 
f 343/343 2134/2134 2116/2116 
f 1024/1024 343/343 2116/2116 
f 2122/2122 342/342 1024/1024 
f 1024/1024 1042/1042 343/343 
f 342/342 1042/1042 1024/1024 
f 344/344 2122/2122 24/24 
f 2144/2144 344/344 24/24 
f 2147/2147 344/344 2144/2144 
f 1044/1044 2154/2154 1042/1042 
f 1043/1043 1042/1042 342/342 
f 1043/1043 1044/1044 1042/1042 
f 344/344 342/342 2122/2122 
f 344/344 1044/1044 1043/1043 
f 344/344 1043/1043 342/342 
f 2147/2147 1044/1044 344/344 
f 2147/2147 1051/1051 1044/1044 
f 1051/1051 2145/2145 1044/1044 
f 1032/1032 1046/1046 1045/1045 
f 559/559 1047/1047 339/339 
f 339/339 1046/1046 1032/1032 
f 1047/1047 1046/1046 339/339 
f 1046/1046 1047/1047 1048/1048 
f 2146/2146 1048/1048 1047/1047 
f 1048/1048 108/108 1046/1046 
f 556/556 1048/1048 2146/2146 
f 556/556 108/108 1048/1048 
f 2147/2147 1049/1049 1051/1051 
f 1050/1050 2147/2147 2144/2144 
f 1045/1045 2144/2144 24/24 
f 1045/1045 1050/1050 2144/2144 
f 1046/1046 1050/1050 1045/1045 
f 1046/1046 108/108 1050/1050 
f 1049/1049 108/108 1052/1052 
f 2147/2147 1050/1050 1049/1049 
f 1050/1050 108/108 1049/1049 
f 2148/2148 1052/1052 108/108 
f 556/556 2148/2148 108/108 
f 1052/1052 1051/1051 1049/1049 
f 2150/2150 2149/2149 1052/1052 
f 551/551 1052/1052 2148/2148 
f 551/551 2150/2150 1052/1052 
f 2151/2151 1053/1053 1041/1041 
f 2152/2152 1053/1053 2151/2151 
f 345/345 1053/1053 2152/2152 
f 1055/1055 2156/2156 340/340 
f 2153/2153 2156/2156 1054/1054 
f 2155/2155 2137/2137 2135/2135 
f 343/343 2135/2135 2134/2134 
f 343/343 2155/2155 2135/2135 
f 343/343 2154/2154 2155/2155 
f 1042/1042 2154/2154 343/343 
f 1055/1055 1054/1054 2156/2156 
f 2155/2155 340/340 2137/2137 
f 2155/2155 1055/1055 340/340 
f 2155/2155 1054/1054 1055/1055 
f 2155/2155 2154/2154 1054/1054 
f 2145/2145 2153/2153 1054/1054 
f 2145/2145 1054/1054 2154/2154 
f 1044/1044 2145/2145 2154/2154 
f 1051/1051 2153/2153 2145/2145 
f 2156/2156 2152/2152 2151/2151 
f 2156/2156 2151/2151 2142/2142 
f 340/340 2156/2156 2142/2142 
f 2156/2156 2153/2153 2152/2152 
f 2153/2153 2149/2149 345/345 
f 2152/2152 2153/2153 345/345 
f 2153/2153 1051/1051 2149/2149 
f 1052/1052 2149/2149 1051/1051 
f 2149/2149 2150/2150 345/345 
f 346/346 1053/1053 345/345 
f 1056/1056 346/346 345/345 
f 547/547 345/345 2150/2150 
f 346/346 1056/1056 348/348 
f 345/345 547/547 1056/1056 
f 347/347 348/348 1056/1056 
f 547/547 347/347 1056/1056 
f 39/39 898/898 348/348 
f 308/308 87/87 2157/2157 
f 2158/2158 308/308 2157/2157 
f 1057/1057 2159/2159 2158/2158 
f 2158/2158 1058/1058 308/308 
f 2159/2159 1058/1058 2158/2158 
f 2159/2159 2160/2160 1058/1058 
f 2161/2161 308/308 1058/1058 
f 2160/2160 2161/2161 1058/1058 
f 2160/2160 2173/2173 2161/2161 
f 2173/2173 947/947 2161/2161 
f 2162/2162 1059/1059 395/395 
f 2425/2425 2162/2162 395/395 
f 2169/2169 2425/2425 1060/1060 
f 2169/2169 109/109 2425/2425 
f 109/109 2162/2162 2425/2425 
f 1069/1069 2162/2162 109/109 
f 1061/1061 1060/1060 2431/2431 
f 2165/2165 1061/1061 2431/2431 
f 1062/1062 2164/2164 2163/2163 
f 2164/2164 349/349 2165/2165 
f 2164/2164 2165/2165 2163/2163 
f 2164/2164 2166/2166 349/349 
f 350/350 1064/1064 1061/1061 
f 2165/2165 350/350 1061/1061 
f 349/349 350/350 2165/2165 
f 349/349 2166/2166 350/350 
f 1065/1065 1064/1064 350/350 
f 2167/2167 350/350 2166/2166 
f 2283/2283 2167/2167 2166/2166 
f 2167/2167 1065/1065 350/350 
f 2168/2168 1065/1065 2167/2167 
f 2283/2283 2168/2168 2167/2167 
f 351/351 1069/1069 109/109 
f 2169/2169 351/351 109/109 
f 1061/1061 2169/2169 1060/1060 
f 1064/1064 2169/2169 1061/1061 
f 2169/2169 1063/1063 351/351 
f 2169/2169 1064/1064 1063/1063 
f 1065/1065 1063/1063 1064/1064 
f 2170/2170 1063/1063 1065/1065 
f 2168/2168 2170/2170 1065/1065 
f 2179/2179 1069/1069 351/351 
f 2171/2171 351/351 1063/1063 
f 2171/2171 2179/2179 351/351 
f 2182/2182 2179/2179 2171/2171 
f 1131/1131 1066/1066 2170/2170 
f 1066/1066 2182/2182 2171/2171 
f 2170/2170 2171/2171 1063/1063 
f 2171/2171 2170/2170 1066/1066 
f 2183/2183 2182/2182 1066/1066 
f 2172/2172 2183/2183 1066/1066 
f 1131/1131 2172/2172 1066/1066 
f 2176/2176 947/947 2173/2173 
f 2160/2160 2174/2174 2173/2173 
f 352/352 2174/2174 2160/2160 
f 2174/2174 2176/2176 2173/2173 
f 2177/2177 2175/2175 2174/2174 
f 2174/2174 2175/2175 2176/2176 
f 2187/2187 2176/2176 2175/2175 
f 354/354 2187/2187 2175/2175 
f 352/352 2160/2160 2159/2159 
f 1068/1068 352/352 2159/2159 
f 1068/1068 2159/2159 1057/1057 
f 1059/1059 1067/1067 1057/1057 
f 2162/2162 1067/1067 1059/1059 
f 1067/1067 1068/1068 1057/1057 
f 2162/2162 1068/1068 1067/1067 
f 1069/1069 353/353 1068/1068 
f 2162/2162 1069/1069 1068/1068 
f 1070/1070 354/354 2175/2175 
f 1070/1070 2175/2175 2177/2177 
f 353/353 1070/1070 2177/2177 
f 2177/2177 2174/2174 352/352 
f 1068/1068 2177/2177 352/352 
f 2177/2177 1068/1068 353/353 
f 2180/2180 354/354 1070/1070 
f 2180/2180 2178/2178 354/354 
f 2180/2180 1070/1070 353/353 
f 1069/1069 2179/2179 353/353 
f 2179/2179 2180/2180 353/353 
f 2180/2180 2181/2181 2178/2178 
f 2180/2180 2182/2182 2181/2181 
f 2179/2179 2182/2182 2180/2180 
f 2189/2189 1074/1074 2178/2178 
f 2189/2189 2178/2178 2181/2181 
f 2189/2189 2181/2181 2182/2182 
f 2183/2183 2189/2189 2182/2182 
f 2176/2176 4/4 947/947 
f 1071/1071 4/4 2176/2176 
f 1071/1071 98/98 4/4 
f 2184/2184 2176/2176 2187/2187 
f 2185/2185 98/98 1071/1071 
f 2184/2184 2185/2185 1071/1071 
f 2184/2184 1071/1071 2176/2176 
f 1072/1072 2185/2185 2184/2184 
f 2186/2186 354/354 2178/2178 
f 1074/1074 2186/2186 2178/2178 
f 2186/2186 2187/2187 354/354 
f 1074/1074 2188/2188 2186/2186 
f 2188/2188 2187/2187 2186/2186 
f 355/355 1074/1074 2189/2189 
f 1073/1073 355/355 2189/2189 
f 2183/2183 1073/1073 2189/2189 
f 1075/1075 2188/2188 1074/1074 
f 355/355 1075/1075 1074/1074 
f 356/356 2188/2188 1075/1075 
f 2190/2190 1075/1075 355/355 
f 2190/2190 356/356 1075/1075 
f 2191/2191 356/356 2190/2190 
f 1078/1078 1077/1077 2185/2185 
f 1072/1072 1078/1078 2185/2185 
f 2192/2192 1072/1072 2184/2184 
f 2192/2192 1078/1078 1072/1072 
f 1076/1076 1078/1078 2192/2192 
f 2187/2187 2193/2193 2184/2184 
f 2188/2188 2193/2193 2187/2187 
f 2184/2184 2193/2193 2192/2192 
f 2193/2193 2195/2195 2192/2192 
f 2188/2188 2195/2195 2193/2193 
f 2195/2195 1076/1076 2192/2192 
f 2194/2194 1076/1076 2195/2195 
f 2194/2194 2196/2196 1076/1076 
f 356/356 2195/2195 2188/2188 
f 356/356 2194/2194 2195/2195 
f 2191/2191 2194/2194 356/356 
f 1079/1079 950/950 1077/1077 
f 1078/1078 1079/1079 1077/1077 
f 1079/1079 99/99 950/950 
f 1080/1080 2194/2194 2191/2191 
f 1080/1080 2196/2196 2194/2194 
f 2196/2196 1079/1079 1078/1078 
f 2196/2196 1078/1078 1076/1076 
f 2196/2196 2197/2197 1079/1079 
f 1080/1080 2197/2197 2196/2196 
f 357/357 2197/2197 1080/1080 
f 99/99 1079/1079 2197/2197 
f 2197/2197 2038/2038 99/99 
f 357/357 2038/2038 2197/2197 
f 1082/1082 1081/1081 2198/2198 
f 2199/2199 1082/1082 2198/2198 
f 2200/2200 1083/1083 1082/1082 
f 1083/1083 2285/2285 1081/1081 
f 1082/1082 1083/1083 1081/1081 
f 2286/2286 2285/2285 1083/1083 
f 1084/1084 1083/1083 1085/1085 
f 1084/1084 2286/2286 1083/1083 
f 110/110 2286/2286 1084/1084 
f 2201/2201 2206/2206 2199/2199 
f 358/358 2206/2206 2201/2201 
f 2202/2202 2201/2201 2498/2498 
f 2203/2203 358/358 2201/2201 
f 2498/2498 2201/2201 2199/2199 
f 2202/2202 2203/2203 2201/2201 
f 1096/1096 2203/2203 2202/2202 
f 1096/1096 2204/2204 2203/2203 
f 2205/2205 110/110 1084/1084 
f 1085/1085 2205/2205 1084/1084 
f 2206/2206 1082/1082 2199/2199 
f 1082/1082 2206/2206 2200/2200 
f 358/358 2200/2200 2206/2206 
f 2207/2207 2205/2205 1085/1085 
f 2207/2207 2208/2208 2205/2205 
f 2200/2200 1085/1085 1083/1083 
f 2200/2200 2207/2207 1085/1085 
f 358/358 2207/2207 2200/2200 
f 1086/1086 2208/2208 2207/2207 
f 2203/2203 2207/2207 358/358 
f 2204/2204 2207/2207 2203/2203 
f 2204/2204 1086/1086 2207/2207 
f 2209/2209 2205/2205 2208/2208 
f 2209/2209 110/110 2205/2205 
f 2209/2209 1088/1088 110/110 
f 1087/1087 1088/1088 2209/2209 
f 2211/2211 1088/1088 1087/1087 
f 1086/1086 1089/1089 2208/2208 
f 2210/2210 1086/1086 2204/2204 
f 2210/2210 1089/1089 1086/1086 
f 359/359 1089/1089 2210/2210 
f 2212/2212 2211/2211 1087/1087 
f 1089/1089 1087/1087 2209/2209 
f 1089/1089 2209/2209 2208/2208 
f 1089/1089 2212/2212 1087/1087 
f 359/359 2212/2212 1089/1089 
f 1090/1090 2212/2212 359/359 
f 1090/1090 2211/2211 2212/2212 
f 1090/1090 2213/2213 2211/2211 
f 2216/2216 2213/2213 1090/1090 
f 1101/1101 2213/2213 2216/2216 
f 1091/1091 2202/2202 2222/2222 
f 1093/1093 2214/2214 2222/2222 
f 2214/2214 1091/1091 2222/2222 
f 360/360 1091/1091 2214/2214 
f 360/360 1092/1092 1091/1091 
f 360/360 111/111 1092/1092 
f 2215/2215 2214/2214 1093/1093 
f 2215/2215 360/360 2214/2214 
f 2236/2236 360/360 2215/2215 
f 1099/1099 360/360 2236/2236 
f 2217/2217 1090/1090 359/359 
f 2218/2218 2226/2226 2216/2216 
f 2217/2217 2216/2216 1090/1090 
f 2217/2217 2218/2218 2216/2216 
f 2219/2219 359/359 2210/2210 
f 1094/1094 2219/2219 2210/2210 
f 2204/2204 1094/1094 2210/2210 
f 1098/1098 2219/2219 1094/1094 
f 2220/2220 361/361 2218/2218 
f 2220/2220 2218/2218 2217/2217 
f 2219/2219 2217/2217 359/359 
f 2219/2219 2220/2220 2217/2217 
f 2221/2221 361/361 2220/2220 
f 2221/2221 2220/2220 2219/2219 
f 1098/1098 2221/2221 2219/2219 
f 1095/1095 2221/2221 1098/1098 
f 2225/2225 2221/2221 1095/1095 
f 1096/1096 1097/1097 2204/2204 
f 2223/2223 1097/1097 1096/1096 
f 2222/2222 2202/2202 2498/2498 
f 2202/2202 2223/2223 1096/1096 
f 1091/1091 1092/1092 2223/2223 
f 2202/2202 1091/1091 2223/2223 
f 111/111 1097/1097 2223/2223 
f 1092/1092 111/111 2223/2223 
f 1098/1098 2224/2224 1095/1095 
f 1097/1097 1098/1098 1094/1094 
f 1097/1097 1094/1094 2204/2204 
f 111/111 2224/2224 1098/1098 
f 1098/1098 1097/1097 111/111 
f 2224/2224 2225/2225 1095/1095 
f 1099/1099 2225/2225 2224/2224 
f 1099/1099 2224/2224 111/111 
f 1099/1099 111/111 360/360 
f 1104/1104 2225/2225 1099/1099 
f 2226/2226 1101/1101 2216/2216 
f 1100/1100 2218/2218 361/361 
f 1100/1100 2226/2226 2218/2218 
f 2227/2227 1101/1101 2226/2226 
f 2227/2227 2226/2226 1100/1100 
f 2228/2228 361/361 2221/2221 
f 1105/1105 2221/2221 2225/2225 
f 1105/1105 2228/2228 2221/2221 
f 2229/2229 2228/2228 1105/1105 
f 2228/2228 1100/1100 361/361 
f 2228/2228 1102/1102 2227/2227 
f 1100/1100 2228/2228 2227/2227 
f 1102/1102 1103/1103 2227/2227 
f 2229/2229 1102/1102 2228/2228 
f 2303/2303 1103/1103 1102/1102 
f 1104/1104 2231/2231 2225/2225 
f 1113/1113 2230/2230 2231/2231 
f 2229/2229 2232/2232 1102/1102 
f 2230/2230 2232/2232 2229/2229 
f 2231/2231 1105/1105 2225/2225 
f 2229/2229 2231/2231 2230/2230 
f 1105/1105 2231/2231 2229/2229 
f 2232/2232 2303/2303 1102/1102 
f 1112/1112 2232/2232 2230/2230 
f 2234/2234 362/362 416/416 
f 120/120 2233/2233 2502/2502 
f 2233/2233 2234/2234 2502/2502 
f 2233/2233 1106/1106 2234/2234 
f 254/254 1106/1106 2233/2233 
f 1106/1106 1108/1108 1107/1107 
f 2234/2234 1106/1106 1107/1107 
f 1109/1109 775/775 1108/1108 
f 1106/1106 1109/1109 1108/1108 
f 775/775 1110/1110 1108/1108 
f 1110/1110 2241/2241 1108/1108 
f 1110/1110 1111/1111 2241/2241 
f 365/365 2320/2320 1112/1112 
f 2242/2242 1112/1112 2230/2230 
f 2242/2242 365/365 1112/1112 
f 1113/1113 2231/2231 1104/1104 
f 1104/1104 2235/2235 1113/1113 
f 1113/1113 2242/2242 2230/2230 
f 1113/1113 2235/2235 2242/2242 
f 363/363 1104/1104 1099/1099 
f 2236/2236 363/363 1099/1099 
f 2236/2236 1108/1108 363/363 
f 362/362 2236/2236 2215/2215 
f 416/416 362/362 2215/2215 
f 1107/1107 1108/1108 2236/2236 
f 362/362 1107/1107 2236/2236 
f 2234/2234 1107/1107 362/362 
f 363/363 2235/2235 1104/1104 
f 363/363 2238/2238 2235/2235 
f 2235/2235 2237/2237 2242/2242 
f 2237/2237 112/112 2242/2242 
f 2238/2238 2237/2237 2235/2235 
f 2238/2238 363/363 364/364 
f 2237/2237 2238/2238 364/364 
f 2241/2241 364/364 363/363 
f 1108/1108 2241/2241 363/363 
f 2244/2244 112/112 2237/2237 
f 2239/2239 2237/2237 364/364 
f 2240/2240 2244/2244 2237/2237 
f 2239/2239 2240/2240 2237/2237 
f 2239/2239 1114/1114 2240/2240 
f 1111/1111 1114/1114 2239/2239 
f 2241/2241 2239/2239 364/364 
f 2241/2241 1111/1111 2239/2239 
f 2/2 1114/1114 1111/1111 
f 1115/1115 2243/2243 365/365 
f 1115/1115 1116/1116 2243/2243 
f 2249/2249 2242/2242 112/112 
f 2251/2251 365/365 2249/2249 
f 2249/2249 365/365 2242/2242 
f 2248/2248 1115/1115 365/365 
f 2248/2248 365/365 2251/2251 
f 2247/2247 2244/2244 2240/2240 
f 2245/2245 2244/2244 2247/2247 
f 1802/1802 2240/2240 1114/1114 
f 770/770 1802/1802 1114/1114 
f 2247/2247 2246/2246 2245/2245 
f 1802/1802 2247/2247 2240/2240 
f 1801/1801 2246/2246 2247/2247 
f 1802/1802 1801/1801 2247/2247 
f 1801/1801 1117/1117 2246/2246 
f 2250/2250 2251/2251 2249/2249 
f 2244/2244 2249/2249 112/112 
f 2244/2244 2250/2250 2249/2249 
f 2245/2245 2250/2250 2244/2244 
f 2246/2246 2250/2250 2245/2245 
f 2251/2251 1118/1118 2248/2248 
f 2246/2246 1118/1118 2251/2251 
f 2250/2250 2246/2246 2251/2251 
f 1117/1117 1118/1118 2246/2246 
f 66/66 1118/1118 1117/1117 
f 2252/2252 2248/2248 1118/1118 
f 66/66 2252/2252 1118/1118 
f 1792/1792 2252/2252 66/66 
f 2252/2252 2253/2253 2248/2248 
f 2252/2252 1792/1792 2253/2253 
f 766/766 2253/2253 1792/1792 
f 766/766 1119/1119 2253/2253 
f 2248/2248 1116/1116 1115/1115 
f 1121/1121 1120/1120 1116/1116 
f 2248/2248 1121/1121 1116/1116 
f 2253/2253 1121/1121 2248/2248 
f 1121/1121 1119/1119 1120/1120 
f 2253/2253 1119/1119 1121/1121 
f 1120/1120 1122/1122 1116/1116 
f 2254/2254 1122/1122 1120/1120 
f 1119/1119 2255/2255 1120/1120 
f 1787/1787 1119/1119 766/766 
f 1787/1787 2255/2255 1119/1119 
f 765/765 2255/2255 1787/1787 
f 765/765 2256/2256 2255/2255 
f 2255/2255 2254/2254 1120/1120 
f 1123/1123 2257/2257 2254/2254 
f 2255/2255 1123/1123 2254/2254 
f 2256/2256 1123/1123 2255/2255 
f 2256/2256 2257/2257 1123/1123 
f 249/249 2257/2257 2256/2256 
f 764/764 2257/2257 249/249 
f 357/357 2258/2258 2038/2038 
f 366/366 2258/2258 357/357 
f 2259/2259 1080/1080 2191/2191 
f 2259/2259 357/357 1080/1080 
f 357/357 2259/2259 366/366 
f 2259/2259 2260/2260 366/366 
f 1124/1124 366/366 2260/2260 
f 2261/2261 1124/1124 2260/2260 
f 2261/2261 25/25 1124/1124 
f 1125/1125 2190/2190 355/355 
f 2190/2190 1127/1127 2191/2191 
f 2190/2190 2263/2263 1127/1127 
f 1073/1073 1125/1125 355/355 
f 367/367 1125/1125 1073/1073 
f 2312/2312 2262/2262 367/367 
f 2262/2262 2263/2263 2190/2190 
f 1125/1125 2262/2262 2190/2190 
f 367/367 2262/2262 1125/1125 
f 2262/2262 1126/1126 2263/2263 
f 2312/2312 2264/2264 2262/2262 
f 2311/2311 2264/2264 2312/2312 
f 2264/2264 1126/1126 2262/2262 
f 2261/2261 368/368 25/25 
f 2266/2266 2260/2260 2259/2259 
f 2266/2266 2261/2261 2260/2260 
f 2265/2265 368/368 2261/2261 
f 2265/2265 1128/1128 368/368 
f 1127/1127 2266/2266 2259/2259 
f 1127/1127 2259/2259 2191/2191 
f 2266/2266 2265/2265 2261/2261 
f 2266/2266 2267/2267 2265/2265 
f 2266/2266 1127/1127 2267/2267 
f 2267/2267 1128/1128 2265/2265 
f 2270/2270 1128/1128 2268/2268 
f 2263/2263 2267/2267 1127/1127 
f 1126/1126 2267/2267 2263/2263 
f 2267/2267 2268/2268 1128/1128 
f 1126/1126 2268/2268 2267/2267 
f 2264/2264 2268/2268 1126/1126 
f 2264/2264 2271/2271 2268/2268 
f 2341/2341 25/25 368/368 
f 1128/1128 2273/2273 368/368 
f 2273/2273 2341/2341 368/368 
f 2269/2269 2341/2341 2273/2273 
f 2271/2271 2270/2270 2268/2268 
f 2305/2305 2270/2270 2271/2271 
f 2272/2272 1129/1129 2270/2270 
f 2305/2305 2272/2272 2270/2270 
f 2274/2274 1129/1129 2272/2272 
f 1129/1129 2276/2276 2269/2269 
f 2270/2270 2273/2273 1128/1128 
f 2270/2270 1129/1129 2273/2273 
f 2273/2273 1129/1129 2269/2269 
f 2274/2274 2276/2276 1129/1129 
f 2276/2276 2275/2275 2269/2269 
f 2276/2276 2277/2277 2275/2275 
f 1130/1130 2276/2276 2274/2274 
f 1130/1130 2277/2277 2276/2276 
f 5/5 2277/2277 1130/1130 
f 2172/2172 2278/2278 2183/2183 
f 2172/2172 2279/2279 2278/2278 
f 1133/1133 2279/2279 2172/2172 
f 1132/1132 1131/1131 2170/2170 
f 1132/1132 2170/2170 2168/2168 
f 1132/1132 2280/2280 1131/1131 
f 2296/2296 2280/2280 1132/1132 
f 1133/1133 1134/1134 2279/2279 
f 1131/1131 1133/1133 2172/2172 
f 2280/2280 1133/1133 1131/1131 
f 2280/2280 2281/2281 1133/1133 
f 2296/2296 2281/2281 2280/2280 
f 1138/1138 2281/2281 2296/2296 
f 2281/2281 2282/2282 1134/1134 
f 2281/2281 1134/1134 1133/1133 
f 1135/1135 2282/2282 2281/2281 
f 1135/1135 2313/2313 2282/2282 
f 2283/2283 1132/1132 2168/2168 
f 369/369 1132/1132 2283/2283 
f 1136/1136 2283/2283 2166/2166 
f 2288/2288 369/369 2283/2283 
f 2289/2289 369/369 2288/2288 
f 113/113 369/369 2289/2289 
f 1136/1136 2166/2166 2284/2284 
f 2284/2284 2166/2166 2164/2164 
f 2287/2287 1136/1136 2284/2284 
f 2285/2285 2164/2164 1062/1062 
f 1081/1081 2285/2285 1062/1062 
f 2285/2285 2284/2284 2164/2164 
f 2285/2285 2286/2286 2284/2284 
f 2286/2286 2287/2287 2284/2284 
f 2291/2291 2287/2287 2286/2286 
f 110/110 2291/2291 2286/2286 
f 1137/1137 2289/2289 2288/2288 
f 370/370 2289/2289 1137/1137 
f 1137/1137 2288/2288 2283/2283 
f 1136/1136 1137/1137 2283/2283 
f 2290/2290 370/370 1137/1137 
f 2287/2287 2290/2290 1137/1137 
f 1136/1136 2287/2287 1137/1137 
f 2291/2291 2292/2292 2290/2290 
f 2287/2287 2291/2291 2290/2290 
f 370/370 113/113 2289/2289 
f 371/371 113/113 370/370 
f 2292/2292 370/370 2290/2290 
f 110/110 2292/2292 2291/2291 
f 1088/1088 2292/2292 110/110 
f 2211/2211 2292/2292 1088/1088 
f 370/370 2293/2293 371/371 
f 2292/2292 2293/2293 370/370 
f 2211/2211 2293/2293 2292/2292 
f 2294/2294 371/371 2293/2293 
f 2211/2211 2294/2294 2293/2293 
f 2213/2213 2294/2294 2211/2211 
f 1101/1101 2294/2294 2213/2213 
f 1138/1138 1135/1135 2281/2281 
f 2297/2297 2295/2295 1135/1135 
f 1138/1138 2297/2297 1135/1135 
f 2297/2297 1138/1138 1139/1139 
f 1140/1140 2296/2296 369/369 
f 369/369 2296/2296 1132/1132 
f 113/113 1140/1140 369/369 
f 1139/1139 1141/1141 2297/2297 
f 2296/2296 1139/1139 1138/1138 
f 2296/2296 1140/1140 1139/1139 
f 1140/1140 1141/1141 1139/1139 
f 113/113 1141/1141 1140/1140 
f 2301/2301 2300/2300 2297/2297 
f 2298/2298 2297/2297 1141/1141 
f 2298/2298 2301/2301 2297/2297 
f 113/113 2298/2298 1141/1141 
f 2299/2299 2301/2301 2298/2298 
f 371/371 2298/2298 113/113 
f 2294/2294 2298/2298 371/371 
f 2298/2298 2294/2294 2299/2299 
f 1101/1101 2299/2299 2294/2294 
f 2295/2295 1155/1155 1135/1135 
f 2319/2319 1155/1155 2295/2295 
f 2300/2300 2295/2295 2297/2297 
f 1142/1142 2295/2295 2300/2300 
f 1142/1142 2319/2319 2295/2295 
f 1144/1144 2319/2319 1142/1142 
f 1143/1143 2300/2300 2301/2301 
f 2227/2227 2299/2299 1101/1101 
f 2227/2227 2301/2301 2299/2299 
f 1103/1103 1143/1143 2301/2301 
f 1103/1103 2301/2301 2227/2227 
f 2302/2302 1144/1144 1142/1142 
f 2303/2303 1144/1144 2302/2302 
f 1143/1143 1142/1142 2300/2300 
f 1143/1143 2303/2303 2302/2302 
f 1143/1143 2302/2302 1142/1142 
f 1103/1103 2303/2303 1143/1143 
f 2303/2303 1158/1158 1144/1144 
f 1145/1145 1158/1158 2303/2303 
f 2232/2232 1145/1145 2303/2303 
f 1112/1112 1145/1145 2232/2232 
f 1130/1130 1159/1159 5/5 
f 1146/1146 1159/1159 1130/1130 
f 2307/2307 1146/1146 1130/1130 
f 2274/2274 2272/2272 2305/2305 
f 2304/2304 2274/2274 2305/2305 
f 1147/1147 2304/2304 2305/2305 
f 1147/1147 2305/2305 2271/2271 
f 2306/2306 2304/2304 1147/1147 
f 1154/1154 2306/2306 1147/1147 
f 114/114 2306/2306 1154/1154 
f 2308/2308 2309/2309 2307/2307 
f 2274/2274 2307/2307 1130/1130 
f 2274/2274 2308/2308 2307/2307 
f 2306/2306 2309/2309 2308/2308 
f 2274/2274 2306/2306 2308/2308 
f 2304/2304 2306/2306 2274/2274 
f 2310/2310 2307/2307 2309/2309 
f 114/114 2309/2309 2306/2306 
f 372/372 2309/2309 114/114 
f 372/372 2310/2310 2309/2309 
f 1148/1148 2271/2271 2264/2264 
f 2311/2311 1148/1148 2264/2264 
f 2311/2311 1152/1152 1148/1148 
f 1150/1150 1152/1152 2311/2311 
f 1153/1153 1152/1152 1150/1150 
f 367/367 1149/1149 2312/2312 
f 2278/2278 367/367 1073/1073 
f 2278/2278 1073/1073 2183/2183 
f 2278/2278 1149/1149 367/367 
f 2279/2279 1149/1149 2278/2278 
f 1134/1134 1149/1149 2279/2279 
f 1149/1149 2311/2311 2312/2312 
f 1149/1149 1150/1150 2311/2311 
f 1149/1149 1134/1134 1150/1150 
f 2313/2313 1153/1153 1150/1150 
f 2313/2313 1150/1150 1134/1134 
f 1134/1134 2282/2282 2313/2313 
f 2316/2316 2314/2314 2310/2310 
f 372/372 2316/2316 2310/2310 
f 2315/2315 372/372 114/114 
f 372/372 2315/2315 2316/2316 
f 1151/1151 2316/2316 2315/2315 
f 1148/1148 1147/1147 2271/2271 
f 1148/1148 1152/1152 1147/1147 
f 1147/1147 1152/1152 1154/1154 
f 2317/2317 1151/1151 2315/2315 
f 2317/2317 2318/2318 1151/1151 
f 1154/1154 2315/2315 114/114 
f 1154/1154 2317/2317 2315/2315 
f 1152/1152 2317/2317 1154/1154 
f 1153/1153 2317/2317 1152/1152 
f 2318/2318 1155/1155 1151/1151 
f 2318/2318 2317/2317 1153/1153 
f 2313/2313 2318/2318 1153/1153 
f 1155/1155 2318/2318 2313/2313 
f 1135/1135 1155/1155 2313/2313 
f 374/374 2314/2314 2316/2316 
f 1156/1156 374/374 2316/2316 
f 373/373 1156/1156 2316/2316 
f 1157/1157 1151/1151 1155/1155 
f 1155/1155 2319/2319 1157/1157 
f 1158/1158 1157/1157 2319/2319 
f 1144/1144 1158/1158 2319/2319 
f 1158/1158 373/373 2316/2316 
f 1157/1157 2316/2316 1151/1151 
f 1157/1157 1158/1158 2316/2316 
f 1145/1145 1156/1156 373/373 
f 1158/1158 1145/1145 373/373 
f 2320/2320 1156/1156 1145/1145 
f 1112/1112 2320/2320 1145/1145 
f 2321/2321 1146/1146 2307/2307 
f 1160/1160 1179/1179 1159/1159 
f 2321/2321 1160/1160 1159/1159 
f 2321/2321 1159/1159 1146/1146 
f 115/115 1160/1160 2321/2321 
f 1161/1161 2307/2307 2310/2310 
f 1162/1162 2310/2310 2314/2314 
f 1162/1162 1161/1161 2310/2310 
f 2322/2322 115/115 2321/2321 
f 1161/1161 2321/2321 2307/2307 
f 1161/1161 2322/2322 2321/2321 
f 1161/1161 1162/1162 2322/2322 
f 1162/1162 2323/2323 2322/2322 
f 2322/2322 375/375 115/115 
f 2323/2323 2324/2324 2322/2322 
f 2324/2324 375/375 2322/2322 
f 2325/2325 375/375 2324/2324 
f 374/374 2326/2326 2314/2314 
f 1164/1164 2326/2326 374/374 
f 1164/1164 1156/1156 1163/1163 
f 1163/1163 1156/1156 2320/2320 
f 365/365 1163/1163 2320/2320 
f 2243/2243 1163/1163 365/365 
f 1156/1156 1164/1164 374/374 
f 1163/1163 2243/2243 1164/1164 
f 2243/2243 2326/2326 1164/1164 
f 1165/1165 2326/2326 2243/2243 
f 1116/1116 1165/1165 2243/2243 
f 376/376 2327/2327 2325/2325 
f 2323/2323 2325/2325 2324/2324 
f 2323/2323 376/376 2325/2325 
f 2328/2328 2327/2327 376/376 
f 2329/2329 2323/2323 1162/1162 
f 2314/2314 2329/2329 1162/1162 
f 2314/2314 2326/2326 2329/2329 
f 1166/1166 2328/2328 376/376 
f 2330/2330 1166/1166 376/376 
f 2323/2323 2329/2329 376/376 
f 2329/2329 2330/2330 376/376 
f 2326/2326 2330/2330 2329/2329 
f 2326/2326 1165/1165 2330/2330 
f 2330/2330 1165/1165 1166/1166 
f 1165/1165 1122/1122 1166/1166 
f 1116/1116 1122/1122 1165/1165 
f 2331/2331 2327/2327 2328/2328 
f 2331/2331 2332/2332 2327/2327 
f 2334/2334 2332/2332 2331/2331 
f 2363/2363 2332/2332 2334/2334 
f 2333/2333 2328/2328 1166/1166 
f 1122/1122 2333/2333 1166/1166 
f 2254/2254 2333/2333 1122/1122 
f 2333/2333 2331/2331 2328/2328 
f 2333/2333 2335/2335 2334/2334 
f 2333/2333 2334/2334 2331/2331 
f 2254/2254 2335/2335 2333/2333 
f 2336/2336 2363/2363 2334/2334 
f 1184/1184 2363/2363 2336/2336 
f 2257/2257 2335/2335 2254/2254 
f 2257/2257 2336/2336 2335/2335 
f 2335/2335 2336/2336 2334/2334 
f 764/764 2336/2336 2257/2257 
f 2040/2040 2038/2038 2258/2258 
f 377/377 2258/2258 366/366 
f 377/377 2337/2337 2258/2258 
f 2258/2258 2337/2337 2040/2040 
f 2039/2039 2040/2040 2337/2337 
f 966/966 2039/2039 2337/2337 
f 377/377 366/366 1124/1124 
f 2338/2338 377/377 1124/1124 
f 2348/2348 25/25 1168/1168 
f 2348/2348 2338/2338 1124/1124 
f 25/25 2348/2348 1124/1124 
f 1174/1174 2338/2338 2348/2348 
f 2339/2339 966/966 2337/2337 
f 2339/2339 2337/2337 377/377 
f 377/377 2338/2338 2339/2339 
f 2338/2338 1167/1167 2339/2339 
f 1167/1167 966/966 2339/2339 
f 1174/1174 1167/1167 2338/2338 
f 2353/2353 2340/2340 1167/1167 
f 1168/1168 25/25 2341/2341 
f 2343/2343 1168/1168 2341/2341 
f 2343/2343 2341/2341 2269/2269 
f 1169/1169 2349/2349 2343/2343 
f 2342/2342 2275/2275 2277/2277 
f 1173/1173 2275/2275 2342/2342 
f 2342/2342 2277/2277 5/5 
f 1170/1170 2342/2342 5/5 
f 1171/1171 1173/1173 2342/2342 
f 1170/1170 1171/1171 2342/2342 
f 2344/2344 1169/1169 2343/2343 
f 2344/2344 1172/1172 1169/1169 
f 2275/2275 2343/2343 2269/2269 
f 2275/2275 1173/1173 2343/2343 
f 1173/1173 2344/2344 2343/2343 
f 1173/1173 1171/1171 2344/2344 
f 2345/2345 2344/2344 1171/1171 
f 2345/2345 378/378 1172/1172 
f 2344/2344 2345/2345 1172/1172 
f 26/26 378/378 2345/2345 
f 26/26 2352/2352 378/378 
f 2346/2346 2353/2353 1167/1167 
f 1174/1174 2346/2346 1167/1167 
f 2346/2346 1175/1175 2353/2353 
f 2347/2347 2346/2346 1174/1174 
f 2347/2347 1175/1175 2346/2346 
f 1168/1168 2349/2349 1174/1174 
f 1168/1168 1174/1174 2348/2348 
f 2343/2343 2349/2349 1168/1168 
f 2350/2350 1176/1176 2347/2347 
f 1174/1174 2350/2350 2347/2347 
f 2349/2349 2350/2350 1174/1174 
f 1169/1169 2350/2350 2349/2349 
f 2351/2351 1176/1176 2350/2350 
f 1172/1172 2350/2350 1169/1169 
f 1172/1172 2351/2351 2350/2350 
f 378/378 2351/2351 1172/1172 
f 2352/2352 2356/2356 1176/1176 
f 2351/2351 2352/2352 1176/1176 
f 378/378 2352/2352 2351/2351 
f 2355/2355 2340/2340 2353/2353 
f 1177/1177 1175/1175 2347/2347 
f 1177/1177 2354/2354 1175/1175 
f 1175/1175 2355/2355 2353/2353 
f 2354/2354 2355/2355 1175/1175 
f 102/102 969/969 2355/2355 
f 2354/2354 102/102 2355/2355 
f 2356/2356 1177/1177 1176/1176 
f 2378/2378 2352/2352 26/26 
f 2378/2378 2356/2356 2352/2352 
f 1178/1178 2356/2356 2378/2378 
f 1178/1178 1177/1177 2356/2356 
f 379/379 102/102 2354/2354 
f 1176/1176 1177/1177 2347/2347 
f 1177/1177 379/379 2354/2354 
f 2357/2357 379/379 1177/1177 
f 1178/1178 2357/2357 1177/1177 
f 2044/2044 102/102 379/379 
f 2357/2357 2044/2044 379/379 
f 2357/2357 2376/2376 2044/2044 
f 1192/1192 2376/2376 2357/2357 
f 381/381 5/5 1159/1159 
f 1179/1179 381/381 1159/1159 
f 380/380 1160/1160 115/115 
f 380/380 1179/1179 1160/1160 
f 380/380 2359/2359 1179/1179 
f 1180/1180 381/381 1179/1179 
f 2359/2359 1180/1180 1179/1179 
f 380/380 115/115 375/375 
f 2358/2358 380/380 375/375 
f 2369/2369 2325/2325 2327/2327 
f 2369/2369 375/375 2325/2325 
f 2369/2369 2358/2358 375/375 
f 1186/1186 116/116 2358/2358 
f 1182/1182 1180/1180 2359/2359 
f 1181/1181 2359/2359 380/380 
f 1181/1181 1182/1182 2359/2359 
f 2358/2358 1181/1181 380/380 
f 116/116 2360/2360 1181/1181 
f 2358/2358 116/116 1181/1181 
f 1182/1182 2388/2388 1180/1180 
f 2360/2360 1182/1182 1181/1181 
f 2361/2361 2388/2388 1182/1182 
f 2368/2368 2360/2360 116/116 
f 2368/2368 1183/1183 2360/2360 
f 1183/1183 2361/2361 1182/1182 
f 2360/2360 1183/1183 1182/1182 
f 2364/2364 2362/2362 2332/2332 
f 2332/2332 2362/2362 2327/2327 
f 2365/2365 2370/2370 2362/2362 
f 382/382 2363/2363 1184/1184 
f 764/764 1184/1184 2336/2336 
f 1652/1652 1184/1184 764/764 
f 690/690 1184/1184 1652/1652 
f 690/690 382/382 1184/1184 
f 57/57 382/382 690/690 
f 2364/2364 2365/2365 2362/2362 
f 2363/2363 2364/2364 2332/2332 
f 382/382 2364/2364 2363/2363 
f 382/382 2365/2365 2364/2364 
f 382/382 57/57 2365/2365 
f 57/57 1648/1648 2365/2365 
f 1648/1648 2366/2366 2365/2365 
f 1183/1183 2367/2367 2371/2371 
f 1185/1185 2367/2367 1183/1183 
f 2368/2368 1185/1185 1183/1183 
f 2368/2368 1187/1187 1185/1185 
f 1187/1187 2367/2367 1185/1185 
f 1189/1189 2367/2367 1187/1187 
f 1186/1186 2358/2358 2369/2369 
f 2362/2362 2369/2369 2327/2327 
f 2369/2369 2370/2370 1186/1186 
f 2362/2362 2370/2370 2369/2369 
f 1186/1186 2368/2368 116/116 
f 1186/1186 1187/1187 2368/2368 
f 2370/2370 1187/1187 1186/1186 
f 2370/2370 1188/1188 1187/1187 
f 1188/1188 1189/1189 1187/1187 
f 2365/2365 1188/1188 2370/2370 
f 2366/2366 1188/1188 2365/2365 
f 2366/2366 222/222 1189/1189 
f 1188/1188 2366/2366 1189/1189 
f 1190/1190 2371/2371 2367/2367 
f 2372/2372 2367/2367 1189/1189 
f 2372/2372 1190/1190 2367/2367 
f 2372/2372 1191/1191 1190/1190 
f 1202/1202 2402/2402 1190/1190 
f 1191/1191 1202/1202 1190/1190 
f 2404/2404 1202/1202 1191/1191 
f 222/222 383/383 1189/1189 
f 2373/2373 2404/2404 1191/1191 
f 2375/2375 2404/2404 2373/2373 
f 2372/2372 2373/2373 1191/1191 
f 2374/2374 2373/2373 2372/2372 
f 2374/2374 2375/2375 2373/2373 
f 383/383 2372/2372 1189/1189 
f 383/383 2374/2374 2372/2372 
f 221/221 2375/2375 2374/2374 
f 221/221 2374/2374 383/383 
f 680/680 2375/2375 221/221 
f 681/681 1205/1205 2375/2375 
f 680/680 681/681 2375/2375 
f 2377/2377 1192/1192 2357/2357 
f 2381/2381 117/117 1192/1192 
f 2393/2393 2378/2378 26/26 
f 2393/2393 2380/2380 2378/2378 
f 2378/2378 2380/2380 1178/1178 
f 2380/2380 2379/2379 1178/1178 
f 1193/1193 2379/2379 2380/2380 
f 1199/1199 1193/1193 2380/2380 
f 2377/2377 2381/2381 1192/1192 
f 2377/2377 2382/2382 2381/2381 
f 1178/1178 2377/2377 2357/2357 
f 2379/2379 2377/2377 1178/1178 
f 2377/2377 1193/1193 2382/2382 
f 2379/2379 1193/1193 2377/2377 
f 2383/2383 2382/2382 1193/1193 
f 2383/2383 1193/1193 1199/1199 
f 2383/2383 2381/2381 2382/2382 
f 2383/2383 1194/1194 2381/2381 
f 1198/1198 1206/1206 1194/1194 
f 2386/2386 2345/2345 1171/1171 
f 2386/2386 2384/2384 2345/2345 
f 2385/2385 384/384 2393/2393 
f 2385/2385 2393/2393 26/26 
f 2345/2345 2385/2385 26/26 
f 2384/2384 2385/2385 2345/2345 
f 2384/2384 384/384 2385/2385 
f 2384/2384 2394/2394 384/384 
f 1170/1170 2386/2386 1171/1171 
f 385/385 2386/2386 1170/1170 
f 381/381 1170/1170 5/5 
f 1170/1170 381/381 385/385 
f 1196/1196 385/385 381/381 
f 381/381 1180/1180 1196/1196 
f 2387/2387 2394/2394 2384/2384 
f 1195/1195 2387/2387 2384/2384 
f 2386/2386 1195/1195 2384/2384 
f 2386/2386 1196/1196 1195/1195 
f 385/385 1196/1196 2386/2386 
f 1196/1196 2388/2388 1195/1195 
f 1180/1180 2388/2388 1196/1196 
f 2389/2389 2387/2387 1195/1195 
f 388/388 2387/2387 2389/2389 
f 2388/2388 2389/2389 1195/1195 
f 2388/2388 1197/1197 2389/2389 
f 2361/2361 1197/1197 2388/2388 
f 1197/1197 388/388 2389/2389 
f 1183/1183 1197/1197 2361/2361 
f 1183/1183 2371/2371 1197/1197 
f 2383/2383 1198/1198 1194/1194 
f 386/386 1198/1198 2383/2383 
f 1199/1199 2390/2390 2383/2383 
f 2383/2383 2390/2390 386/386 
f 2391/2391 386/386 2390/2390 
f 2391/2391 2392/2392 386/386 
f 2395/2395 2392/2392 2391/2391 
f 387/387 1199/1199 2380/2380 
f 2393/2393 387/387 2380/2380 
f 384/384 387/387 2393/2393 
f 384/384 2394/2394 387/387 
f 2396/2396 2395/2395 2391/2391 
f 1200/1200 2391/2391 2390/2390 
f 1200/1200 2396/2396 2391/2391 
f 1199/1199 1200/1200 2390/2390 
f 387/387 1200/1200 1199/1199 
f 1200/1200 2394/2394 2396/2396 
f 387/387 2394/2394 1200/1200 
f 1201/1201 2395/2395 2396/2396 
f 2397/2397 1201/1201 2396/2396 
f 388/388 1201/1201 2397/2397 
f 2397/2397 2396/2396 2394/2394 
f 2387/2387 2397/2397 2394/2394 
f 388/388 2397/2397 2387/2387 
f 2371/2371 388/388 1197/1197 
f 2398/2398 1198/1198 386/386 
f 2392/2392 2398/2398 386/386 
f 1203/1203 2398/2398 2392/2392 
f 2399/2399 2409/2409 2398/2398 
f 2399/2399 2398/2398 1203/1203 
f 2403/2403 1201/1201 388/388 
f 2403/2403 2395/2395 1201/1201 
f 2401/2401 2395/2395 2403/2403 
f 2402/2402 2403/2403 388/388 
f 2402/2402 388/388 2371/2371 
f 1190/1190 2402/2402 2371/2371 
f 2402/2402 1202/1202 2403/2403 
f 2404/2404 2401/2401 2403/2403 
f 1202/1202 2404/2404 2403/2403 
f 389/389 2400/2400 2399/2399 
f 1203/1203 389/389 2399/2399 
f 2401/2401 1203/1203 2392/2392 
f 2395/2395 2401/2401 2392/2392 
f 2401/2401 2405/2405 389/389 
f 1203/1203 2401/2401 389/389 
f 2404/2404 2405/2405 2401/2401 
f 1204/1204 2400/2400 389/389 
f 1205/1205 1204/1204 389/389 
f 1205/1205 389/389 2405/2405 
f 1205/1205 2405/2405 2404/2404 
f 2375/2375 1205/1205 2404/2404 
f 1205/1205 681/681 1204/1204 
f 1192/1192 2054/2054 2376/2376 
f 980/980 2054/2054 1192/1192 
f 117/117 980/980 1192/1192 
f 2406/2406 2381/2381 1194/1194 
f 1206/1206 2406/2406 1194/1194 
f 1209/1209 2406/2406 1206/1206 
f 2407/2407 2408/2408 2381/2381 
f 2406/2406 2407/2407 2381/2381 
f 2407/2407 2406/2406 1209/1209 
f 2408/2408 390/390 980/980 
f 2408/2408 980/980 117/117 
f 2381/2381 2408/2408 117/117 
f 2407/2407 390/390 2408/2408 
f 118/118 390/390 2407/2407 
f 2409/2409 1198/1198 2398/2398 
f 2410/2410 1206/1206 1198/1198 
f 2410/2410 1198/1198 2409/2409 
f 1207/1207 2409/2409 2399/2399 
f 1207/1207 2399/2399 2400/2400 
f 2409/2409 1207/1207 2410/2410 
f 2411/2411 2410/2410 1207/1207 
f 219/219 1204/1204 681/681 
f 1600/1600 1204/1204 219/219 
f 1600/1600 2412/2412 1204/1204 
f 1599/1599 2412/2412 1600/1600 
f 1204/1204 1207/1207 2400/2400 
f 2412/2412 1207/1207 1204/1204 
f 2412/2412 1599/1599 2411/2411 
f 1207/1207 2412/2412 2411/2411 
f 1599/1599 2413/2413 2411/2411 
f 671/671 2413/2413 1599/1599 
f 2414/2414 1208/1208 2057/2057 
f 2414/2414 390/390 118/118 
f 2414/2414 2057/2057 390/390 
f 1210/1210 1208/1208 2414/2414 
f 1209/1209 118/118 2407/2407 
f 2415/2415 118/118 1209/1209 
f 2410/2410 1209/1209 1206/1206 
f 2410/2410 2415/2415 1209/1209 
f 2411/2411 2415/2415 2410/2410 
f 118/118 1210/1210 2414/2414 
f 118/118 2415/2415 1210/1210 
f 2415/2415 2413/2413 1210/1210 
f 2415/2415 2411/2411 2413/2413 
f 2413/2413 1211/1211 1210/1210 
f 2413/2413 671/671 1211/1211 
f 1208/1208 2058/2058 2057/2057 
f 1212/1212 2058/2058 1208/1208 
f 1211/1211 1208/1208 1210/1210 
f 669/669 1211/1211 671/671 
f 1208/1208 1211/1211 1212/1212 
f 669/669 1212/1212 1211/1211 
f 626/626 1212/1212 669/669 
f 2416/2416 2157/2157 87/87 
f 1214/1214 2416/2416 391/391 
f 1213/1213 1214/1214 391/391 
f 391/391 2416/2416 87/87 
f 2158/2158 2157/2157 2416/2416 
f 1215/1215 2158/2158 2416/2416 
f 1219/1219 2416/2416 1214/1214 
f 1057/1057 2158/2158 1215/1215 
f 1059/1059 1057/1057 1215/1215 
f 2420/2420 1216/1216 882/882 
f 1216/1216 392/392 1217/1217 
f 2420/2420 392/392 1216/1216 
f 394/394 392/392 2420/2420 
f 2419/2419 1217/1217 392/392 
f 2421/2421 882/882 1959/1959 
f 393/393 1959/1959 888/888 
f 393/393 2421/2421 1959/1959 
f 2417/2417 888/888 889/889 
f 2417/2417 393/393 888/888 
f 1286/1286 393/393 2417/2417 
f 2418/2418 393/393 1286/1286 
f 394/394 2419/2419 392/392 
f 2421/2421 2420/2420 882/882 
f 2420/2420 2421/2421 394/394 
f 393/393 394/394 2421/2421 
f 2418/2418 2422/2422 394/394 
f 2418/2418 394/394 393/393 
f 1218/1218 2419/2419 394/394 
f 1218/1218 1221/1221 2419/2419 
f 2422/2422 1218/1218 394/394 
f 1289/1289 2422/2422 2418/2418 
f 2478/2478 2422/2422 1289/1289 
f 1282/1282 2422/2422 2478/2478 
f 2423/2423 1218/1218 2422/2422 
f 2423/2423 1221/1221 1218/1218 
f 1282/1282 2476/2476 2422/2422 
f 2422/2422 2476/2476 2423/2423 
f 1215/1215 1223/1223 1059/1059 
f 1219/1219 1215/1215 2416/2416 
f 2424/2424 1219/1219 1214/1214 
f 1219/1219 1223/1223 1215/1215 
f 2426/2426 1219/1219 2424/2424 
f 2426/2426 1223/1223 1219/1219 
f 1213/1213 2424/2424 1214/1214 
f 1216/1216 1213/1213 391/391 
f 1216/1216 1217/1217 1213/1213 
f 1217/1217 1220/1220 1213/1213 
f 1220/1220 2426/2426 2424/2424 
f 1213/1213 1220/1220 2424/2424 
f 1220/1220 2427/2427 2426/2426 
f 2419/2419 1220/1220 1217/1217 
f 2419/2419 1221/1221 1220/1220 
f 1221/1221 1222/1222 2427/2427 
f 1221/1221 2427/2427 1220/1220 
f 2423/2423 1222/1222 1221/1221 
f 1223/1223 395/395 1059/1059 
f 1224/1224 2425/2425 395/395 
f 1060/1060 2425/2425 1224/1224 
f 2427/2427 1227/1227 2426/2426 
f 2468/2468 1222/1222 2423/2423 
f 1275/1275 2427/2427 1222/1222 
f 2428/2428 1227/1227 2427/2427 
f 396/396 1224/1224 395/395 
f 396/396 1060/1060 1224/1224 
f 1227/1227 395/395 1223/1223 
f 1227/1227 1223/1223 2426/2426 
f 1226/1226 396/396 395/395 
f 1227/1227 1226/1226 395/395 
f 2428/2428 1226/1226 1227/1227 
f 1225/1225 1226/1226 2428/2428 
f 2165/2165 2431/2431 2430/2430 
f 2429/2429 396/396 1226/1226 
f 2462/2462 396/396 2429/2429 
f 396/396 2431/2431 1060/1060 
f 396/396 2430/2430 2431/2431 
f 1228/1228 2430/2430 396/396 
f 2462/2462 1228/1228 396/396 
f 2163/2163 2165/2165 2430/2430 
f 1228/1228 1229/1229 2430/2430 
f 397/397 1229/1229 1228/1228 
f 1229/1229 2163/2163 2430/2430 
f 1062/1062 2163/2163 1229/1229 
f 1230/1230 1062/1062 1229/1229 
f 1232/1232 1231/1231 2001/2001 
f 1232/1232 398/398 1231/1231 
f 398/398 2479/2479 1231/1231 
f 2435/2435 300/300 931/931 
f 2435/2435 1233/1233 300/300 
f 1234/1234 1233/1233 2435/2435 
f 1233/1233 398/398 1232/1232 
f 300/300 1233/1233 1232/1232 
f 1234/1234 2479/2479 398/398 
f 2480/2480 2479/2479 1234/1234 
f 1234/1234 398/398 1233/1233 
f 399/399 2435/2435 2007/2007 
f 1235/1235 935/935 937/937 
f 935/935 399/399 2007/2007 
f 2432/2432 1235/1235 937/937 
f 2441/2441 937/937 2443/2443 
f 2441/2441 2432/2432 937/937 
f 1235/1235 399/399 935/935 
f 1235/1235 2433/2433 399/399 
f 1253/1253 2433/2433 1235/1235 
f 2432/2432 1253/1253 1235/1235 
f 1254/1254 1253/1253 2432/2432 
f 1253/1253 1236/1236 2433/2433 
f 1253/1253 1237/1237 1236/1236 
f 1238/1238 27/27 1234/1234 
f 2434/2434 1238/1238 1234/1234 
f 1239/1239 2436/2436 2434/2434 
f 2007/2007 2435/2435 931/931 
f 2435/2435 399/399 1240/1240 
f 1240/1240 1239/1239 2434/2434 
f 1240/1240 1241/1241 1239/1239 
f 2435/2435 2434/2434 1234/1234 
f 1240/1240 2434/2434 2435/2435 
f 399/399 2433/2433 1240/1240 
f 1241/1241 1240/1240 2433/2433 
f 1236/1236 1241/1241 2433/2433 
f 1236/1236 1237/1237 1241/1241 
f 2436/2436 1238/1238 2434/2434 
f 2482/2482 1238/1238 2436/2436 
f 2437/2437 2482/2482 2436/2436 
f 1242/1242 1239/1239 1241/1241 
f 1237/1237 1242/1242 1241/1241 
f 1249/1249 1242/1242 1237/1237 
f 1249/1249 1248/1248 1242/1242 
f 2438/2438 2437/2437 2436/2436 
f 2438/2438 2436/2436 1239/1239 
f 1242/1242 2438/2438 1239/1239 
f 2438/2438 2439/2439 2437/2437 
f 1242/1242 1248/1248 2438/2438 
f 1248/1248 2439/2439 2438/2438 
f 1243/1243 2482/2482 2437/2437 
f 2439/2439 1243/1243 2437/2437 
f 2440/2440 1243/1243 2439/2439 
f 2440/2440 1296/1296 1243/1243 
f 1260/1260 1296/1296 2440/2440 
f 2444/2444 2441/2441 2443/2443 
f 2442/2442 2443/2443 944/944 
f 1244/1244 2442/2442 944/944 
f 2443/2443 2442/2442 2444/2444 
f 1245/1245 2444/2444 2442/2442 
f 20/20 1244/1244 307/307 
f 2445/2445 1244/1244 20/20 
f 1244/1244 1245/1245 2442/2442 
f 1244/1244 2445/2445 1245/1245 
f 1247/1247 1245/1245 2445/2445 
f 2446/2446 20/20 945/945 
f 868/868 1246/1246 458/458 
f 1246/1246 2446/2446 945/945 
f 868/868 2446/2446 1246/1246 
f 2446/2446 2445/2445 20/20 
f 2446/2446 1247/1247 2445/2445 
f 2446/2446 867/867 1247/1247 
f 2447/2447 2453/2453 1247/1247 
f 2448/2448 2447/2447 1247/1247 
f 2449/2449 2447/2447 2448/2448 
f 867/867 2448/2448 1247/1247 
f 867/867 2449/2449 2448/2448 
f 865/865 2449/2449 867/867 
f 2450/2450 1260/1260 2440/2440 
f 403/403 1260/1260 2450/2450 
f 2450/2450 2440/2440 2439/2439 
f 400/400 2450/2450 2439/2439 
f 1248/1248 400/400 2439/2439 
f 400/400 403/403 2450/2450 
f 1261/1261 403/403 400/400 
f 401/401 1237/1237 1250/1250 
f 401/401 2451/2451 1249/1249 
f 1237/1237 401/401 1249/1249 
f 2451/2451 400/400 1248/1248 
f 1249/1249 2451/2451 1248/1248 
f 2451/2451 1251/1251 400/400 
f 401/401 1251/1251 2451/2451 
f 1252/1252 404/404 400/400 
f 1251/1251 1252/1252 400/400 
f 2452/2452 404/404 1252/1252 
f 1253/1253 1250/1250 1237/1237 
f 402/402 1253/1253 1254/1254 
f 402/402 1250/1250 1253/1253 
f 1254/1254 2432/2432 2441/2441 
f 2441/2441 2444/2444 1254/1254 
f 1254/1254 1255/1255 402/402 
f 2444/2444 1245/1245 1255/1255 
f 2444/2444 1255/1255 1254/1254 
f 1247/1247 2453/2453 1245/1245 
f 1256/1256 2456/2456 2452/2452 
f 1256/1256 2452/2452 1252/1252 
f 1251/1251 1256/1256 1252/1252 
f 1257/1257 1251/1251 401/401 
f 1250/1250 1257/1257 401/401 
f 402/402 1257/1257 1250/1250 
f 1258/1258 2453/2453 1256/1256 
f 1258/1258 1256/1256 1251/1251 
f 1257/1257 1258/1258 1251/1251 
f 402/402 2453/2453 1258/1258 
f 1257/1257 402/402 1258/1258 
f 1255/1255 2453/2453 402/402 
f 1245/1245 2453/2453 1255/1255 
f 2454/2454 2456/2456 1256/1256 
f 2453/2453 2454/2454 1256/1256 
f 2456/2456 2454/2454 1259/1259 
f 2447/2447 1259/1259 2454/2454 
f 2447/2447 2454/2454 2453/2453 
f 2449/2449 1259/1259 2447/2447 
f 2449/2449 1266/1266 1259/1259 
f 1263/1263 2494/2494 1260/1260 
f 403/403 1263/1263 1260/1260 
f 1261/1261 400/400 404/404 
f 404/404 1264/1264 1261/1261 
f 1262/1262 1264/1264 404/404 
f 1261/1261 1264/1264 403/403 
f 1264/1264 2455/2455 1263/1263 
f 1264/1264 1263/1263 403/403 
f 2455/2455 1264/1264 1262/1262 
f 2455/2455 1315/1315 1263/1263 
f 2456/2456 404/404 2452/2452 
f 1265/1265 404/404 2456/2456 
f 2457/2457 2456/2456 1259/1259 
f 2456/2456 2457/2457 1265/1265 
f 3/3 1266/1266 2449/2449 
f 2457/2457 2458/2458 1265/1265 
f 1266/1266 2458/2458 2457/2457 
f 1266/1266 2457/2457 1259/1259 
f 1266/1266 852/852 2458/2458 
f 2460/2460 1315/1315 2455/2455 
f 1267/1267 2460/2460 2455/2455 
f 1262/1262 1267/1267 2455/2455 
f 404/404 2459/2459 1262/1262 
f 404/404 1265/1265 2459/2459 
f 852/852 1268/1268 1267/1267 
f 2459/2459 1267/1267 1262/1262 
f 2459/2459 852/852 1267/1267 
f 2458/2458 852/852 2459/2459 
f 2458/2458 2459/2459 1265/1265 
f 1268/1268 2460/2460 1267/1267 
f 1269/1269 2460/2460 1268/1268 
f 83/83 1268/1268 852/852 
f 83/83 1924/1924 1268/1268 
f 1924/1924 1269/1269 1268/1268 
f 1855/1855 1269/1269 1924/1924 
f 397/397 1230/1230 1229/1229 
f 2496/2496 1230/1230 397/397 
f 405/405 397/397 1228/1228 
f 405/405 1228/1228 2462/2462 
f 1270/1270 2496/2496 397/397 
f 405/405 1270/1270 397/397 
f 2461/2461 1270/1270 405/405 
f 2429/2429 2466/2466 2462/2462 
f 2463/2463 1226/1226 1225/1225 
f 2464/2464 2463/2463 1225/1225 
f 2463/2463 2466/2466 2429/2429 
f 2463/2463 2464/2464 2466/2466 
f 1226/1226 2463/2463 2429/2429 
f 2461/2461 2465/2465 1270/1270 
f 2467/2467 2465/2465 2461/2461 
f 2466/2466 2461/2461 405/405 
f 2462/2462 2466/2466 405/405 
f 2466/2466 2467/2467 2461/2461 
f 2464/2464 2467/2467 2466/2466 
f 2464/2464 1271/1271 2467/2467 
f 1271/1271 2465/2465 2467/2467 
f 1271/1271 1277/1277 2465/2465 
f 1272/1272 1225/1225 2428/2428 
f 1272/1272 2428/2428 2427/2427 
f 1273/1273 1272/1272 2427/2427 
f 1273/1273 1274/1274 1272/1272 
f 2468/2468 1275/1275 1222/1222 
f 2486/2486 2468/2468 2423/2423 
f 1276/1276 1274/1274 1273/1273 
f 1275/1275 1273/1273 2427/2427 
f 1275/1275 1276/1276 1273/1273 
f 2468/2468 1276/1276 1275/1275 
f 2469/2469 1276/1276 2468/2468 
f 1276/1276 2472/2472 1274/1274 
f 1302/1302 2472/2472 1276/1276 
f 1271/1271 1278/1278 1277/1277 
f 2470/2470 1271/1271 2464/2464 
f 1272/1272 2470/2470 1225/1225 
f 1225/1225 2470/2470 2464/2464 
f 1274/1274 2470/2470 1272/1272 
f 1271/1271 2471/2471 1278/1278 
f 2470/2470 2471/2471 1271/1271 
f 1274/1274 2471/2471 2470/2470 
f 2472/2472 1279/1279 1278/1278 
f 2472/2472 1278/1278 2471/2471 
f 1274/1274 2472/2472 2471/2471 
f 1278/1278 1279/1279 1277/1277 
f 1279/1279 2473/2473 1277/1277 
f 1279/1279 2474/2474 2473/2473 
f 1280/1280 1279/1279 2472/2472 
f 1281/1281 2474/2474 1279/1279 
f 1280/1280 1281/1281 1279/1279 
f 2475/2475 2474/2474 1281/1281 
f 1297/1297 2475/2475 1281/1281 
f 2486/2486 2423/2423 2476/2476 
f 2477/2477 2486/2486 2476/2476 
f 2477/2477 2476/2476 1282/1282 
f 406/406 2477/2477 1282/1282 
f 406/406 1282/1282 2478/2478 
f 1289/1289 406/406 2478/2478 
f 1284/1284 406/406 1289/1289 
f 1303/1303 1283/1283 2477/2477 
f 406/406 1303/1303 2477/2477 
f 1284/1284 1303/1303 406/406 
f 1292/1292 1303/1303 1284/1284 
f 1292/1292 1285/1285 1303/1303 
f 1304/1304 1285/1285 1292/1292 
f 1286/1286 1289/1289 2418/2418 
f 1286/1286 1287/1287 1289/1289 
f 2481/2481 1287/1287 1286/1286 
f 889/889 1231/1231 2417/2417 
f 2479/2479 2417/2417 1231/1231 
f 2479/2479 2481/2481 1286/1286 
f 2417/2417 2479/2479 1286/1286 
f 2480/2480 2481/2481 2479/2479 
f 27/27 2481/2481 2480/2480 
f 1234/1234 27/27 2480/2480 
f 1288/1288 1292/1292 1284/1284 
f 1289/1289 1290/1290 1284/1284 
f 1289/1289 1287/1287 1290/1290 
f 1290/1290 1293/1293 1288/1288 
f 1291/1291 1293/1293 1290/1290 
f 1290/1290 1288/1288 1284/1284 
f 1290/1290 1287/1287 1291/1291 
f 2481/2481 1291/1291 1287/1287 
f 1291/1291 407/407 1293/1293 
f 2481/2481 407/407 1291/1291 
f 2481/2481 27/27 407/407 
f 1294/1294 1292/1292 1288/1288 
f 1293/1293 1294/1294 1288/1288 
f 408/408 1294/1294 1293/1293 
f 1294/1294 1295/1295 1292/1292 
f 1295/1295 1294/1294 408/408 
f 2482/2482 1293/1293 407/407 
f 1238/1238 407/407 27/27 
f 1238/1238 2482/2482 407/407 
f 408/408 2483/2483 1295/1295 
f 2482/2482 408/408 1293/1293 
f 2482/2482 1243/1243 408/408 
f 1296/1296 2483/2483 408/408 
f 1296/1296 408/408 1243/1243 
f 1299/1299 1297/1297 1281/1281 
f 1299/1299 1281/1281 1280/1280 
f 1298/1298 2472/2472 1302/1302 
f 1298/1298 1280/1280 2472/2472 
f 1298/1298 1299/1299 1280/1280 
f 2488/2488 1299/1299 1298/1298 
f 2484/2484 2493/2493 1297/1297 
f 1299/1299 2484/2484 1297/1297 
f 1299/1299 2488/2488 2484/2484 
f 1300/1300 2493/2493 2484/2484 
f 2488/2488 1300/1300 2484/2484 
f 2469/2469 1302/1302 1276/1276 
f 2487/2487 1302/1302 2469/2469 
f 2485/2485 1298/1298 1302/1302 
f 2487/2487 2485/2485 1302/1302 
f 2486/2486 2469/2469 2468/2468 
f 2486/2486 2487/2487 2469/2469 
f 1283/1283 2487/2487 2486/2486 
f 2477/2477 1283/1283 2486/2486 
f 1305/1305 1307/1307 2485/2485 
f 2487/2487 1305/1305 2485/2485 
f 1303/1303 1305/1305 2487/2487 
f 1283/1283 1303/1303 2487/2487 
f 1305/1305 1304/1304 1307/1307 
f 1285/1285 1305/1305 1303/1303 
f 1285/1285 1304/1304 1305/1305 
f 1306/1306 1301/1301 1300/1300 
f 2488/2488 1306/1306 1300/1300 
f 2488/2488 2489/2489 1306/1306 
f 1298/1298 2485/2485 1307/1307 
f 1307/1307 1308/1308 2489/2489 
f 1307/1307 2489/2489 2488/2488 
f 1298/1298 1307/1307 2488/2488 
f 1307/1307 1304/1304 1308/1308 
f 1292/1292 1308/1308 1304/1304 
f 2490/2490 1306/1306 2489/2489 
f 1308/1308 2490/2490 2489/2489 
f 2491/2491 1306/1306 2490/2490 
f 1295/1295 1308/1308 1292/1292 
f 1295/1295 1309/1309 1308/1308 
f 2490/2490 2492/2492 2491/2491 
f 1308/1308 1309/1309 2490/2490 
f 2492/2492 2490/2490 1309/1309 
f 2483/2483 2492/2492 1309/1309 
f 2483/2483 1309/1309 1295/1295 
f 2483/2483 409/409 2492/2492 
f 1296/1296 409/409 2483/2483 
f 1260/1260 409/409 1296/1296 
f 2493/2493 1321/1321 1297/1297 
f 410/410 1321/1321 2493/2493 
f 1314/1314 1300/1300 1301/1301 
f 1314/1314 2493/2493 1300/1300 
f 2493/2493 1314/1314 410/410 
f 1313/1313 410/410 1314/1314 
f 412/412 410/410 1313/1313 
f 412/412 1310/1310 410/410 
f 1306/1306 1311/1311 1301/1301 
f 1311/1311 1306/1306 2491/2491 
f 1312/1312 1311/1311 2491/2491 
f 2494/2494 2492/2492 409/409 
f 2494/2494 2491/2491 2492/2492 
f 1260/1260 2494/2494 409/409 
f 2491/2491 2494/2494 1312/1312 
f 1263/1263 1312/1312 2494/2494 
f 1315/1315 411/411 1312/1312 
f 1263/1263 1315/1315 1312/1312 
f 1311/1311 411/411 1314/1314 
f 1301/1301 1311/1311 1314/1314 
f 1312/1312 411/411 1311/1311 
f 411/411 1316/1316 1313/1313 
f 1314/1314 411/411 1313/1313 
f 1317/1317 1316/1316 411/411 
f 411/411 1315/1315 1317/1317 
f 1316/1316 412/412 1313/1313 
f 1316/1316 2495/2495 412/412 
f 1318/1318 2495/2495 1316/1316 
f 2460/2460 1317/1317 1315/1315 
f 2460/2460 1269/1269 1317/1317 
f 1317/1317 1318/1318 1316/1316 
f 1269/1269 1318/1318 1317/1317 
f 1855/1855 1318/1318 1269/1269 
f 1081/1081 1062/1062 1230/1230 
f 1081/1081 1230/1230 2496/2496 
f 1319/1319 2496/2496 1270/1270 
f 1319/1319 1081/1081 2496/2496 
f 2198/2198 1081/1081 1319/1319 
f 2497/2497 2198/2198 1319/1319 
f 2465/2465 2497/2497 1270/1270 
f 1270/1270 2497/2497 1319/1319 
f 2497/2497 2199/2199 2198/2198 
f 2498/2498 2199/2199 2497/2497 
f 1320/1320 2497/2497 2473/2473 
f 413/413 2474/2474 2475/2475 
f 1327/1327 2475/2475 1297/1297 
f 2475/2475 1327/1327 413/413 
f 413/413 2473/2473 2474/2474 
f 413/413 1320/1320 2473/2473 
f 1327/1327 1320/1320 413/413 
f 2497/2497 2222/2222 2498/2498 
f 2473/2473 2465/2465 1277/1277 
f 2473/2473 2497/2497 2465/2465 
f 1320/1320 414/414 2222/2222 
f 1320/1320 2222/2222 2497/2497 
f 1093/1093 2222/2222 414/414 
f 416/416 2215/2215 1093/1093 
f 1327/1327 1297/1297 1321/1321 
f 1321/1321 1322/1322 1327/1327 
f 1322/1322 1323/1323 1327/1327 
f 1310/1310 2499/2499 410/410 
f 2499/2499 1323/1323 1322/1322 
f 2499/2499 1322/1322 1321/1321 
f 410/410 2499/2499 1321/1321 
f 415/415 1323/1323 2499/2499 
f 1310/1310 415/415 2499/2499 
f 2495/2495 1310/1310 412/412 
f 2495/2495 1318/1318 1855/1855 
f 1324/1324 2495/2495 1855/1855 
f 1324/1324 2500/2500 2495/2495 
f 1310/1310 119/119 415/415 
f 1310/1310 2500/2500 119/119 
f 2495/2495 2500/2500 1310/1310 
f 1852/1852 415/415 119/119 
f 1325/1325 415/415 1852/1852 
f 1852/1852 119/119 2500/2500 
f 1852/1852 76/76 1325/1325 
f 417/417 1325/1325 76/76 
f 1327/1327 1326/1326 1320/1320 
f 1320/1320 1326/1326 414/414 
f 1326/1326 1328/1328 414/414 
f 1323/1323 1328/1328 1326/1326 
f 1323/1323 1326/1326 1327/1327 
f 415/415 1328/1328 1323/1323 
f 1329/1329 418/418 1093/1093 
f 414/414 1328/1328 1093/1093 
f 1328/1328 1329/1329 1093/1093 
f 2501/2501 1329/1329 1328/1328 
f 415/415 2501/2501 1328/1328 
f 415/415 1325/1325 2501/2501 
f 2501/2501 417/417 1329/1329 
f 1325/1325 417/417 2501/2501 
f 416/416 1093/1093 418/418 
f 418/418 2502/2502 416/416 
f 2502/2502 2234/2234 416/416 
f 1330/1330 418/418 1329/1329 
f 417/417 1330/1330 1329/1329 
f 1847/1847 1330/1330 417/417 
f 1330/1330 120/120 2502/2502 
f 418/418 1330/1330 2502/2502 
